Texture totwc_dl_TOTWC_tower_brick_i8[] = {
	0xff, 0x7b, 0x9c, 0xac, 0x62, 0xcd, 0xb4, 0xac, 
	0x83, 0x5a, 0x83, 0xac, 0x9c, 0xb4, 0xc5, 0xc5, 
	0xc5, 0xbd, 0xac, 0x7b, 0x5a, 0x94, 0xb4, 0x7b, 
	0xac, 0xcd, 0xcd, 0x5a, 0x94, 0x6a, 0x94, 0xc5, 
	0xf6, 0xe6, 0xf6, 0xc5, 0x9c, 0xe6, 0xf6, 0xff, 
	0xee, 0xc5, 0xe6, 0xe6, 0xe6, 0xe6, 0xde, 0xe6, 
	0xe6, 0xe6, 0xe6, 0xee, 0xe6, 0x83, 0xd5, 0xc5, 
	0xee, 0xe6, 0xd5, 0xc5, 0x6a, 0xb4, 0xd5, 0xf6, 
	0xde, 0xcd, 0xee, 0xa4, 0x7b, 0xf6, 0xee, 0xf6, 
	0xff, 0xc5, 0xff, 0xff, 0xee, 0xee, 0xd5, 0xee, 
	0xe6, 0xe6, 0xe6, 0xe6, 0x9c, 0x4a, 0xac, 0xcd, 
	0xff, 0xf6, 0xde, 0xcd, 0x6a, 0xc5, 0xde, 0xff, 
	0xc5, 0xc5, 0xcd, 0x94, 0x8b, 0xf6, 0xee, 0xf6, 
	0xf6, 0xb4, 0xee, 0xff, 0xff, 0xff, 0xff, 0xe6, 
	0xe6, 0xe6, 0xee, 0xee, 0xd5, 0x62, 0xbd, 0xee, 
	0xe6, 0xbd, 0xd5, 0xb4, 0xac, 0xcd, 0xf6, 0xff, 
	0xa4, 0xbd, 0xac, 0xac, 0x83, 0xde, 0xee, 0xf6, 
	0xf6, 0xb4, 0xb4, 0xf6, 0xde, 0xff, 0xff, 0xff, 
	0xf6, 0xf6, 0xf6, 0xe6, 0x8b, 0x8b, 0xcd, 0xf6, 
	0xf6, 0xe6, 0xd5, 0xac, 0x9c, 0xde, 0xd5, 0xcd, 
	0xb4, 0xa4, 0x94, 0x83, 0x7b, 0xde, 0xde, 0xee, 
	0xee, 0xb4, 0xcd, 0xe6, 0xd5, 0xe6, 0xf6, 0xff, 
	0xf6, 0xf6, 0xf6, 0xcd, 0x9c, 0x83, 0xbd, 0xc5, 
	0xd5, 0xd5, 0xde, 0xc5, 0xa4, 0xf6, 0xbd, 0xcd, 
	0xa4, 0x8b, 0x94, 0x83, 0x62, 0xb4, 0xcd, 0xac, 
	0xd5, 0xac, 0xbd, 0xc5, 0xc5, 0xde, 0xb4, 0xc5, 
	0xcd, 0xac, 0xb4, 0xcd, 0x6a, 0x5a, 0x7b, 0xbd, 
	0xb4, 0xc5, 0xe6, 0x6a, 0x83, 0xcd, 0xc5, 0x8b, 
	0x6a, 0x5a, 0x6a, 0x52, 0x6a, 0x7b, 0xb4, 0xac, 
	0xa4, 0x8b, 0x83, 0xac, 0xbd, 0xcd, 0xcd, 0xd5, 
	0xac, 0xa4, 0x94, 0x8b, 0x83, 0x7b, 0x5a, 0x6a, 
	0x7b, 0x94, 0xa4, 0x4a, 0x7b, 0x8b, 0x94, 0x8b, 
	0xbd, 0xbd, 0xbd, 0x83, 0x9c, 0x6a, 0x83, 0x83, 
	0x73, 0x4a, 0x5a, 0x6a, 0x5a, 0x6a, 0x73, 0x8b, 
	0x9c, 0xac, 0x8b, 0x7b, 0x83, 0x6a, 0x83, 0x73, 
	0x8b, 0x5a, 0x5a, 0x5a, 0x62, 0x5a, 0x73, 0x83, 
	0xd5, 0xbd, 0xb4, 0xf6, 0x62, 0xcd, 0x94, 0x94, 
	0xcd, 0xcd, 0xf6, 0xff, 0xff, 0xcd, 0xe6, 0xf6, 
	0xf6, 0x5a, 0x94, 0xd5, 0xd5, 0xd5, 0xd5, 0xd5, 
	0xd5, 0x7b, 0x5a, 0x94, 0x73, 0xde, 0xe6, 0xe6, 
	0xe6, 0xf6, 0xde, 0xa4, 0x62, 0xac, 0xd5, 0xf6, 
	0xee, 0xee, 0xd5, 0xd5, 0xd5, 0xd5, 0xd5, 0xb4, 
	0xa4, 0xcd, 0xf6, 0xee, 0xee, 0xee, 0xee, 0xee, 
	0xee, 0xc5, 0xac, 0x9c, 0x7b, 0xf6, 0xff, 0xf6, 
	0xf6, 0xe6, 0xd5, 0xde, 0x7b, 0xe6, 0xf6, 0xf6, 
	0xf6, 0xf6, 0xff, 0xee, 0xee, 0xf6, 0xee, 0xee, 
	0xb4, 0xc5, 0xee, 0xe6, 0xee, 0xf6, 0xe6, 0xde, 
	0xde, 0xde, 0xd5, 0xcd, 0x94, 0xff, 0xf6, 0xf6, 
	0xf6, 0xde, 0xcd, 0xac, 0x83, 0xee, 0xee, 0xee, 
	0xee, 0xee, 0xee, 0xee, 0xee, 0xf6, 0xee, 0xee, 
	0x8b, 0xc5, 0xee, 0xee, 0xee, 0xf6, 0xee, 0xe6, 
	0xee, 0xde, 0xde, 0xd5, 0x94, 0xc5, 0xc5, 0xcd, 
	0xac, 0xcd, 0xc5, 0x94, 0x83, 0xbd, 0xc5, 0xc5, 
	0xee, 0xee, 0xf6, 0xf6, 0xf6, 0xf6, 0xf6, 0xff, 
	0x73, 0xac, 0xc5, 0xee, 0xee, 0xe6, 0xf6, 0xee, 
	0xee, 0xe6, 0xde, 0xd5, 0x94, 0xbd, 0xac, 0xc5, 
	0xa4, 0x9c, 0x94, 0x73, 0x5a, 0xac, 0xc5, 0xee, 
	0xc5, 0xc5, 0xbd, 0xe6, 0xee, 0xd5, 0xbd, 0xac, 
	0x73, 0xa4, 0xde, 0xc5, 0xe6, 0xf6, 0xe6, 0xee, 
	0xee, 0xc5, 0xc5, 0xbd, 0x94, 0xc5, 0xb4, 0xac, 
	0x83, 0x83, 0x7b, 0x7b, 0x62, 0x6a, 0xbd, 0xcd, 
	0xcd, 0xee, 0xde, 0xb4, 0xb4, 0xee, 0xee, 0xf6, 
	0x5a, 0x94, 0xcd, 0xde, 0xde, 0xde, 0xd5, 0xc5, 
	0xcd, 0xa4, 0xc5, 0xac, 0x94, 0x9c, 0xc5, 0xcd, 
	0x7b, 0x83, 0x83, 0x7b, 0x73, 0x62, 0x6a, 0x73, 
	0x94, 0xac, 0xcd, 0xbd, 0xbd, 0xbd, 0xcd, 0x8b, 
	0xa4, 0x5a, 0xd5, 0xcd, 0xcd, 0xbd, 0xbd, 0xc5, 
	0xbd, 0x9c, 0xcd, 0x52, 0x73, 0x83, 0x8b, 0xcd, 
	0xbd, 0xac, 0xd5, 0xc5, 0x8b, 0xac, 0xc5, 0xee, 
	0xa4, 0xac, 0xa4, 0x9c, 0x94, 0x8b, 0x83, 0x73, 
	0x41, 0x5a, 0x6a, 0x6a, 0x6a, 0xbd, 0xc5, 0xcd, 
	0xb4, 0xac, 0x83, 0x52, 0x5a, 0x6a, 0x6a, 0x6a, 
	0xee, 0xf6, 0xe6, 0xde, 0x9c, 0xde, 0xde, 0xd5, 
	0x9c, 0xb4, 0xe6, 0xee, 0xee, 0xe6, 0xe6, 0xe6, 
	0xbd, 0xa4, 0xc5, 0xc5, 0xbd, 0x6a, 0x6a, 0xa4, 
	0x9c, 0x73, 0x83, 0x41, 0x5a, 0xa4, 0xac, 0xe6, 
	0xe6, 0xe6, 0xe6, 0xf6, 0xac, 0xde, 0xf6, 0xf6, 
	0x73, 0xc5, 0xbd, 0xee, 0xee, 0xe6, 0xe6, 0xd5, 
	0xe6, 0xee, 0xee, 0xe6, 0xde, 0xe6, 0xb4, 0xe6, 
	0xf6, 0xee, 0xac, 0x62, 0x9c, 0xc5, 0xe6, 0xde, 
	0xe6, 0xd5, 0xd5, 0xff, 0x6a, 0xd5, 0xee, 0xcd, 
	0x7b, 0xf6, 0xbd, 0xff, 0xde, 0xde, 0xd5, 0xde, 
	0xee, 0xde, 0xe6, 0xde, 0xe6, 0xe6, 0x94, 0xee, 
	0xee, 0xee, 0xd5, 0xbd, 0xa4, 0xee, 0xff, 0xd5, 
	0xcd, 0xcd, 0xc5, 0xa4, 0x6a, 0xd5, 0xa4, 0xa4, 
	0x62, 0xf6, 0xc5, 0xde, 0xd5, 0xe6, 0xf6, 0xe6, 
	0xee, 0xf6, 0xe6, 0xf6, 0xde, 0xee, 0x62, 0xbd, 
	0xd5, 0xee, 0xde, 0xb4, 0x6a, 0xc5, 0xff, 0xb4, 
	0xb4, 0xac, 0xbd, 0x8b, 0x6a, 0xcd, 0xa4, 0xa4, 
	0xac, 0xcd, 0xcd, 0xb4, 0xde, 0xe6, 0xcd, 0xd5, 
	0xee, 0xde, 0xff, 0xf6, 0xee, 0xe6, 0x7b, 0xe6, 
	0xe6, 0xd5, 0xcd, 0xb4, 0x6a, 0xc5, 0xb4, 0xbd, 
	0x73, 0x62, 0x62, 0x6a, 0x6a, 0xcd, 0xcd, 0x9c, 
	0x62, 0xbd, 0xf6, 0xac, 0xac, 0xb4, 0xac, 0xcd, 
	0xd5, 0xac, 0xd5, 0xcd, 0xcd, 0xac, 0x5a, 0xac, 
	0xcd, 0xcd, 0xb4, 0xac, 0x83, 0x6a, 0x73, 0x7b, 
	0x8b, 0x8b, 0x83, 0x6a, 0x8b, 0x6a, 0x94, 0x6a, 
	0x83, 0x73, 0x52, 0x83, 0x6a, 0x6a, 0xac, 0x6a, 
	0x6a, 0x6a, 0x83, 0x83, 0x73, 0x83, 0x6a, 0x5a, 
	0x7b, 0x8b, 0x94, 0x8b, 0x5a, 0x94, 0x73, 0x73, 
	0xcd, 0xa4, 0xb4, 0xb4, 0x6a, 0x9c, 0xcd, 0xe6, 
	0xe6, 0xee, 0xee, 0xe6, 0xde, 0x94, 0x6a, 0xa4, 
	0xa4, 0x9c, 0x94, 0xa4, 0xff, 0xee, 0xee, 0xee, 
	0xee, 0xf6, 0x8b, 0x8b, 0x5a, 0xbd, 0xff, 0xf6, 
	0xee, 0xd5, 0xcd, 0xc5, 0xa4, 0xc5, 0xe6, 0xe6, 
	0xe6, 0xee, 0xee, 0xee, 0xde, 0xcd, 0x9c, 0xc5, 
	0xe6, 0xe6, 0xc5, 0xe6, 0xf6, 0xff, 0xde, 0xe6, 
	0xee, 0xee, 0xc5, 0x83, 0x7b, 0xee, 0xd5, 0xe6, 
	0xde, 0xde, 0xde, 0xd5, 0xac, 0xee, 0xf6, 0xee, 
	0xde, 0xe6, 0xf6, 0xee, 0xe6, 0xb4, 0x7b, 0xc5, 
	0xee, 0xee, 0xc5, 0xde, 0xde, 0xf6, 0xff, 0xff, 
	0xde, 0xe6, 0xee, 0xbd, 0xb4, 0xee, 0xd5, 0xd5, 
	0xcd, 0xde, 0xf6, 0xcd, 0xa4, 0xd5, 0xd5, 0xd5, 
	0xde, 0xde, 0xd5, 0xcd, 0xcd, 0xcd, 0x6a, 0xb4, 
	0xe6, 0xe6, 0xcd, 0xf6, 0xf6, 0xf6, 0xf6, 0xee, 
	0xe6, 0xee, 0xee, 0xcd, 0xcd, 0xf6, 0xcd, 0xc5, 
	0xac, 0xb4, 0xde, 0xac, 0x7b, 0xb4, 0xac, 0xbd, 
	0xbd, 0xbd, 0xbd, 0xb4, 0xb4, 0xbd, 0x62, 0xbd, 
	0xc5, 0xbd, 0xbd, 0xac, 0xbd, 0xc5, 0xc5, 0xe6, 
	0xde, 0xe6, 0xe6, 0xc5, 0x94, 0xd5, 0xb4, 0xa4, 
	0x9c, 0x9c, 0xc5, 0x5a, 0x94, 0xb4, 0xa4, 0xac, 
	0xa4, 0xa4, 0xbd, 0xbd, 0xc5, 0xcd, 0x5a, 0x9c, 
	0xc5, 0xb4, 0xcd, 0xac, 0xc5, 0xbd, 0xc5, 0xc5, 
	0xc5, 0xc5, 0xde, 0x9c, 0x4a, 0xb4, 0x8b, 0x73, 
	0x73, 0x5a, 0x4a, 0x62, 0x7b, 0x73, 0x62, 0x73, 
	0x94, 0xa4, 0x83, 0x8b, 0x8b, 0x83, 0x62, 0x7b, 
	0x8b, 0x9c, 0x9c, 0xcd, 0xac, 0x8b, 0x7b, 0x94, 
	0x6a, 0x6a, 0x6a, 0x9c, 0x6a, 0x6a, 0x6a, 0x52, 
	
};

Texture totwc_dl_TOTWC_roof_rgba16_i8[] = {
	0xff, 0xff, 0xff, 0xff, 0xff, 0xff, 0xff, 0xff, 
	0xff, 0xff, 0xff, 0xff, 0xff, 0xff, 0xff, 0xff, 
	0xff, 0xff, 0xff, 0xff, 0xff, 0xff, 0xff, 0xff, 
	0xff, 0xff, 0xff, 0xff, 0xff, 0xff, 0xff, 0xff, 
	0xff, 0xff, 0xff, 0xff, 0xff, 0xff, 0xe6, 0xe6, 
	0xe6, 0xe6, 0xe6, 0xe6, 0xee, 0xee, 0xee, 0xe6, 
	0xe6, 0xe6, 0xe6, 0xe6, 0xe6, 0xe6, 0xe6, 0xe6, 
	0xee, 0xee, 0xee, 0xee, 0xee, 0xee, 0xf6, 0xff, 
	0xc5, 0xb4, 0x9c, 0x94, 0x94, 0x94, 0xa4, 0xa4, 
	0xb4, 0xb4, 0xb4, 0xb4, 0xb4, 0xb4, 0xb4, 0xb4, 
	0xb4, 0xac, 0xb4, 0xb4, 0xb4, 0xbd, 0xb4, 0xbd, 
	0xbd, 0xbd, 0xc5, 0xc5, 0xc5, 0xb4, 0xb4, 0xbd, 
	0x52, 0x4a, 0x4a, 0x4a, 0x4a, 0x4a, 0x4a, 0x4a, 
	0x4a, 0x4a, 0x4a, 0x5a, 0x62, 0x62, 0x5a, 0x5a, 
	0x5a, 0x5a, 0x5a, 0x5a, 0x5a, 0x5a, 0x5a, 0x5a, 
	0x5a, 0x5a, 0x62, 0x62, 0x62, 0x5a, 0x5a, 0x52, 
	0x6a, 0x52, 0x52, 0x4a, 0x52, 0x4a, 0x52, 0x52, 
	0x52, 0x52, 0x52, 0x6a, 0x6a, 0x73, 0x6a, 0x73, 
	0x73, 0x73, 0x73, 0x73, 0x6a, 0x6a, 0x73, 0x73, 
	0x73, 0x7b, 0x73, 0x7b, 0x73, 0x73, 0x6a, 0x5a, 
	0x94, 0x6a, 0x62, 0x62, 0x62, 0x62, 0x6a, 0x6a, 
	0x6a, 0x6a, 0x5a, 0x7b, 0x7b, 0x8b, 0x8b, 0x8b, 
	0x8b, 0x8b, 0x94, 0x8b, 0x7b, 0x7b, 0x8b, 0x8b, 
	0x8b, 0x94, 0x8b, 0x94, 0x8b, 0x8b, 0x8b, 0x73, 
	0xb4, 0x83, 0x7b, 0x7b, 0x7b, 0x7b, 0x83, 0x83, 
	0x83, 0x83, 0x73, 0x8b, 0x8b, 0xa4, 0xac, 0xac, 
	0xac, 0xac, 0xac, 0xa4, 0x8b, 0x8b, 0x9c, 0xa4, 
	0xa4, 0xa4, 0x9c, 0xa4, 0xa4, 0xa4, 0xac, 0x94, 
	0xb4, 0x9c, 0x94, 0x94, 0x94, 0x94, 0x9c, 0x9c, 
	0x9c, 0x94, 0x94, 0x9c, 0x9c, 0xac, 0xbd, 0xbd, 
	0xbd, 0xc5, 0xbd, 0xb4, 0x9c, 0x9c, 0xb4, 0xbd, 
	0xac, 0xb4, 0xac, 0xb4, 0xbd, 0xb4, 0xac, 0xbd, 
	0xc5, 0xb4, 0xac, 0xac, 0xac, 0xac, 0xac, 0xac, 
	0xac, 0xa4, 0xb4, 0xb4, 0xac, 0xbd, 0xcd, 0xcd, 
	0xd5, 0xd5, 0xcd, 0xc5, 0xac, 0xac, 0xc5, 0xcd, 
	0xbd, 0xc5, 0xbd, 0xbd, 0xcd, 0xc5, 0xbd, 0xc5, 
	0xcd, 0xc5, 0xb4, 0xbd, 0xbd, 0xbd, 0xbd, 0xbd, 
	0xc5, 0xbd, 0xbd, 0xbd, 0xbd, 0xcd, 0xd5, 0xde, 
	0xde, 0xde, 0xd5, 0xcd, 0xbd, 0xbd, 0xde, 0xde, 
	0xcd, 0xcd, 0xcd, 0xcd, 0xd5, 0xcd, 0xc5, 0xcd, 
	0xd5, 0xcd, 0xc5, 0xc5, 0xc5, 0xcd, 0xcd, 0xcd, 
	0xcd, 0xcd, 0xd5, 0xd5, 0xd5, 0xde, 0xe6, 0xee, 
	0xee, 0xe6, 0xde, 0xde, 0xd5, 0xd5, 0xee, 0xf6, 
	0xe6, 0xe6, 0xde, 0xde, 0xe6, 0xd5, 0xcd, 0xd5, 
	0xde, 0xd5, 0xd5, 0xd5, 0xd5, 0xde, 0xe6, 0xe6, 
	0xe6, 0xe6, 0xe6, 0xe6, 0xe6, 0xee, 0xf6, 0xf6, 
	0xf6, 0xee, 0xde, 0xde, 0xe6, 0xe6, 0xf6, 0xf6, 
	0xee, 0xee, 0xe6, 0xe6, 0xde, 0xde, 0xd5, 0xde, 
	0xde, 0xde, 0xde, 0xe6, 0xe6, 0xee, 0xee, 0xf6, 
	0xf6, 0xf6, 0xee, 0xee, 0xee, 0xf6, 0xe6, 0xee, 
	0xee, 0xe6, 0xde, 0xde, 0xe6, 0xe6, 0xee, 0xee, 
	0xee, 0xee, 0xee, 0xe6, 0xde, 0xde, 0xde, 0xde, 
	0xe6, 0xe6, 0xee, 0xee, 0xee, 0xf6, 0xf6, 0xff, 
	0xff, 0xf6, 0xff, 0xff, 0xf6, 0xff, 0xf6, 0xde, 
	0xde, 0xde, 0xde, 0xde, 0xe6, 0xee, 0xf6, 0xee, 
	0xee, 0xee, 0xe6, 0xde, 0xd5, 0xd5, 0xd5, 0xd5, 
	0xe6, 0xf6, 0xff, 0xf6, 0xf6, 0xf6, 0xf6, 0xf6, 
	0xf6, 0xf6, 0xff, 0xff, 0xff, 0xff, 0xf6, 0xde, 
	0xde, 0xde, 0xde, 0xe6, 0xf6, 0xf6, 0xf6, 0xf6, 
	0xf6, 0xf6, 0xee, 0xee, 0xe6, 0xe6, 0xe6, 0xe6, 
	0xe6, 0xe6, 0xee, 0xee, 0xee, 0xee, 0xee, 0xee, 
	0xf6, 0xee, 0xee, 0xee, 0xee, 0xee, 0xee, 0xee, 
	0xee, 0xee, 0xe6, 0xe6, 0xee, 0xee, 0xf6, 0xf6, 
	0xee, 0xee, 0xe6, 0xe6, 0xe6, 0xe6, 0xde, 0xe6, 
	0xee, 0xee, 0xee, 0xee, 0xee, 0xee, 0xe6, 0xe6, 
	0xee, 0xee, 0xee, 0xee, 0xf6, 0xff, 0xff, 0xff, 
	0xf6, 0xf6, 0xee, 0xee, 0xee, 0xf6, 0xff, 0xff, 
	0xff, 0xff, 0xff, 0xff, 0xff, 0xff, 0xff, 0xff, 
	0xf6, 0xf6, 0xee, 0xee, 0xee, 0xee, 0xee, 0xde, 
	0xde, 0xe6, 0xe6, 0xe6, 0xe6, 0xee, 0xee, 0xe6, 
	0xde, 0xde, 0xde, 0xde, 0xde, 0xe6, 0xff, 0xde, 
	0xde, 0xee, 0xee, 0xff, 0xff, 0xff, 0xff, 0xff, 
	0xbd, 0xbd, 0xac, 0xa4, 0xa4, 0xa4, 0x9c, 0xac, 
	0xac, 0xb4, 0xb4, 0xb4, 0xb4, 0xac, 0xac, 0xac, 
	0xb4, 0xb4, 0xb4, 0xb4, 0xb4, 0xac, 0xac, 0xac, 
	0xac, 0xac, 0xac, 0xa4, 0xa4, 0xa4, 0xac, 0xb4, 
	0x6a, 0x5a, 0x52, 0x52, 0x5a, 0x5a, 0x5a, 0x5a, 
	0x52, 0x5a, 0x5a, 0x5a, 0x5a, 0x52, 0x52, 0x5a, 
	0x5a, 0x5a, 0x5a, 0x5a, 0x5a, 0x52, 0x52, 0x5a, 
	0x5a, 0x5a, 0x62, 0x5a, 0x5a, 0x5a, 0x5a, 0x62, 
	0x8b, 0x7b, 0x6a, 0x6a, 0x73, 0x73, 0x73, 0x73, 
	0x6a, 0x6a, 0x62, 0x62, 0x73, 0x6a, 0x6a, 0x73, 
	0x73, 0x73, 0x73, 0x73, 0x62, 0x62, 0x6a, 0x73, 
	0x73, 0x73, 0x7b, 0x73, 0x73, 0x73, 0x7b, 0x83, 
	0xa4, 0x94, 0x8b, 0x83, 0x8b, 0x8b, 0x8b, 0x8b, 
	0x83, 0x83, 0x73, 0x73, 0x8b, 0x83, 0x83, 0x94, 
	0x94, 0x94, 0x8b, 0x8b, 0x73, 0x73, 0x8b, 0x8b, 
	0x94, 0x94, 0x9c, 0x94, 0x94, 0x94, 0x94, 0x9c, 
	0xb4, 0xa4, 0x9c, 0x9c, 0xa4, 0xa4, 0xa4, 0x9c, 
	0x9c, 0x9c, 0x83, 0x83, 0xa4, 0x9c, 0x9c, 0xac, 
	0xac, 0xac, 0xa4, 0x9c, 0x8b, 0x83, 0x9c, 0xa4, 
	0xa4, 0xac, 0xac, 0xac, 0xb4, 0xac, 0xac, 0xac, 
	0xbd, 0xb4, 0xac, 0xac, 0xb4, 0xb4, 0xb4, 0xac, 
	0xac, 0xac, 0x9c, 0x9c, 0xb4, 0xb4, 0xac, 0xbd, 
	0xbd, 0xbd, 0xac, 0xac, 0x9c, 0x9c, 0xb4, 0xb4, 
	0xb4, 0xbd, 0xbd, 0xc5, 0xc5, 0xbd, 0xbd, 0xbd, 
	0xc5, 0xbd, 0xbd, 0xbd, 0xbd, 0xbd, 0xbd, 0xbd, 
	0xbd, 0xbd, 0xac, 0xac, 0xbd, 0xbd, 0xbd, 0xc5, 
	0xc5, 0xc5, 0xbd, 0xbd, 0xa4, 0xac, 0xc5, 0xbd, 
	0xc5, 0xc5, 0xcd, 0xcd, 0xcd, 0xcd, 0xc5, 0xbd, 
	0xcd, 0xcd, 0xc5, 0xc5, 0xcd, 0xcd, 0xcd, 0xc5, 
	0xc5, 0xbd, 0xb4, 0xbd, 0xbd, 0xc5, 0xbd, 0xcd, 
	0xc5, 0xcd, 0xc5, 0xc5, 0xb4, 0xbd, 0xcd, 0xc5, 
	0xcd, 0xcd, 0xcd, 0xd5, 0xd5, 0xd5, 0xcd, 0xc5, 
	0xd5, 0xd5, 0xcd, 0xcd, 0xd5, 0xd5, 0xd5, 0xd5, 
	0xc5, 0xc5, 0xcd, 0xcd, 0xc5, 0xcd, 0xcd, 0xcd, 
	0xcd, 0xde, 0xd5, 0xd5, 0xc5, 0xc5, 0xd5, 0xcd, 
	0xd5, 0xd5, 0xd5, 0xd5, 0xd5, 0xd5, 0xd5, 0xcd, 
	0xde, 0xde, 0xde, 0xde, 0xde, 0xde, 0xd5, 0xde, 
	0xcd, 0xc5, 0xde, 0xcd, 0xcd, 0xcd, 0xd5, 0xd5, 
	0xd5, 0xe6, 0xe6, 0xee, 0xcd, 0xd5, 0xd5, 0xd5, 
	0xde, 0xde, 0xde, 0xde, 0xd5, 0xde, 0xd5, 0xd5, 
	0xee, 0xee, 0xee, 0xee, 0xee, 0xee, 0xe6, 0xee, 
	0xe6, 0xde, 0xee, 0xde, 0xde, 0xe6, 0xe6, 0xe6, 
	0xe6, 0xee, 0xee, 0xf6, 0xde, 0xde, 0xde, 0xde, 
	0xe6, 0xe6, 0xe6, 0xde, 0xde, 0xde, 0xde, 0xde, 
	0xf6, 0xf6, 0xf6, 0xf6, 0xf6, 0xf6, 0xf6, 0xf6, 
	0xee, 0xee, 0xf6, 0xe6, 0xee, 0xf6, 0xf6, 0xf6, 
	0xf6, 0xf6, 0xff, 0xff, 0xf6, 0xee, 0xee, 0xee, 
	0xee, 0xee, 0xee, 0xe6, 0xe6, 0xe6, 0xee, 0xee, 
	0xff, 0xff, 0xff, 0xff, 0xff, 0xff, 0xff, 0xff, 
	0xff, 0xff, 0xff, 0xff, 0xff, 0xff, 0xff, 0xff, 
	0xff, 0xff, 0xff, 0xff, 0xff, 0xff, 0xff, 0xff, 
	0xff, 0xff, 0xff, 0xff, 0xff, 0xff, 0xff, 0xff, 
	0xff, 0xff, 0xff, 0xff, 0xff, 0xff, 0xff, 0xff, 
	0xff, 0xff, 0xff, 0xff, 0xff, 0xff, 0xff, 0xff, 
	0xff, 0xff, 0xff, 0xff, 0xff, 0xff, 0xff, 0xff, 
	0xff, 0xff, 0xff, 0xff, 0xff, 0xff, 0xff, 0xff, 
	
};

Texture totwc_dl_RR_brick_wall_ci8[] = {
	0x00, 0x01, 0x02, 0x02, 0x01, 0x01, 0x02, 0x02, 
	0x02, 0x02, 0x02, 0x01, 0x03, 0x04, 0x05, 0x06, 
	0x04, 0x07, 0x08, 0x03, 0x09, 0x0a, 0x0b, 0x0c, 
	0x0d, 0x0e, 0x0f, 0x10, 0x0e, 0x11, 0x05, 0x12, 
	0x13, 0x14, 0x14, 0x15, 0x16, 0x17, 0x17, 0x17, 
	0x16, 0x16, 0x17, 0x14, 0x18, 0x19, 0x1a, 0x1b, 
	0x1c, 0x1d, 0x1e, 0x1f, 0x20, 0x20, 0x20, 0x21, 
	0x1e, 0x1f, 0x20, 0x19, 0x19, 0x19, 0x22, 0x1b, 
	0x23, 0x24, 0x25, 0x17, 0x26, 0x27, 0x05, 0x25, 
	0x26, 0x26, 0x26, 0x28, 0x27, 0x29, 0x2a, 0x1b, 
	0x2b, 0x27, 0x25, 0x2c, 0x28, 0x2c, 0x21, 0x2d, 
	0x2e, 0x21, 0x28, 0x27, 0x2d, 0x2f, 0x05, 0x30, 
	0x31, 0x20, 0x16, 0x24, 0x05, 0x2d, 0x28, 0x22, 
	0x26, 0x32, 0x05, 0x2d, 0x28, 0x33, 0x34, 0x1b, 
	0x35, 0x2d, 0x21, 0x2e, 0x05, 0x22, 0x14, 0x05, 
	0x2c, 0x26, 0x21, 0x1f, 0x29, 0x18, 0x36, 0x37, 
	0x38, 0x14, 0x14, 0x28, 0x18, 0x2e, 0x39, 0x34, 
	0x26, 0x26, 0x2e, 0x26, 0x1f, 0x19, 0x2d, 0x1b, 
	0x3a, 0x1e, 0x16, 0x14, 0x26, 0x39, 0x32, 0x05, 
	0x2e, 0x2d, 0x2d, 0x21, 0x25, 0x29, 0x26, 0x1b, 
	0x13, 0x20, 0x1e, 0x1f, 0x21, 0x28, 0x2e, 0x05, 
	0x3b, 0x32, 0x32, 0x05, 0x2e, 0x20, 0x32, 0x1b, 
	0x3c, 0x29, 0x17, 0x25, 0x26, 0x32, 0x05, 0x05, 
	0x36, 0x28, 0x3d, 0x26, 0x16, 0x20, 0x34, 0x3e, 
	0x31, 0x3f, 0x3f, 0x12, 0x40, 0x41, 0x42, 0x41, 
	0x31, 0x23, 0x31, 0x23, 0x43, 0x31, 0x40, 0x1b, 
	0x44, 0x40, 0x45, 0x45, 0x40, 0x3a, 0x46, 0x42, 
	0x1c, 0x12, 0x47, 0x37, 0x48, 0x48, 0x45, 0x49, 
	0x47, 0x12, 0x1b, 0x1b, 0x1b, 0x1b, 0x1b, 0x1b, 
	0x1b, 0x1b, 0x45, 0x1b, 0x1b, 0x1b, 0x3e, 0x37, 
	0x1b, 0x1b, 0x1b, 0x1b, 0x1b, 0x1b, 0x1b, 0x37, 
	0x1b, 0x4a, 0x4a, 0x4a, 0x1b, 0x3e, 0x4a, 0x1b, 
	0x10, 0x10, 0x4b, 0x4c, 0x4c, 0x10, 0x32, 0x4d, 
	0x0d, 0x4e, 0x01, 0x0e, 0x0e, 0x02, 0x03, 0x4f, 
	0x0b, 0x4c, 0x03, 0x4c, 0x0b, 0x50, 0x51, 0x1b, 
	0x0b, 0x50, 0x3b, 0x0b, 0x10, 0x0b, 0x00, 0x52, 
	0x53, 0x28, 0x14, 0x2e, 0x2e, 0x27, 0x0a, 0x06, 
	0x54, 0x2d, 0x16, 0x25, 0x2e, 0x27, 0x2d, 0x27, 
	0x36, 0x25, 0x24, 0x28, 0x36, 0x26, 0x05, 0x1b, 
	0x14, 0x2c, 0x2d, 0x2e, 0x24, 0x17, 0x25, 0x16, 
	0x25, 0x25, 0x28, 0x14, 0x36, 0x17, 0x0a, 0x06, 
	0x13, 0x1e, 0x28, 0x05, 0x26, 0x21, 0x2e, 0x14, 
	0x2e, 0x24, 0x17, 0x05, 0x2d, 0x28, 0x05, 0x47, 
	0x1e, 0x28, 0x24, 0x05, 0x28, 0x17, 0x26, 0x2e, 
	0x25, 0x2d, 0x25, 0x05, 0x28, 0x2e, 0x2e, 0x37, 
	0x40, 0x2e, 0x28, 0x26, 0x2c, 0x25, 0x2e, 0x26, 
	0x24, 0x2c, 0x21, 0x14, 0x25, 0x27, 0x22, 0x06, 
	0x1e, 0x16, 0x25, 0x3b, 0x05, 0x28, 0x25, 0x26, 
	0x2e, 0x25, 0x21, 0x2d, 0x32, 0x2d, 0x2e, 0x30, 
	0x41, 0x17, 0x16, 0x16, 0x05, 0x22, 0x3b, 0x34, 
	0x34, 0x34, 0x34, 0x26, 0x27, 0x16, 0x26, 0x06, 
	0x55, 0x16, 0x28, 0x28, 0x28, 0x2e, 0x22, 0x2e, 
	0x2a, 0x3d, 0x24, 0x26, 0x14, 0x27, 0x25, 0x30, 
	0x23, 0x16, 0x28, 0x21, 0x2e, 0x3b, 0x32, 0x34, 
	0x34, 0x34, 0x26, 0x32, 0x26, 0x15, 0x32, 0x06, 
	0x13, 0x20, 0x53, 0x1f, 0x56, 0x26, 0x26, 0x36, 
	0x40, 0x48, 0x45, 0x40, 0x3a, 0x40, 0x37, 0x06, 
	0x3c, 0x31, 0x31, 0x40, 0x43, 0x43, 0x43, 0x31, 
	0x31, 0x31, 0x3f, 0x3f, 0x31, 0x38, 0x31, 0x30, 
	0x40, 0x46, 0x12, 0x12, 0x40, 0x44, 0x57, 0x44, 
	0x37, 0x37, 0x1b, 0x1b, 0x1b, 0x1b, 0x1b, 0x06, 
	0x1b, 0x1b, 0x37, 0x1b, 0x58, 0x58, 0x1b, 0x37, 
	0x1b, 0x58, 0x1b, 0x1b, 0x59, 0x59, 0x37, 0x1b, 
	0x1b, 0x3e, 0x3e, 0x37, 0x06, 0x49, 0x1b, 0x1b, 
	0x03, 0x04, 0x0b, 0x10, 0x5a, 0x07, 0x0e, 0x0d, 
	0x0d, 0x0d, 0x10, 0x52, 0x5b, 0x0b, 0x32, 0x5c, 
	0x02, 0x02, 0x02, 0x02, 0x07, 0x0e, 0x0f, 0x0f, 
	0x0c, 0x0d, 0x52, 0x02, 0x5a, 0x0b, 0x36, 0x1b, 
	0x3c, 0x2d, 0x17, 0x28, 0x28, 0x2c, 0x25, 0x26, 
	0x25, 0x26, 0x2c, 0x2e, 0x16, 0x16, 0x5d, 0x1b, 
	0x5e, 0x25, 0x17, 0x27, 0x28, 0x27, 0x2e, 0x22, 
	0x25, 0x25, 0x26, 0x25, 0x17, 0x14, 0x26, 0x1b, 
	0x46, 0x26, 0x2c, 0x14, 0x20, 0x16, 0x39, 0x05, 
	0x2d, 0x25, 0x28, 0x28, 0x14, 0x19, 0x34, 0x37, 
	0x13, 0x25, 0x2c, 0x20, 0x21, 0x24, 0x28, 0x2c, 
	0x2d, 0x39, 0x28, 0x26, 0x14, 0x28, 0x22, 0x1b, 
	0x1c, 0x26, 0x28, 0x24, 0x2e, 0x36, 0x05, 0x2c, 
	0x39, 0x25, 0x32, 0x2e, 0x17, 0x28, 0x34, 0x1b, 
	0x5e, 0x2e, 0x14, 0x21, 0x2e, 0x1f, 0x28, 0x5f, 
	0x2e, 0x2c, 0x25, 0x39, 0x05, 0x14, 0x32, 0x40, 
	0x60, 0x16, 0x36, 0x14, 0x17, 0x2c, 0x5f, 0x28, 
	0x25, 0x2d, 0x05, 0x05, 0x2e, 0x05, 0x05, 0x1b, 
	0x54, 0x21, 0x53, 0x27, 0x27, 0x05, 0x2e, 0x05, 
	0x0a, 0x0a, 0x2e, 0x24, 0x1f, 0x20, 0x36, 0x37, 
	0x1e, 0x1f, 0x1f, 0x25, 0x14, 0x28, 0x05, 0x5f, 
	0x26, 0x2c, 0x32, 0x22, 0x2e, 0x16, 0x2e, 0x1b, 
	0x61, 0x19, 0x61, 0x19, 0x24, 0x2c, 0x39, 0x36, 
	0x2e, 0x2e, 0x24, 0x28, 0x29, 0x29, 0x56, 0x62, 
	0x12, 0x63, 0x1c, 0x45, 0x64, 0x31, 0x31, 0x31, 
	0x54, 0x42, 0x54, 0x41, 0x54, 0x65, 0x3c, 0x1b, 
	0x66, 0x13, 0x13, 0x38, 0x38, 0x41, 0x23, 0x42, 
	0x40, 0x3f, 0x40, 0x45, 0x40, 0x40, 0x63, 0x30, 
	0x30, 0x30, 0x30, 0x30, 0x30, 0x30, 0x30, 0x37, 
	0x30, 0x30, 0x1b, 0x1b, 0x1b, 0x1b, 0x1b, 0x37, 
	0x1b, 0x1b, 0x1b, 0x1b, 0x1b, 0x1b, 0x1b, 0x37, 
	0x1b, 0x30, 0x30, 0x30, 0x30, 0x30, 0x37, 0x30, 
	0x10, 0x3b, 0x52, 0x0e, 0x04, 0x01, 0x34, 0x4a, 
	0x4e, 0x0b, 0x52, 0x04, 0x0e, 0x67, 0x0f, 0x68, 
	0x0f, 0x0f, 0x0f, 0x0f, 0x0f, 0x4e, 0x03, 0x1b, 
	0x11, 0x5a, 0x08, 0x69, 0x10, 0x0b, 0x5a, 0x69, 
	0x15, 0x14, 0x2c, 0x16, 0x17, 0x25, 0x34, 0x43, 
	0x33, 0x25, 0x27, 0x17, 0x16, 0x17, 0x2e, 0x25, 
	0x25, 0x26, 0x26, 0x26, 0x25, 0x25, 0x34, 0x3e, 
	0x1d, 0x28, 0x25, 0x2e, 0x25, 0x2c, 0x16, 0x20, 
	0x27, 0x05, 0x17, 0x28, 0x17, 0x16, 0x34, 0x1b, 
	0x41, 0x20, 0x28, 0x26, 0x22, 0x2c, 0x05, 0x28, 
	0x28, 0x25, 0x25, 0x17, 0x2e, 0x15, 0x3b, 0x4d, 
	0x41, 0x28, 0x25, 0x2e, 0x25, 0x25, 0x2d, 0x2e, 
	0x26, 0x32, 0x26, 0x2d, 0x16, 0x15, 0x22, 0x1b, 
	0x18, 0x17, 0x17, 0x25, 0x05, 0x2c, 0x32, 0x2e, 
	0x2e, 0x26, 0x17, 0x2e, 0x2d, 0x20, 0x3b, 0x1b, 
	0x42, 0x17, 0x17, 0x3b, 0x32, 0x25, 0x2e, 0x25, 
	0x3b, 0x32, 0x32, 0x2c, 0x21, 0x1e, 0x2e, 0x1b, 
	0x1d, 0x2d, 0x25, 0x17, 0x25, 0x2e, 0x36, 0x24, 
	0x05, 0x28, 0x24, 0x14, 0x1f, 0x1e, 0x26, 0x37, 
	0x54, 0x15, 0x2d, 0x2d, 0x25, 0x21, 0x34, 0x22, 
	0x32, 0x25, 0x2c, 0x2c, 0x14, 0x35, 0x6a, 0x1b, 
	0x6b, 0x16, 0x20, 0x26, 0x25, 0x2e, 0x05, 0x22, 
	0x2c, 0x36, 0x36, 0x14, 0x21, 0x29, 0x28, 0x6c, 
	0x66, 0x15, 0x15, 0x25, 0x28, 0x6d, 0x34, 0x24, 
	0x38, 0x23, 0x23, 0x31, 0x23, 0x41, 0x63, 0x1b, 
	0x54, 0x63, 0x31, 0x13, 0x38, 0x40, 0x31, 0x31, 
	0x38, 0x41, 0x63, 0x46, 0x65, 0x42, 0x41, 0x30, 
	0x6b, 0x46, 0x3c, 0x31, 0x38, 0x38, 0x40, 0x23, 
	0x1b, 0x1b, 0x37, 0x1b, 0x37, 0x1b, 0x1b, 0x37, 
	0x1b, 0x1b, 0x3e, 0x1b, 0x1b, 0x1b, 0x1b, 0x1b, 
	0x1b, 0x3e, 0x6e, 0x6f, 0x3e, 0x3e, 0x30, 0x37, 
	0x30, 0x1b, 0x1b, 0x1b, 0x1b, 0x3e, 0x1b, 0x3e, 
	
};

Texture totwc_dl_RR_brick_wall_pal_rgba16[] = {
	0xef, 0xbb, 0xf7, 0xbd, 0xff, 0xff, 0xce, 0x71, 
	0xe7, 0x79, 0xb5, 0xab, 0x3a, 0x0d, 0xdf, 0x37, 
	0xb5, 0xeb, 0xbe, 0x2d, 0xad, 0xa9, 0xd6, 0xb3, 
	0xde, 0xf7, 0xef, 0x7b, 0xe7, 0x37, 0xef, 0x79, 
	0xde, 0xf5, 0xce, 0x6f, 0x5b, 0x13, 0x6b, 0x5b, 
	0x9c, 0xe5, 0x9c, 0xe7, 0xa5, 0x29, 0xad, 0x6b, 
	0x7c, 0x1d, 0x94, 0xa5, 0x8c, 0x5f, 0x42, 0x4f, 
	0x63, 0x55, 0x84, 0x1f, 0x8c, 0x61, 0x8c, 0xa1, 
	0x94, 0xa3, 0x94, 0xe3, 0xb5, 0xed, 0x63, 0x59, 
	0x9d, 0x25, 0xb5, 0xad, 0xbd, 0xef, 0x9d, 0x27, 
	0xa5, 0x27, 0x84, 0x5f, 0x84, 0x5d, 0x73, 0x97, 
	0xad, 0xab, 0xa5, 0x69, 0xad, 0x69, 0x8c, 0xa3, 
	0x42, 0x4d, 0x63, 0x17, 0xc6, 0x31, 0x7c, 0x1b, 
	0xce, 0x73, 0x73, 0xd9, 0xa5, 0x67, 0x4a, 0x8f, 
	0x63, 0x19, 0xbd, 0xed, 0x63, 0x15, 0xc6, 0x2f, 
	0x73, 0x9d, 0x94, 0xe1, 0x4a, 0x4f, 0x5b, 0x17, 
	0x5b, 0x15, 0x6b, 0x59, 0x6b, 0x99, 0x5a, 0xd5, 
	0x6b, 0x97, 0x52, 0xd3, 0x6b, 0x57, 0x52, 0xd1, 
	0x5a, 0xd3, 0x3a, 0x0f, 0x42, 0x0f, 0xbd, 0xeb, 
	0xc6, 0x6f, 0x4a, 0x91, 0xf7, 0xbb, 0xc6, 0x2d, 
	0xce, 0xb3, 0xd6, 0xb5, 0xe7, 0x39, 0x94, 0xe5, 
	0x73, 0x9b, 0x7c, 0x1f, 0x94, 0xa1, 0x63, 0x13, 
	0x52, 0xcf, 0x52, 0x8f, 0xd6, 0xf3, 0xd6, 0xf5, 
	0x42, 0x11, 0xc6, 0x71, 0x84, 0x21, 0x9c, 0xe3, 
	0x7b, 0xdb, 0x8c, 0x63, 0x4a, 0x4d, 0x63, 0x57, 
	0x73, 0xdd, 0x73, 0xdb, 0x73, 0x99, 0xdf, 0x35, 
	0xe7, 0x35, 0xd6, 0xb1, 0xa5, 0x25, 0x7b, 0xdd, 
	0x52, 0x93, 0x8c, 0x9f, 0x52, 0x91, 0x4a, 0x8d, 
	
};

Texture totwc_dl__0_rgba16_ci8[] = {
	0x00, 0x00, 0x01, 0x01, 0x02, 0x01, 0x01, 0x01, 
	0x01, 0x01, 0x01, 0x01, 0x01, 0x01, 0x01, 0x01, 
	0x01, 0x01, 0x01, 0x01, 0x01, 0x01, 0x01, 0x01, 
	0x01, 0x01, 0x01, 0x02, 0x01, 0x01, 0x01, 0x01, 
	0x00, 0x00, 0x01, 0x03, 0x02, 0x01, 0x01, 0x01, 
	0x01, 0x01, 0x01, 0x00, 0x00, 0x00, 0x00, 0x00, 
	0x00, 0x01, 0x00, 0x00, 0x01, 0x01, 0x01, 0x01, 
	0x01, 0x01, 0x01, 0x02, 0x03, 0x01, 0x01, 0x00, 
	0x00, 0x00, 0x01, 0x03, 0x02, 0x01, 0x01, 0x01, 
	0x01, 0x00, 0x00, 0x00, 0x00, 0x00, 0x00, 0x00, 
	0x00, 0x00, 0x00, 0x00, 0x00, 0x00, 0x00, 0x01, 
	0x01, 0x01, 0x01, 0x02, 0x03, 0x01, 0x01, 0x00, 
	0x04, 0x00, 0x00, 0x03, 0x02, 0x01, 0x00, 0x00, 
	0x00, 0x00, 0x04, 0x05, 0x05, 0x05, 0x05, 0x06, 
	0x05, 0x05, 0x06, 0x05, 0x04, 0x00, 0x00, 0x00, 
	0x00, 0x00, 0x00, 0x02, 0x03, 0x01, 0x01, 0x00, 
	0x04, 0x04, 0x00, 0x03, 0x07, 0x00, 0x04, 0x04, 
	0x04, 0x05, 0x06, 0x08, 0x09, 0x0a, 0x0a, 0x0a, 
	0x0a, 0x09, 0x0a, 0x09, 0x08, 0x06, 0x05, 0x04, 
	0x04, 0x04, 0x04, 0x07, 0x03, 0x01, 0x00, 0x04, 
	0x05, 0x05, 0x04, 0x03, 0x0b, 0x04, 0x05, 0x06, 
	0x08, 0x0a, 0x0c, 0x0d, 0x0e, 0x0f, 0x0f, 0x0f, 
	0x10, 0x10, 0x11, 0x0e, 0x0d, 0x0a, 0x09, 0x08, 
	0x08, 0x08, 0x06, 0x07, 0x03, 0x00, 0x00, 0x04, 
	0x06, 0x06, 0x04, 0x01, 0x12, 0x06, 0x09, 0x0a, 
	0x0d, 0x0e, 0x13, 0x14, 0x15, 0x15, 0x0f, 0x0e, 
	0x16, 0x17, 0x18, 0x19, 0x13, 0x1a, 0x10, 0x0d, 
	0x0c, 0x0a, 0x09, 0x0b, 0x01, 0x00, 0x04, 0x05, 
	0x08, 0x08, 0x05, 0x00, 0x1b, 0x0a, 0x10, 0x0f, 
	0x14, 0x1c, 0x1d, 0x1e, 0x1f, 0x20, 0x21, 0x21, 
	0x21, 0x21, 0x22, 0x1f, 0x23, 0x19, 0x15, 0x14, 
	0x13, 0x0e, 0x0c, 0x24, 0x00, 0x04, 0x05, 0x06, 
	0x0a, 0x09, 0x08, 0x04, 0x25, 0x10, 0x14, 0x19, 
	0x1e, 0x26, 0x27, 0x28, 0x21, 0x29, 0x2a, 0x2b, 
	0x2c, 0x2b, 0x29, 0x21, 0x2d, 0x26, 0x26, 0x1e, 
	0x1c, 0x14, 0x0e, 0x03, 0x04, 0x06, 0x08, 0x09, 
	0x0d, 0x0c, 0x0a, 0x06, 0x01, 0x0f, 0x19, 0x2e, 
	0x2f, 0x30, 0x31, 0x21, 0x2c, 0x32, 0x33, 0x33, 
	0x33, 0x33, 0x32, 0x29, 0x34, 0x30, 0x30, 0x2f, 
	0x26, 0x35, 0x36, 0x01, 0x05, 0x09, 0x0a, 0x0c, 
	0x0e, 0x10, 0x0d, 0x37, 0x00, 0x36, 0x1e, 0x2f, 
	0x31, 0x30, 0x35, 0x29, 0x38, 0x33, 0x33, 0x33, 
	0x39, 0x33, 0x33, 0x38, 0x3a, 0x1e, 0x30, 0x28, 
	0x2f, 0x26, 0x19, 0x00, 0x08, 0x0c, 0x0d, 0x0e, 
	0x13, 0x13, 0x0f, 0x0a, 0x3b, 0x1c, 0x2d, 0x28, 
	0x30, 0x1e, 0x21, 0x29, 0x3c, 0x33, 0x3c, 0x33, 
	0x39, 0x3c, 0x33, 0x3d, 0x3a, 0x21, 0x1e, 0x30, 
	0x30, 0x31, 0x35, 0x04, 0x09, 0x10, 0x0f, 0x13, 
	0x15, 0x15, 0x14, 0x0c, 0x04, 0x2e, 0x28, 0x30, 
	0x30, 0x3e, 0x2a, 0x38, 0x33, 0x33, 0x3c, 0x33, 
	0x39, 0x3c, 0x3c, 0x33, 0x38, 0x2a, 0x3f, 0x30, 
	0x30, 0x30, 0x2e, 0x05, 0x0a, 0x13, 0x14, 0x15, 
	0x35, 0x1c, 0x15, 0x0a, 0x40, 0x2f, 0x30, 0x30, 
	0x2d, 0x21, 0x38, 0x3c, 0x33, 0x33, 0x33, 0x39, 
	0x41, 0x33, 0x33, 0x33, 0x3c, 0x38, 0x21, 0x26, 
	0x30, 0x30, 0x31, 0x09, 0x0a, 0x19, 0x19, 0x35, 
	0x2e, 0x1e, 0x1c, 0x0a, 0x37, 0x31, 0x30, 0x30, 
	0x1e, 0x42, 0x43, 0x33, 0x3c, 0x3d, 0x44, 0x39, 
	0x45, 0x46, 0x47, 0x3d, 0x33, 0x43, 0x48, 0x35, 
	0x28, 0x30, 0x28, 0x0c, 0x0a, 0x35, 0x1e, 0x2e, 
	0x26, 0x26, 0x1e, 0x0c, 0x0a, 0x28, 0x30, 0x30, 
	0x19, 0x2a, 0x33, 0x33, 0x3d, 0x3d, 0x44, 0x39, 
	0x45, 0x46, 0x47, 0x49, 0x33, 0x33, 0x4a, 0x19, 
	0x30, 0x30, 0x30, 0x10, 0x0c, 0x2e, 0x26, 0x26, 
	0x2f, 0x2f, 0x26, 0x0c, 0x4b, 0x30, 0x30, 0x30, 
	0x14, 0x2b, 0x33, 0x33, 0x33, 0x33, 0x33, 0x4c, 
	0x4d, 0x33, 0x33, 0x33, 0x33, 0x33, 0x4a, 0x14, 
	0x30, 0x30, 0x30, 0x0e, 0x0c, 0x2d, 0x2d, 0x2f, 
	0x31, 0x31, 0x2f, 0x0c, 0x11, 0x30, 0x30, 0x30, 
	0x4e, 0x2c, 0x33, 0x3d, 0x4f, 0x50, 0x51, 0x4c, 
	0x4d, 0x51, 0x52, 0x4f, 0x53, 0x33, 0x4a, 0x14, 
	0x30, 0x30, 0x30, 0x0f, 0x0c, 0x2f, 0x2f, 0x31, 
	0x28, 0x28, 0x31, 0x0c, 0x1a, 0x30, 0x30, 0x30, 
	0x4e, 0x2b, 0x33, 0x54, 0x55, 0x56, 0x57, 0x4c, 
	0x4d, 0x58, 0x59, 0x55, 0x55, 0x33, 0x4a, 0x14, 
	0x30, 0x30, 0x30, 0x4e, 0x0c, 0x31, 0x31, 0x28, 
	0x28, 0x28, 0x28, 0x0c, 0x4e, 0x30, 0x30, 0x30, 
	0x14, 0x2a, 0x33, 0x33, 0x33, 0x33, 0x33, 0x4c, 
	0x4d, 0x33, 0x33, 0x33, 0x33, 0x33, 0x4a, 0x14, 
	0x30, 0x30, 0x30, 0x4e, 0x0c, 0x28, 0x28, 0x28, 
	0x30, 0x30, 0x30, 0x0c, 0x4e, 0x30, 0x30, 0x30, 
	0x14, 0x2a, 0x33, 0x3d, 0x2c, 0x51, 0x51, 0x4c, 
	0x4d, 0x51, 0x52, 0x4f, 0x53, 0x33, 0x4a, 0x14, 
	0x30, 0x30, 0x30, 0x4e, 0x0c, 0x30, 0x30, 0x30, 
	0x30, 0x30, 0x30, 0x0c, 0x4e, 0x30, 0x30, 0x30, 
	0x14, 0x2a, 0x33, 0x54, 0x55, 0x5a, 0x59, 0x4c, 
	0x4d, 0x58, 0x59, 0x55, 0x55, 0x33, 0x4a, 0x14, 
	0x30, 0x30, 0x30, 0x4e, 0x0c, 0x30, 0x30, 0x30, 
	0x30, 0x30, 0x30, 0x0c, 0x4e, 0x30, 0x30, 0x30, 
	0x14, 0x2a, 0x33, 0x33, 0x33, 0x33, 0x33, 0x4c, 
	0x5b, 0x33, 0x33, 0x33, 0x33, 0x33, 0x4a, 0x14, 
	0x30, 0x30, 0x30, 0x4e, 0x0c, 0x30, 0x30, 0x30, 
	0x30, 0x30, 0x30, 0x0c, 0x4e, 0x30, 0x30, 0x30, 
	0x14, 0x2a, 0x33, 0x3d, 0x2c, 0x51, 0x51, 0x4c, 
	0x5b, 0x51, 0x52, 0x4f, 0x53, 0x33, 0x4a, 0x14, 
	0x30, 0x30, 0x30, 0x4e, 0x0c, 0x30, 0x30, 0x30, 
	0x30, 0x30, 0x30, 0x0c, 0x4e, 0x30, 0x30, 0x30, 
	0x14, 0x2a, 0x33, 0x54, 0x55, 0x56, 0x57, 0x4c, 
	0x5b, 0x58, 0x59, 0x55, 0x55, 0x33, 0x4a, 0x14, 
	0x30, 0x30, 0x30, 0x4e, 0x0c, 0x30, 0x30, 0x30, 
	0x30, 0x30, 0x30, 0x0c, 0x4e, 0x30, 0x30, 0x30, 
	0x14, 0x2a, 0x33, 0x33, 0x33, 0x33, 0x33, 0x4c, 
	0x5b, 0x33, 0x33, 0x33, 0x33, 0x33, 0x4a, 0x14, 
	0x30, 0x30, 0x30, 0x4e, 0x0c, 0x30, 0x30, 0x30, 
	0x30, 0x30, 0x30, 0x0c, 0x4e, 0x30, 0x30, 0x30, 
	0x14, 0x2a, 0x33, 0x46, 0x3a, 0x52, 0x51, 0x4c, 
	0x56, 0x51, 0x51, 0x3a, 0x46, 0x33, 0x4a, 0x14, 
	0x30, 0x30, 0x30, 0x4e, 0x0c, 0x30, 0x30, 0x30, 
	0x30, 0x30, 0x30, 0x0c, 0x4e, 0x30, 0x30, 0x30, 
	0x14, 0x2a, 0x33, 0x54, 0x5c, 0x5a, 0x5d, 0x4c, 
	0x56, 0x58, 0x59, 0x55, 0x55, 0x33, 0x4a, 0x14, 
	0x30, 0x30, 0x30, 0x4e, 0x0c, 0x30, 0x30, 0x30, 
	0x30, 0x30, 0x30, 0x0c, 0x4e, 0x30, 0x30, 0x30, 
	0x14, 0x2a, 0x33, 0x33, 0x33, 0x33, 0x33, 0x4c, 
	0x56, 0x33, 0x33, 0x33, 0x33, 0x33, 0x4a, 0x14, 
	0x30, 0x30, 0x30, 0x4e, 0x0c, 0x30, 0x30, 0x30, 
	0x30, 0x30, 0x30, 0x0c, 0x4e, 0x30, 0x30, 0x30, 
	0x14, 0x2a, 0x33, 0x3d, 0x2c, 0x51, 0x51, 0x4c, 
	0x5e, 0x51, 0x4f, 0x2a, 0x53, 0x33, 0x4a, 0x14, 
	0x30, 0x30, 0x30, 0x4e, 0x0c, 0x30, 0x30, 0x30, 
	0x30, 0x30, 0x30, 0x0c, 0x4e, 0x30, 0x30, 0x30, 
	0x14, 0x2a, 0x33, 0x54, 0x55, 0x5a, 0x5f, 0x4c, 
	0x60, 0x58, 0x59, 0x55, 0x55, 0x33, 0x4a, 0x14, 
	0x30, 0x30, 0x30, 0x4e, 0x0c, 0x30, 0x30, 0x30, 
	0x30, 0x30, 0x30, 0x0c, 0x4e, 0x30, 0x30, 0x30, 
	0x14, 0x2a, 0x33, 0x33, 0x33, 0x33, 0x33, 0x4c, 
	0x60, 0x33, 0x33, 0x33, 0x33, 0x33, 0x4a, 0x14, 
	0x30, 0x30, 0x30, 0x4e, 0x0c, 0x30, 0x30, 0x30, 
	0x30, 0x30, 0x30, 0x0c, 0x4e, 0x30, 0x30, 0x30, 
	0x14, 0x2a, 0x33, 0x3d, 0x2b, 0x50, 0x51, 0x4c, 
	0x60, 0x52, 0x4f, 0x2a, 0x53, 0x33, 0x4a, 0x14, 
	0x30, 0x30, 0x30, 0x4e, 0x0c, 0x30, 0x30, 0x30, 
	0x30, 0x30, 0x30, 0x0c, 0x4e, 0x30, 0x30, 0x30, 
	0x14, 0x2a, 0x33, 0x54, 0x55, 0x5a, 0x5f, 0x4c, 
	0x5e, 0x5f, 0x59, 0x55, 0x55, 0x33, 0x4a, 0x14, 
	0x30, 0x30, 0x30, 0x4e, 0x0c, 0x30, 0x30, 0x30, 
	0x30, 0x30, 0x30, 0x0c, 0x4e, 0x30, 0x30, 0x30, 
	0x14, 0x2a, 0x33, 0x33, 0x47, 0x33, 0x33, 0x4c, 
	0x5e, 0x33, 0x33, 0x33, 0x33, 0x33, 0x4a, 0x14, 
	0x30, 0x30, 0x30, 0x4e, 0x0c, 0x30, 0x30, 0x30, 
	0x30, 0x30, 0x30, 0x0c, 0x4e, 0x30, 0x30, 0x30, 
	0x14, 0x2a, 0x33, 0x46, 0x4a, 0x61, 0x50, 0x4c, 
	0x56, 0x52, 0x3a, 0x2a, 0x53, 0x33, 0x4a, 0x14, 
	0x30, 0x30, 0x30, 0x4e, 0x0c, 0x30, 0x30, 0x30, 
	0x30, 0x30, 0x30, 0x0c, 0x4e, 0x30, 0x30, 0x30, 
	0x14, 0x2a, 0x33, 0x54, 0x55, 0x5a, 0x59, 0x4c, 
	0x56, 0x58, 0x59, 0x55, 0x55, 0x33, 0x4a, 0x14, 
	0x30, 0x30, 0x30, 0x4e, 0x0c, 0x30, 0x30, 0x30, 
	0x30, 0x30, 0x30, 0x0c, 0x4e, 0x30, 0x30, 0x30, 
	0x14, 0x2a, 0x33, 0x33, 0x33, 0x33, 0x33, 0x4c, 
	0x56, 0x33, 0x33, 0x33, 0x33, 0x33, 0x4a, 0x14, 
	0x30, 0x30, 0x30, 0x4e, 0x0c, 0x30, 0x30, 0x30, 
	0x30, 0x30, 0x30, 0x0c, 0x4e, 0x30, 0x30, 0x30, 
	0x14, 0x2a, 0x33, 0x3d, 0x2b, 0x50, 0x52, 0x4c, 
	0x5b, 0x51, 0x3a, 0x2a, 0x3a, 0x33, 0x4a, 0x14, 
	0x30, 0x30, 0x30, 0x4e, 0x0c, 0x30, 0x30, 0x30, 
	0x30, 0x30, 0x30, 0x0c, 0x4e, 0x30, 0x30, 0x30, 
	0x14, 0x2a, 0x33, 0x54, 0x55, 0x5a, 0x5f, 0x4c, 
	0x5b, 0x58, 0x59, 0x55, 0x55, 0x33, 0x4a, 0x14, 
	0x30, 0x30, 0x30, 0x4e, 0x0c, 0x30, 0x30, 0x30, 
	0x30, 0x30, 0x30, 0x0c, 0x4e, 0x30, 0x30, 0x30, 
	0x14, 0x2a, 0x33, 0x33, 0x33, 0x33, 0x33, 0x62, 
	0x63, 0x33, 0x33, 0x33, 0x33, 0x33, 0x4a, 0x14, 
	0x30, 0x30, 0x30, 0x4e, 0x0c, 0x30, 0x30, 0x30, 
	0x30, 0x30, 0x30, 0x0c, 0x4e, 0x30, 0x30, 0x30, 
	0x14, 0x2a, 0x64, 0x21, 0x21, 0x21, 0x21, 0x21, 
	0x65, 0x65, 0x65, 0x65, 0x65, 0x66, 0x67, 0x14, 
	0x30, 0x30, 0x30, 0x4e, 0x0c, 0x28, 0x28, 0x28, 
	0x28, 0x28, 0x28, 0x0c, 0x4e, 0x30, 0x30, 0x30, 
	0x14, 0x68, 0x69, 0x69, 0x69, 0x69, 0x69, 0x69, 
	0x2a, 0x2a, 0x2a, 0x2a, 0x2a, 0x2a, 0x68, 0x14, 
	0x28, 0x30, 0x30, 0x4e, 0x0c, 0x31, 0x31, 0x31, 
	0x31, 0x31, 0x31, 0x0c, 0x4e, 0x28, 0x28, 0x28, 
	0x2e, 0x0d, 0x0f, 0x0f, 0x14, 0x14, 0x14, 0x14, 
	0x14, 0x14, 0x14, 0x14, 0x14, 0x14, 0x14, 0x2e, 
	0x31, 0x28, 0x28, 0x4e, 0x0c, 0x2f, 0x2f, 0x2f, 
	0x2f, 0x2f, 0x2f, 0x0c, 0x4e, 0x31, 0x31, 0x31, 
	0x08, 0x14, 0x2d, 0x2d, 0x30, 0x30, 0x30, 0x30, 
	0x30, 0x30, 0x30, 0x30, 0x30, 0x2d, 0x14, 0x08, 
	0x2f, 0x28, 0x28, 0x4e, 0x0c, 0x2d, 0x2d, 0x2d, 
	0x2d, 0x2d, 0x2d, 0x0a, 0x4e, 0x31, 0x31, 0x2d, 
	0x08, 0x0d, 0x0f, 0x14, 0x35, 0x2d, 0x2d, 0x2d, 
	0x2d, 0x2d, 0x2d, 0x26, 0x1c, 0x0f, 0x0a, 0x08, 
	0x2d, 0x2f, 0x2f, 0x4e, 0x0a, 0x2e, 0x2e, 0x2e, 
	0x26, 0x26, 0x26, 0x0a, 0x4e, 0x2d, 0x2d, 0x26, 
	0x10, 0x09, 0x08, 0x08, 0x08, 0x06, 0x08, 0x09, 
	0x09, 0x09, 0x09, 0x08, 0x08, 0x06, 0x08, 0x14, 
	0x2e, 0x2d, 0x2d, 0x4e, 0x0a, 0x1e, 0x1e, 0x1e, 
	0x1e, 0x1e, 0x1e, 0x0a, 0x4e, 0x26, 0x26, 0x2e, 
	0x13, 0x0c, 0x06, 0x08, 0x0d, 0x0e, 0x13, 0x14, 
	0x13, 0x0f, 0x0e, 0x0d, 0x0a, 0x06, 0x0e, 0x1c, 
	0x2e, 0x2e, 0x2e, 0x4e, 0x09, 0x35, 0x35, 0x35, 
	0x1c, 0x1c, 0x1c, 0x08, 0x4e, 0x1e, 0x1e, 0x1e, 
	0x1c, 0x13, 0x08, 0x05, 0x05, 0x09, 0x0a, 0x0a, 
	0x0a, 0x0a, 0x08, 0x06, 0x05, 0x0a, 0x13, 0x1e, 
	0x1e, 0x1e, 0x1e, 0x4e, 0x08, 0x19, 0x19, 0x19, 
	0x15, 0x15, 0x15, 0x06, 0x4e, 0x35, 0x35, 0x35, 
	0x2e, 0x19, 0x10, 0x08, 0x00, 0x00, 0x00, 0x00, 
	0x00, 0x00, 0x00, 0x00, 0x08, 0x0f, 0x19, 0x2e, 
	0x35, 0x35, 0x35, 0x4e, 0x06, 0x14, 0x14, 0x13, 
	0x13, 0x13, 0x13, 0x05, 0x4e, 0x1c, 0x1c, 0x1c, 
	0x1c, 0x1c, 0x14, 0x0f, 0x08, 0x08, 0x08, 0x08, 
	0x08, 0x08, 0x08, 0x08, 0x0f, 0x14, 0x1c, 0x1c, 
	0x1c, 0x1c, 0x1c, 0x4e, 0x04, 0x0f, 0x0f, 0x0e, 
	0x0e, 0x0e, 0x0e, 0x04, 0x4e, 0x1c, 0x1c, 0x1c, 
	0x1c, 0x1c, 0x1c, 0x1c, 0x1c, 0x1c, 0x1c, 0x1c, 
	0x1c, 0x1c, 0x1c, 0x1c, 0x1c, 0x1c, 0x1c, 0x1c, 
	0x1c, 0x1c, 0x1c, 0x4e, 0x04, 0x0e, 0x0e, 0x0d, 
	0x10, 0x10, 0x10, 0x04, 0x4e, 0x1c, 0x1c, 0x1c, 
	0x1c, 0x1c, 0x1c, 0x1c, 0x1c, 0x1c, 0x1c, 0x1c, 
	0x1c, 0x1c, 0x1c, 0x1c, 0x1c, 0x1c, 0x1c, 0x1c, 
	0x1c, 0x1c, 0x1c, 0x4e, 0x04, 0x0d, 0x0d, 0x0c, 
	0x0c, 0x0c, 0x0c, 0x04, 0x4e, 0x0e, 0x0e, 0x0e, 
	0x0e, 0x0e, 0x0e, 0x0e, 0x0e, 0x0e, 0x0e, 0x0e, 
	0x0e, 0x0e, 0x0e, 0x0e, 0x0e, 0x0e, 0x0e, 0x0e, 
	0x0e, 0x0e, 0x0e, 0x4e, 0x00, 0x0c, 0x0c, 0x0c, 
	0x30, 0x30, 0x28, 0x31, 0x30, 0x30, 0x30, 0x30, 
	0x30, 0x30, 0x30, 0x30, 0x30, 0x30, 0x30, 0x28, 
	0x30, 0x30, 0x30, 0x30, 0x30, 0x30, 0x30, 0x2f, 
	0x2d, 0x30, 0x28, 0x2d, 0x2d, 0x30, 0x30, 0x30, 
	0x30, 0x30, 0x2f, 0x2f, 0x31, 0x30, 0x30, 0x30, 
	0x2d, 0x2f, 0x30, 0x30, 0x31, 0x2f, 0x30, 0x28, 
	0x2f, 0x2d, 0x2f, 0x31, 0x28, 0x30, 0x30, 0x31, 
	0x2f, 0x26, 0x30, 0x30, 0x2f, 0x2d, 0x30, 0x30, 
	0x2d, 0x26, 0x2d, 0x30, 0x30, 0x30, 0x30, 0x2f, 
	0x30, 0x30, 0x1e, 0x26, 0x31, 0x2f, 0x30, 0x30, 
	0x2f, 0x30, 0x26, 0x2f, 0x26, 0x26, 0x30, 0x30, 
	0x30, 0x2e, 0x2e, 0x2d, 0x2d, 0x30, 0x2d, 0x2f, 
	0x26, 0x26, 0x26, 0x1e, 0x1e, 0x2f, 0x35, 0x2e, 
	0x31, 0x2f, 0x1c, 0x2e, 0x26, 0x26, 0x2e, 0x2f, 
	0x26, 0x26, 0x2d, 0x31, 0x2f, 0x1e, 0x1e, 0x2e, 
	0x2d, 0x26, 0x2e, 0x2d, 0x31, 0x2d, 0x35, 0x14, 
	0x26, 0x1e, 0x30, 0x26, 0x2e, 0x1c, 0x1e, 0x31, 
	0x26, 0x1c, 0x13, 0x13, 0x1e, 0x26, 0x1e, 0x2e, 
	0x2e, 0x1e, 0x2e, 0x2d, 0x26, 0x2e, 0x1e, 0x14, 
	0x26, 0x1e, 0x1e, 0x26, 0x2e, 0x1e, 0x14, 0x0d, 
	0x0f, 0x15, 0x35, 0x14, 0x1c, 0x15, 0x14, 0x15, 
	0x2e, 0x0e, 0x0f, 0x10, 0x14, 0x19, 0x14, 0x19, 
	0x19, 0x19, 0x1e, 0x19, 0x0f, 0x0c, 0x19, 0x15, 
	0x13, 0x13, 0x14, 0x15, 0x1c, 0x10, 0x08, 0x05, 
	0x0a, 0x08, 0x13, 0x0e, 0x0d, 0x1c, 0x0f, 0x0e, 
	0x10, 0x0c, 0x0c, 0x09, 0x09, 0x09, 0x0d, 0x0a, 
	0x10, 0x14, 0x0d, 0x0e, 0x0c, 0x06, 0x08, 0x09, 
	0x0d, 0x0c, 0x0c, 0x09, 0x0a, 0x0a, 0x08, 0x06, 
	0x05, 0x06, 0x08, 0x08, 0x08, 0x08, 0x09, 0x0a, 
	0x08, 0x0c, 0x06, 0x05, 0x04, 0x06, 0x0a, 0x09, 
	0x08, 0x09, 0x0c, 0x08, 0x04, 0x05, 0x00, 0x05, 
	0x08, 0x08, 0x0a, 0x08, 0x09, 0x05, 0x06, 0x06, 
	0x00, 0x00, 0x04, 0x04, 0x05, 0x05, 0x06, 0x06, 
	0x05, 0x06, 0x04, 0x00, 0x00, 0x04, 0x04, 0x05, 
	0x06, 0x06, 0x06, 0x05, 0x00, 0x04, 0x05, 0x04, 
	0x05, 0x05, 0x04, 0x05, 0x00, 0x05, 0x05, 0x05, 
	0x00, 0x00, 0x00, 0x04, 0x05, 0x04, 0x05, 0x05, 
	0x00, 0x00, 0x00, 0x00, 0x00, 0x00, 0x04, 0x00, 
	0x00, 0x04, 0x04, 0x00, 0x00, 0x04, 0x05, 0x05, 
	0x04, 0x04, 0x00, 0x00, 0x00, 0x00, 0x04, 0x00, 
	
};

Texture totwc_dl__0_rgba16_pal_rgba16[] = {
	0x31, 0x8d, 0x29, 0x4b, 0x00, 0x01, 0x21, 0x09, 
	0x39, 0xcf, 0x42, 0x11, 0x4a, 0x53, 0x08, 0x43, 
	0x52, 0x95, 0x5a, 0xd7, 0x63, 0x19, 0x10, 0x85, 
	0x6b, 0x5b, 0x73, 0x9d, 0x84, 0x21, 0x8c, 0x63, 
	0x7b, 0xdf, 0x84, 0x1f, 0x18, 0xc5, 0x94, 0xa5, 
	0x9c, 0xe7, 0xa5, 0x29, 0x94, 0x61, 0x9c, 0xa1, 
	0x9c, 0xe5, 0xad, 0x6b, 0x8c, 0x61, 0x21, 0x07, 
	0xb5, 0xad, 0xc5, 0xef, 0xc6, 0x31, 0xc5, 0xeb, 
	0xa4, 0xa1, 0xc5, 0x1b, 0xb5, 0x67, 0xbd, 0xad, 
	0x18, 0xc7, 0x29, 0x49, 0xd6, 0xb5, 0xe7, 0x37, 
	0xf7, 0xbd, 0x9b, 0x85, 0xa3, 0x85, 0x9b, 0x45, 
	0x8b, 0x45, 0xde, 0xf7, 0xce, 0x73, 0xe7, 0x39, 
	0xff, 0xff, 0xef, 0x7b, 0x73, 0x05, 0x39, 0xc1, 
	0xd6, 0x29, 0xbd, 0xef, 0xa5, 0x27, 0x5a, 0xd5, 
	0x7b, 0x07, 0x4a, 0x03, 0x93, 0x45, 0x39, 0xcd, 
	0x41, 0xc1, 0x4a, 0x01, 0xa4, 0xe5, 0xa4, 0xe3, 
	0x4a, 0x51, 0x62, 0x85, 0x9b, 0xcd, 0x5a, 0x41, 
	0x5a, 0x43, 0x6a, 0xc7, 0x72, 0xc3, 0x62, 0x83, 
	0x9b, 0xc9, 0x52, 0x41, 0xab, 0xcb, 0x7b, 0xdd, 
	0x62, 0x87, 0x9b, 0xcb, 0x94, 0xa3, 0x8b, 0x05, 
	0x83, 0x05, 0x7a, 0xc3, 0x83, 0x03, 0x5a, 0x83, 
	0x83, 0x4b, 0xb4, 0x51, 0xac, 0x51, 0x9c, 0x11, 
	0x83, 0x8f, 0x93, 0xd1, 0xa4, 0x11, 0xa4, 0x0f, 
	0xac, 0x11, 0x93, 0xcf, 0xb4, 0x93, 0x8b, 0xcf, 
	0xb4, 0x95, 0x8b, 0x47, 0x52, 0x43, 0x8b, 0x49, 
	0x9c, 0x59, 0xc5, 0x5b, 0x9c, 0xdf, 0xb4, 0x91, 
	0x62, 0xc5, 0xa3, 0x87, 
};

Texture totwc_dl_RR_rainbow_ci8[] = {
	0x00, 0x00, 0x00, 0x00, 0x00, 0x00, 0x00, 0x00, 
	0x00, 0x00, 0x00, 0x01, 0x02, 0x03, 0x04, 0x05, 
	0x06, 0x07, 0x08, 0x09, 0x0a, 0x0b, 0x0c, 0x0d, 
	0x0e, 0x0f, 0x10, 0x11, 0x12, 0x13, 0x14, 0x15, 
	0x00, 0x00, 0x00, 0x00, 0x00, 0x00, 0x00, 0x00, 
	0x00, 0x00, 0x00, 0x01, 0x02, 0x03, 0x16, 0x05, 
	0x06, 0x07, 0x08, 0x09, 0x0a, 0x0b, 0x0c, 0x0d, 
	0x0e, 0x0f, 0x10, 0x11, 0x12, 0x13, 0x14, 0x15, 
	0x00, 0x00, 0x00, 0x00, 0x00, 0x00, 0x00, 0x00, 
	0x00, 0x00, 0x00, 0x01, 0x02, 0x03, 0x16, 0x05, 
	0x06, 0x07, 0x08, 0x09, 0x0a, 0x0b, 0x0c, 0x0d, 
	0x0e, 0x17, 0x10, 0x11, 0x12, 0x13, 0x14, 0x15, 
	0x00, 0x00, 0x00, 0x00, 0x00, 0x00, 0x00, 0x00, 
	0x00, 0x00, 0x00, 0x01, 0x02, 0x03, 0x16, 0x05, 
	0x06, 0x07, 0x08, 0x09, 0x0a, 0x0b, 0x0c, 0x0d, 
	0x0e, 0x17, 0x10, 0x11, 0x12, 0x13, 0x14, 0x15, 
	0x00, 0x00, 0x00, 0x00, 0x00, 0x00, 0x00, 0x00, 
	0x00, 0x00, 0x00, 0x01, 0x02, 0x03, 0x16, 0x18, 
	0x19, 0x07, 0x08, 0x09, 0x0a, 0x0b, 0x0c, 0x0d, 
	0x0e, 0x0f, 0x10, 0x11, 0x12, 0x13, 0x14, 0x15, 
	0x00, 0x00, 0x00, 0x00, 0x00, 0x00, 0x00, 0x00, 
	0x00, 0x00, 0x00, 0x01, 0x02, 0x03, 0x16, 0x05, 
	0x06, 0x07, 0x08, 0x09, 0x0a, 0x0b, 0x0c, 0x0d, 
	0x0e, 0x17, 0x10, 0x11, 0x12, 0x13, 0x14, 0x15, 
	0x00, 0x00, 0x00, 0x00, 0x00, 0x00, 0x00, 0x00, 
	0x00, 0x00, 0x00, 0x01, 0x02, 0x03, 0x16, 0x05, 
	0x19, 0x07, 0x08, 0x09, 0x0a, 0x0b, 0x0c, 0x0d, 
	0x0e, 0x0f, 0x10, 0x11, 0x12, 0x13, 0x14, 0x15, 
	0x00, 0x00, 0x00, 0x00, 0x00, 0x00, 0x00, 0x00, 
	0x00, 0x00, 0x00, 0x01, 0x02, 0x03, 0x04, 0x05, 
	0x06, 0x07, 0x08, 0x09, 0x0a, 0x0b, 0x0c, 0x0d, 
	0x0e, 0x0f, 0x10, 0x11, 0x12, 0x13, 0x14, 0x15, 
	0x00, 0x00, 0x00, 0x00, 0x00, 0x00, 0x00, 0x00, 
	0x00, 0x00, 0x00, 0x01, 0x02, 0x03, 0x04, 0x05, 
	0x19, 0x07, 0x08, 0x09, 0x0a, 0x0b, 0x0c, 0x0d, 
	0x0e, 0x17, 0x10, 0x11, 0x12, 0x13, 0x14, 0x15, 
	0x00, 0x00, 0x00, 0x00, 0x00, 0x00, 0x00, 0x00, 
	0x00, 0x00, 0x00, 0x01, 0x02, 0x03, 0x16, 0x05, 
	0x06, 0x07, 0x08, 0x09, 0x0a, 0x0b, 0x0c, 0x0d, 
	0x0e, 0x17, 0x10, 0x11, 0x12, 0x13, 0x14, 0x15, 
	0x00, 0x00, 0x00, 0x00, 0x00, 0x00, 0x00, 0x00, 
	0x00, 0x00, 0x00, 0x01, 0x02, 0x03, 0x16, 0x18, 
	0x06, 0x07, 0x08, 0x09, 0x0a, 0x0b, 0x0c, 0x0d, 
	0x0e, 0x0f, 0x10, 0x11, 0x12, 0x13, 0x14, 0x15, 
	0x00, 0x00, 0x00, 0x00, 0x00, 0x00, 0x00, 0x00, 
	0x00, 0x00, 0x00, 0x01, 0x02, 0x03, 0x16, 0x05, 
	0x06, 0x07, 0x08, 0x09, 0x0a, 0x0b, 0x0c, 0x0d, 
	0x0e, 0x17, 0x10, 0x11, 0x12, 0x13, 0x14, 0x15, 
	0x00, 0x00, 0x00, 0x00, 0x00, 0x00, 0x00, 0x00, 
	0x00, 0x00, 0x00, 0x01, 0x02, 0x03, 0x16, 0x05, 
	0x06, 0x07, 0x08, 0x09, 0x0a, 0x0b, 0x0c, 0x0d, 
	0x0e, 0x17, 0x10, 0x11, 0x12, 0x13, 0x14, 0x15, 
	0x00, 0x00, 0x00, 0x00, 0x00, 0x00, 0x00, 0x00, 
	0x00, 0x00, 0x00, 0x01, 0x02, 0x03, 0x16, 0x05, 
	0x06, 0x07, 0x08, 0x09, 0x0a, 0x0b, 0x0c, 0x0d, 
	0x0e, 0x17, 0x10, 0x11, 0x12, 0x13, 0x14, 0x15, 
	0x00, 0x00, 0x00, 0x00, 0x00, 0x00, 0x00, 0x00, 
	0x00, 0x00, 0x00, 0x01, 0x02, 0x03, 0x16, 0x05, 
	0x06, 0x07, 0x08, 0x09, 0x0a, 0x0b, 0x0c, 0x0d, 
	0x0e, 0x17, 0x10, 0x11, 0x12, 0x13, 0x14, 0x15, 
	0x00, 0x00, 0x00, 0x00, 0x00, 0x00, 0x00, 0x00, 
	0x00, 0x00, 0x00, 0x01, 0x02, 0x03, 0x16, 0x18, 
	0x19, 0x07, 0x08, 0x09, 0x0a, 0x0b, 0x0c, 0x0d, 
	0x0e, 0x17, 0x10, 0x11, 0x12, 0x13, 0x14, 0x15, 
	0x00, 0x00, 0x00, 0x00, 0x00, 0x00, 0x00, 0x00, 
	0x00, 0x00, 0x00, 0x01, 0x02, 0x03, 0x16, 0x18, 
	0x19, 0x07, 0x08, 0x09, 0x0a, 0x0b, 0x0c, 0x0d, 
	0x0e, 0x0f, 0x10, 0x11, 0x12, 0x13, 0x14, 0x15, 
	0x00, 0x00, 0x00, 0x00, 0x00, 0x00, 0x00, 0x00, 
	0x00, 0x00, 0x00, 0x01, 0x02, 0x03, 0x16, 0x18, 
	0x06, 0x07, 0x08, 0x09, 0x0a, 0x0b, 0x0c, 0x0d, 
	0x0e, 0x17, 0x10, 0x11, 0x12, 0x13, 0x14, 0x15, 
	0x00, 0x00, 0x00, 0x00, 0x00, 0x00, 0x00, 0x00, 
	0x00, 0x00, 0x00, 0x01, 0x02, 0x03, 0x04, 0x05, 
	0x06, 0x07, 0x08, 0x09, 0x0a, 0x0b, 0x0c, 0x0d, 
	0x0e, 0x17, 0x10, 0x11, 0x12, 0x13, 0x14, 0x15, 
	0x00, 0x00, 0x00, 0x00, 0x00, 0x00, 0x00, 0x00, 
	0x00, 0x00, 0x00, 0x01, 0x02, 0x03, 0x16, 0x05, 
	0x06, 0x07, 0x08, 0x09, 0x0a, 0x0b, 0x0c, 0x0d, 
	0x0e, 0x0f, 0x10, 0x11, 0x12, 0x13, 0x14, 0x15, 
	0x00, 0x00, 0x00, 0x00, 0x00, 0x00, 0x00, 0x00, 
	0x00, 0x00, 0x00, 0x01, 0x02, 0x03, 0x04, 0x05, 
	0x19, 0x07, 0x08, 0x09, 0x0a, 0x0b, 0x0c, 0x0d, 
	0x0e, 0x17, 0x10, 0x11, 0x12, 0x13, 0x14, 0x15, 
	0x00, 0x00, 0x00, 0x00, 0x00, 0x00, 0x00, 0x00, 
	0x00, 0x00, 0x00, 0x01, 0x02, 0x03, 0x16, 0x05, 
	0x06, 0x07, 0x08, 0x09, 0x0a, 0x0b, 0x0c, 0x0d, 
	0x0e, 0x17, 0x10, 0x11, 0x12, 0x13, 0x14, 0x15, 
	0x00, 0x00, 0x00, 0x00, 0x00, 0x00, 0x00, 0x00, 
	0x00, 0x00, 0x00, 0x01, 0x02, 0x03, 0x16, 0x05, 
	0x06, 0x07, 0x08, 0x09, 0x0a, 0x0b, 0x0c, 0x0d, 
	0x0e, 0x0f, 0x10, 0x11, 0x12, 0x13, 0x14, 0x15, 
	0x00, 0x00, 0x00, 0x00, 0x00, 0x00, 0x00, 0x00, 
	0x00, 0x00, 0x00, 0x01, 0x02, 0x03, 0x16, 0x05, 
	0x06, 0x07, 0x08, 0x09, 0x0a, 0x0b, 0x0c, 0x0d, 
	0x0e, 0x17, 0x10, 0x11, 0x12, 0x13, 0x14, 0x15, 
	0x00, 0x00, 0x00, 0x00, 0x00, 0x00, 0x00, 0x00, 
	0x00, 0x00, 0x00, 0x01, 0x02, 0x03, 0x16, 0x05, 
	0x06, 0x07, 0x08, 0x09, 0x0a, 0x0b, 0x0c, 0x0d, 
	0x0e, 0x17, 0x10, 0x11, 0x12, 0x13, 0x14, 0x15, 
	0x00, 0x00, 0x00, 0x00, 0x00, 0x00, 0x00, 0x00, 
	0x00, 0x00, 0x00, 0x01, 0x02, 0x03, 0x16, 0x18, 
	0x06, 0x07, 0x08, 0x09, 0x0a, 0x0b, 0x0c, 0x0d, 
	0x0e, 0x17, 0x10, 0x11, 0x12, 0x13, 0x14, 0x15, 
	0x00, 0x00, 0x00, 0x00, 0x00, 0x00, 0x00, 0x00, 
	0x00, 0x00, 0x00, 0x01, 0x02, 0x03, 0x16, 0x18, 
	0x19, 0x07, 0x08, 0x09, 0x0a, 0x0b, 0x0c, 0x0d, 
	0x0e, 0x17, 0x10, 0x11, 0x12, 0x13, 0x14, 0x15, 
	0x00, 0x00, 0x00, 0x00, 0x00, 0x00, 0x00, 0x00, 
	0x00, 0x00, 0x00, 0x01, 0x02, 0x03, 0x16, 0x05, 
	0x06, 0x07, 0x08, 0x09, 0x0a, 0x0b, 0x0c, 0x0d, 
	0x0e, 0x17, 0x10, 0x11, 0x12, 0x13, 0x14, 0x15, 
	0x00, 0x00, 0x00, 0x00, 0x00, 0x00, 0x00, 0x00, 
	0x00, 0x00, 0x00, 0x01, 0x02, 0x03, 0x16, 0x18, 
	0x06, 0x07, 0x08, 0x09, 0x0a, 0x0b, 0x0c, 0x0d, 
	0x0e, 0x0f, 0x10, 0x11, 0x12, 0x13, 0x14, 0x15, 
	0x00, 0x00, 0x00, 0x00, 0x00, 0x00, 0x00, 0x00, 
	0x00, 0x00, 0x00, 0x01, 0x02, 0x03, 0x16, 0x18, 
	0x06, 0x07, 0x08, 0x09, 0x0a, 0x0b, 0x0c, 0x0d, 
	0x0e, 0x17, 0x10, 0x11, 0x12, 0x13, 0x14, 0x15, 
	0x00, 0x00, 0x00, 0x00, 0x00, 0x00, 0x00, 0x00, 
	0x00, 0x00, 0x00, 0x01, 0x02, 0x03, 0x16, 0x18, 
	0x06, 0x07, 0x08, 0x09, 0x0a, 0x0b, 0x0c, 0x0d, 
	0x0e, 0x17, 0x10, 0x11, 0x12, 0x13, 0x14, 0x15, 
	0x00, 0x00, 0x00, 0x00, 0x00, 0x00, 0x00, 0x00, 
	0x00, 0x00, 0x00, 0x01, 0x02, 0x03, 0x04, 0x05, 
	0x06, 0x07, 0x08, 0x09, 0x0a, 0x0b, 0x0c, 0x0d, 
	0x0e, 0x17, 0x10, 0x11, 0x12, 0x13, 0x14, 0x15, 
	
};

Texture totwc_dl_RR_rainbow_pal_rgba16[] = {
	0xf8, 0x00, 0xf8, 0x01, 0xf9, 0x41, 0xfa, 0xc1, 
	0xfc, 0x81, 0xfe, 0x01, 0xff, 0x41, 0xd7, 0xc1, 
	0x97, 0x81, 0x5f, 0x81, 0x27, 0x41, 0x06, 0xc5, 
	0x0d, 0x93, 0x1c, 0x61, 0x23, 0x2f, 0x31, 0xfb, 
	0x51, 0xbf, 0x79, 0xbf, 0xa1, 0xbf, 0xc9, 0xbf, 
	0xf1, 0xbf, 0xf1, 0xbe, 0xfc, 0x41, 0x31, 0xfd, 
	0xfd, 0xc1, 0xff, 0x81, 
};

Texture totwc_dl_TOTWC_tower_brick_rgba16[] = {
	0xff, 0xff, 0x7b, 0xdf, 0x9c, 0xe7, 0xad, 0x6b, 
	0x63, 0x19, 0xce, 0x73, 0xb5, 0xad, 0xad, 0x6b, 
	0x84, 0x21, 0x5a, 0xd7, 0x84, 0x21, 0xad, 0x6b, 
	0x9c, 0xe7, 0xb5, 0xad, 0xc6, 0x31, 0xc6, 0x31, 
	0xc6, 0x31, 0xbd, 0xef, 0xad, 0x6b, 0x7b, 0xdf, 
	0x5a, 0xd7, 0x94, 0xa5, 0xb5, 0xad, 0x7b, 0xdf, 
	0xad, 0x6b, 0xce, 0x73, 0xce, 0x73, 0x5a, 0xd7, 
	0x94, 0xa5, 0x6b, 0x5b, 0x94, 0xa5, 0xc6, 0x31, 
	0xf7, 0xbd, 0xe7, 0x39, 0xf7, 0xbd, 0xc6, 0x31, 
	0x9c, 0xe7, 0xe7, 0x39, 0xf7, 0xbd, 0xff, 0xff, 
	0xef, 0x7b, 0xc6, 0x31, 0xe7, 0x39, 0xe7, 0x39, 
	0xe7, 0x39, 0xe7, 0x39, 0xde, 0xf7, 0xe7, 0x39, 
	0xe7, 0x39, 0xe7, 0x39, 0xe7, 0x39, 0xef, 0x7b, 
	0xe7, 0x39, 0x84, 0x21, 0xd6, 0xb5, 0xc6, 0x31, 
	0xef, 0x7b, 0xe7, 0x39, 0xd6, 0xb5, 0xc6, 0x31, 
	0x6b, 0x5b, 0xb5, 0xad, 0xd6, 0xb5, 0xf7, 0xbd, 
	0xde, 0xf7, 0xce, 0x73, 0xef, 0x7b, 0xa5, 0x29, 
	0x7b, 0xdf, 0xf7, 0xbd, 0xef, 0x7b, 0xf7, 0xbd, 
	0xff, 0xff, 0xc6, 0x31, 0xff, 0xff, 0xff, 0xff, 
	0xef, 0x7b, 0xef, 0x7b, 0xd6, 0xb5, 0xef, 0x7b, 
	0xe7, 0x39, 0xe7, 0x39, 0xe7, 0x39, 0xe7, 0x39, 
	0x9c, 0xe7, 0x4a, 0x53, 0xad, 0x6b, 0xce, 0x73, 
	0xff, 0xff, 0xf7, 0xbd, 0xde, 0xf7, 0xce, 0x73, 
	0x6b, 0x5b, 0xc6, 0x31, 0xde, 0xf7, 0xff, 0xff, 
	0xc6, 0x31, 0xc6, 0x31, 0xce, 0x73, 0x94, 0xa5, 
	0x8c, 0x63, 0xf7, 0xbd, 0xef, 0x7b, 0xf7, 0xbd, 
	0xf7, 0xbd, 0xb5, 0xad, 0xef, 0x7b, 0xff, 0xff, 
	0xff, 0xff, 0xff, 0xff, 0xff, 0xff, 0xe7, 0x39, 
	0xe7, 0x39, 0xe7, 0x39, 0xef, 0x7b, 0xef, 0x7b, 
	0xd6, 0xb5, 0x63, 0x19, 0xbd, 0xef, 0xef, 0x7b, 
	0xe7, 0x39, 0xbd, 0xef, 0xd6, 0xb5, 0xb5, 0xad, 
	0xad, 0x6b, 0xce, 0x73, 0xf7, 0xbd, 0xff, 0xff, 
	0xa5, 0x29, 0xbd, 0xef, 0xad, 0x6b, 0xad, 0x6b, 
	0x84, 0x21, 0xde, 0xf7, 0xef, 0x7b, 0xf7, 0xbd, 
	0xf7, 0xbd, 0xb5, 0xad, 0xb5, 0xad, 0xf7, 0xbd, 
	0xde, 0xf7, 0xff, 0xff, 0xff, 0xff, 0xff, 0xff, 
	0xf7, 0xbd, 0xf7, 0xbd, 0xf7, 0xbd, 0xe7, 0x39, 
	0x8c, 0x63, 0x8c, 0x63, 0xce, 0x73, 0xf7, 0xbd, 
	0xf7, 0xbd, 0xe7, 0x39, 0xd6, 0xb5, 0xad, 0x6b, 
	0x9c, 0xe7, 0xde, 0xf7, 0xd6, 0xb5, 0xce, 0x73, 
	0xb5, 0xad, 0xa5, 0x29, 0x94, 0xa5, 0x84, 0x21, 
	0x7b, 0xdf, 0xde, 0xf7, 0xde, 0xf7, 0xef, 0x7b, 
	0xef, 0x7b, 0xb5, 0xad, 0xce, 0x73, 0xe7, 0x39, 
	0xd6, 0xb5, 0xe7, 0x39, 0xf7, 0xbd, 0xff, 0xff, 
	0xf7, 0xbd, 0xf7, 0xbd, 0xf7, 0xbd, 0xce, 0x73, 
	0x9c, 0xe7, 0x84, 0x21, 0xbd, 0xef, 0xc6, 0x31, 
	0xd6, 0xb5, 0xd6, 0xb5, 0xde, 0xf7, 0xc6, 0x31, 
	0xa5, 0x29, 0xf7, 0xbd, 0xbd, 0xef, 0xce, 0x73, 
	0xa5, 0x29, 0x8c, 0x63, 0x94, 0xa5, 0x84, 0x21, 
	0x63, 0x19, 0xb5, 0xad, 0xce, 0x73, 0xad, 0x6b, 
	0xd6, 0xb5, 0xad, 0x6b, 0xbd, 0xef, 0xc6, 0x31, 
	0xc6, 0x31, 0xde, 0xf7, 0xb5, 0xad, 0xc6, 0x31, 
	0xce, 0x73, 0xad, 0x6b, 0xb5, 0xad, 0xce, 0x73, 
	0x6b, 0x5b, 0x5a, 0xd7, 0x7b, 0xdf, 0xbd, 0xef, 
	0xb5, 0xad, 0xc6, 0x31, 0xe7, 0x39, 0x6b, 0x5b, 
	0x84, 0x21, 0xce, 0x73, 0xc6, 0x31, 0x8c, 0x63, 
	0x6b, 0x5b, 0x5a, 0xd7, 0x6b, 0x5b, 0x52, 0x95, 
	0x6b, 0x5b, 0x7b, 0xdf, 0xb5, 0xad, 0xad, 0x6b, 
	0xa5, 0x29, 0x8c, 0x63, 0x84, 0x21, 0xad, 0x6b, 
	0xbd, 0xef, 0xce, 0x73, 0xce, 0x73, 0xd6, 0xb5, 
	0xad, 0x6b, 0xa5, 0x29, 0x94, 0xa5, 0x8c, 0x63, 
	0x84, 0x21, 0x7b, 0xdf, 0x5a, 0xd7, 0x6b, 0x5b, 
	0x7b, 0xdf, 0x94, 0xa5, 0xa5, 0x29, 0x4a, 0x53, 
	0x7b, 0xdf, 0x8c, 0x63, 0x94, 0xa5, 0x8c, 0x63, 
	0xbd, 0xef, 0xbd, 0xef, 0xbd, 0xef, 0x84, 0x21, 
	0x9c, 0xe7, 0x6b, 0x5b, 0x84, 0x21, 0x84, 0x21, 
	0x73, 0x9d, 0x4a, 0x53, 0x5a, 0xd7, 0x6b, 0x5b, 
	0x5a, 0xd7, 0x6b, 0x5b, 0x73, 0x9d, 0x8c, 0x63, 
	0x9c, 0xe7, 0xad, 0x6b, 0x8c, 0x63, 0x7b, 0xdf, 
	0x84, 0x21, 0x6b, 0x5b, 0x84, 0x21, 0x73, 0x9d, 
	0x8c, 0x63, 0x5a, 0xd7, 0x5a, 0xd7, 0x5a, 0xd7, 
	0x63, 0x19, 0x5a, 0xd7, 0x73, 0x9d, 0x84, 0x21, 
	0xd6, 0xb5, 0xbd, 0xef, 0xb5, 0xad, 0xf7, 0xbd, 
	0x63, 0x19, 0xce, 0x73, 0x94, 0xa5, 0x94, 0xa5, 
	0xce, 0x73, 0xce, 0x73, 0xf7, 0xbd, 0xff, 0xff, 
	0xff, 0xff, 0xce, 0x73, 0xe7, 0x39, 0xf7, 0xbd, 
	0xf7, 0xbd, 0x5a, 0xd7, 0x94, 0xa5, 0xd6, 0xb5, 
	0xd6, 0xb5, 0xd6, 0xb5, 0xd6, 0xb5, 0xd6, 0xb5, 
	0xd6, 0xb5, 0x7b, 0xdf, 0x5a, 0xd7, 0x94, 0xa5, 
	0x73, 0x9d, 0xde, 0xf7, 0xe7, 0x39, 0xe7, 0x39, 
	0xe7, 0x39, 0xf7, 0xbd, 0xde, 0xf7, 0xa5, 0x29, 
	0x63, 0x19, 0xad, 0x6b, 0xd6, 0xb5, 0xf7, 0xbd, 
	0xef, 0x7b, 0xef, 0x7b, 0xd6, 0xb5, 0xd6, 0xb5, 
	0xd6, 0xb5, 0xd6, 0xb5, 0xd6, 0xb5, 0xb5, 0xad, 
	0xa5, 0x29, 0xce, 0x73, 0xf7, 0xbd, 0xef, 0x7b, 
	0xef, 0x7b, 0xef, 0x7b, 0xef, 0x7b, 0xef, 0x7b, 
	0xef, 0x7b, 0xc6, 0x31, 0xad, 0x6b, 0x9c, 0xe7, 
	0x7b, 0xdf, 0xf7, 0xbd, 0xff, 0xff, 0xf7, 0xbd, 
	0xf7, 0xbd, 0xe7, 0x39, 0xd6, 0xb5, 0xde, 0xf7, 
	0x7b, 0xdf, 0xe7, 0x39, 0xf7, 0xbd, 0xf7, 0xbd, 
	0xf7, 0xbd, 0xf7, 0xbd, 0xff, 0xff, 0xef, 0x7b, 
	0xef, 0x7b, 0xf7, 0xbd, 0xef, 0x7b, 0xef, 0x7b, 
	0xb5, 0xad, 0xc6, 0x31, 0xef, 0x7b, 0xe7, 0x39, 
	0xef, 0x7b, 0xf7, 0xbd, 0xe7, 0x39, 0xde, 0xf7, 
	0xde, 0xf7, 0xde, 0xf7, 0xd6, 0xb5, 0xce, 0x73, 
	0x94, 0xa5, 0xff, 0xff, 0xf7, 0xbd, 0xf7, 0xbd, 
	0xf7, 0xbd, 0xde, 0xf7, 0xce, 0x73, 0xad, 0x6b, 
	0x84, 0x21, 0xef, 0x7b, 0xef, 0x7b, 0xef, 0x7b, 
	0xef, 0x7b, 0xef, 0x7b, 0xef, 0x7b, 0xef, 0x7b, 
	0xef, 0x7b, 0xf7, 0xbd, 0xef, 0x7b, 0xef, 0x7b, 
	0x8c, 0x63, 0xc6, 0x31, 0xef, 0x7b, 0xef, 0x7b, 
	0xef, 0x7b, 0xf7, 0xbd, 0xef, 0x7b, 0xe7, 0x39, 
	0xef, 0x7b, 0xde, 0xf7, 0xde, 0xf7, 0xd6, 0xb5, 
	0x94, 0xa5, 0xc6, 0x31, 0xc6, 0x31, 0xce, 0x73, 
	0xad, 0x6b, 0xce, 0x73, 0xc6, 0x31, 0x94, 0xa5, 
	0x84, 0x21, 0xbd, 0xef, 0xc6, 0x31, 0xc6, 0x31, 
	0xef, 0x7b, 0xef, 0x7b, 0xf7, 0xbd, 0xf7, 0xbd, 
	0xf7, 0xbd, 0xf7, 0xbd, 0xf7, 0xbd, 0xff, 0xff, 
	0x73, 0x9d, 0xad, 0x6b, 0xc6, 0x31, 0xef, 0x7b, 
	0xef, 0x7b, 0xe7, 0x39, 0xf7, 0xbd, 0xef, 0x7b, 
	0xef, 0x7b, 0xe7, 0x39, 0xde, 0xf7, 0xd6, 0xb5, 
	0x94, 0xa5, 0xbd, 0xef, 0xad, 0x6b, 0xc6, 0x31, 
	0xa5, 0x29, 0x9c, 0xe7, 0x94, 0xa5, 0x73, 0x9d, 
	0x5a, 0xd7, 0xad, 0x6b, 0xc6, 0x31, 0xef, 0x7b, 
	0xc6, 0x31, 0xc6, 0x31, 0xbd, 0xef, 0xe7, 0x39, 
	0xef, 0x7b, 0xd6, 0xb5, 0xbd, 0xef, 0xad, 0x6b, 
	0x73, 0x9d, 0xa5, 0x29, 0xde, 0xf7, 0xc6, 0x31, 
	0xe7, 0x39, 0xf7, 0xbd, 0xe7, 0x39, 0xef, 0x7b, 
	0xef, 0x7b, 0xc6, 0x31, 0xc6, 0x31, 0xbd, 0xef, 
	0x94, 0xa5, 0xc6, 0x31, 0xb5, 0xad, 0xad, 0x6b, 
	0x84, 0x21, 0x84, 0x21, 0x7b, 0xdf, 0x7b, 0xdf, 
	0x63, 0x19, 0x6b, 0x5b, 0xbd, 0xef, 0xce, 0x73, 
	0xce, 0x73, 0xef, 0x7b, 0xde, 0xf7, 0xb5, 0xad, 
	0xb5, 0xad, 0xef, 0x7b, 0xef, 0x7b, 0xf7, 0xbd, 
	0x5a, 0xd7, 0x94, 0xa5, 0xce, 0x73, 0xde, 0xf7, 
	0xde, 0xf7, 0xde, 0xf7, 0xd6, 0xb5, 0xc6, 0x31, 
	0xce, 0x73, 0xa5, 0x29, 0xc6, 0x31, 0xad, 0x6b, 
	0x94, 0xa5, 0x9c, 0xe7, 0xc6, 0x31, 0xce, 0x73, 
	0x7b, 0xdf, 0x84, 0x21, 0x84, 0x21, 0x7b, 0xdf, 
	0x73, 0x9d, 0x63, 0x19, 0x6b, 0x5b, 0x73, 0x9d, 
	0x94, 0xa5, 0xad, 0x6b, 0xce, 0x73, 0xbd, 0xef, 
	0xbd, 0xef, 0xbd, 0xef, 0xce, 0x73, 0x8c, 0x63, 
	0xa5, 0x29, 0x5a, 0xd7, 0xd6, 0xb5, 0xce, 0x73, 
	0xce, 0x73, 0xbd, 0xef, 0xbd, 0xef, 0xc6, 0x31, 
	0xbd, 0xef, 0x9c, 0xe7, 0xce, 0x73, 0x52, 0x95, 
	0x73, 0x9d, 0x84, 0x21, 0x8c, 0x63, 0xce, 0x73, 
	0xbd, 0xef, 0xad, 0x6b, 0xd6, 0xb5, 0xc6, 0x31, 
	0x8c, 0x63, 0xad, 0x6b, 0xc6, 0x31, 0xef, 0x7b, 
	0xa5, 0x29, 0xad, 0x6b, 0xa5, 0x29, 0x9c, 0xe7, 
	0x94, 0xa5, 0x8c, 0x63, 0x84, 0x21, 0x73, 0x9d, 
	0x42, 0x11, 0x5a, 0xd7, 0x6b, 0x5b, 0x6b, 0x5b, 
	0x6b, 0x5b, 0xbd, 0xef, 0xc6, 0x31, 0xce, 0x73, 
	0xb5, 0xad, 0xad, 0x6b, 0x84, 0x21, 0x52, 0x95, 
	0x5a, 0xd7, 0x6b, 0x5b, 0x6b, 0x5b, 0x6b, 0x5b, 
	0xef, 0x7b, 0xf7, 0xbd, 0xe7, 0x39, 0xde, 0xf7, 
	0x9c, 0xe7, 0xde, 0xf7, 0xde, 0xf7, 0xd6, 0xb5, 
	0x9c, 0xe7, 0xb5, 0xad, 0xe7, 0x39, 0xef, 0x7b, 
	0xef, 0x7b, 0xe7, 0x39, 0xe7, 0x39, 0xe7, 0x39, 
	0xbd, 0xef, 0xa5, 0x29, 0xc6, 0x31, 0xc6, 0x31, 
	0xbd, 0xef, 0x6b, 0x5b, 0x6b, 0x5b, 0xa5, 0x29, 
	0x9c, 0xe7, 0x73, 0x9d, 0x84, 0x21, 0x42, 0x11, 
	0x5a, 0xd7, 0xa5, 0x29, 0xad, 0x6b, 0xe7, 0x39, 
	0xe7, 0x39, 0xe7, 0x39, 0xe7, 0x39, 0xf7, 0xbd, 
	0xad, 0x6b, 0xde, 0xf7, 0xf7, 0xbd, 0xf7, 0xbd, 
	0x73, 0x9d, 0xc6, 0x31, 0xbd, 0xef, 0xef, 0x7b, 
	0xef, 0x7b, 0xe7, 0x39, 0xe7, 0x39, 0xd6, 0xb5, 
	0xe7, 0x39, 0xef, 0x7b, 0xef, 0x7b, 0xe7, 0x39, 
	0xde, 0xf7, 0xe7, 0x39, 0xb5, 0xad, 0xe7, 0x39, 
	0xf7, 0xbd, 0xef, 0x7b, 0xad, 0x6b, 0x63, 0x19, 
	0x9c, 0xe7, 0xc6, 0x31, 0xe7, 0x39, 0xde, 0xf7, 
	0xe7, 0x39, 0xd6, 0xb5, 0xd6, 0xb5, 0xff, 0xff, 
	0x6b, 0x5b, 0xd6, 0xb5, 0xef, 0x7b, 0xce, 0x73, 
	0x7b, 0xdf, 0xf7, 0xbd, 0xbd, 0xef, 0xff, 0xff, 
	0xde, 0xf7, 0xde, 0xf7, 0xd6, 0xb5, 0xde, 0xf7, 
	0xef, 0x7b, 0xde, 0xf7, 0xe7, 0x39, 0xde, 0xf7, 
	0xe7, 0x39, 0xe7, 0x39, 0x94, 0xa5, 0xef, 0x7b, 
	0xef, 0x7b, 0xef, 0x7b, 0xd6, 0xb5, 0xbd, 0xef, 
	0xa5, 0x29, 0xef, 0x7b, 0xff, 0xff, 0xd6, 0xb5, 
	0xce, 0x73, 0xce, 0x73, 0xc6, 0x31, 0xa5, 0x29, 
	0x6b, 0x5b, 0xd6, 0xb5, 0xa5, 0x29, 0xa5, 0x29, 
	0x63, 0x19, 0xf7, 0xbd, 0xc6, 0x31, 0xde, 0xf7, 
	0xd6, 0xb5, 0xe7, 0x39, 0xf7, 0xbd, 0xe7, 0x39, 
	0xef, 0x7b, 0xf7, 0xbd, 0xe7, 0x39, 0xf7, 0xbd, 
	0xde, 0xf7, 0xef, 0x7b, 0x63, 0x19, 0xbd, 0xef, 
	0xd6, 0xb5, 0xef, 0x7b, 0xde, 0xf7, 0xb5, 0xad, 
	0x6b, 0x5b, 0xc6, 0x31, 0xff, 0xff, 0xb5, 0xad, 
	0xb5, 0xad, 0xad, 0x6b, 0xbd, 0xef, 0x8c, 0x63, 
	0x6b, 0x5b, 0xce, 0x73, 0xa5, 0x29, 0xa5, 0x29, 
	0xad, 0x6b, 0xce, 0x73, 0xce, 0x73, 0xb5, 0xad, 
	0xde, 0xf7, 0xe7, 0x39, 0xce, 0x73, 0xd6, 0xb5, 
	0xef, 0x7b, 0xde, 0xf7, 0xff, 0xff, 0xf7, 0xbd, 
	0xef, 0x7b, 0xe7, 0x39, 0x7b, 0xdf, 0xe7, 0x39, 
	0xe7, 0x39, 0xd6, 0xb5, 0xce, 0x73, 0xb5, 0xad, 
	0x6b, 0x5b, 0xc6, 0x31, 0xb5, 0xad, 0xbd, 0xef, 
	0x73, 0x9d, 0x63, 0x19, 0x63, 0x19, 0x6b, 0x5b, 
	0x6b, 0x5b, 0xce, 0x73, 0xce, 0x73, 0x9c, 0xe7, 
	0x63, 0x19, 0xbd, 0xef, 0xf7, 0xbd, 0xad, 0x6b, 
	0xad, 0x6b, 0xb5, 0xad, 0xad, 0x6b, 0xce, 0x73, 
	0xd6, 0xb5, 0xad, 0x6b, 0xd6, 0xb5, 0xce, 0x73, 
	0xce, 0x73, 0xad, 0x6b, 0x5a, 0xd7, 0xad, 0x6b, 
	0xce, 0x73, 0xce, 0x73, 0xb5, 0xad, 0xad, 0x6b, 
	0x84, 0x21, 0x6b, 0x5b, 0x73, 0x9d, 0x7b, 0xdf, 
	0x8c, 0x63, 0x8c, 0x63, 0x84, 0x21, 0x6b, 0x5b, 
	0x8c, 0x63, 0x6b, 0x5b, 0x94, 0xa5, 0x6b, 0x5b, 
	0x84, 0x21, 0x73, 0x9d, 0x52, 0x95, 0x84, 0x21, 
	0x6b, 0x5b, 0x6b, 0x5b, 0xad, 0x6b, 0x6b, 0x5b, 
	0x6b, 0x5b, 0x6b, 0x5b, 0x84, 0x21, 0x84, 0x21, 
	0x73, 0x9d, 0x84, 0x21, 0x6b, 0x5b, 0x5a, 0xd7, 
	0x7b, 0xdf, 0x8c, 0x63, 0x94, 0xa5, 0x8c, 0x63, 
	0x5a, 0xd7, 0x94, 0xa5, 0x73, 0x9d, 0x73, 0x9d, 
	0xce, 0x73, 0xa5, 0x29, 0xb5, 0xad, 0xb5, 0xad, 
	0x6b, 0x5b, 0x9c, 0xe7, 0xce, 0x73, 0xe7, 0x39, 
	0xe7, 0x39, 0xef, 0x7b, 0xef, 0x7b, 0xe7, 0x39, 
	0xde, 0xf7, 0x94, 0xa5, 0x6b, 0x5b, 0xa5, 0x29, 
	0xa5, 0x29, 0x9c, 0xe7, 0x94, 0xa5, 0xa5, 0x29, 
	0xff, 0xff, 0xef, 0x7b, 0xef, 0x7b, 0xef, 0x7b, 
	0xef, 0x7b, 0xf7, 0xbd, 0x8c, 0x63, 0x8c, 0x63, 
	0x5a, 0xd7, 0xbd, 0xef, 0xff, 0xff, 0xf7, 0xbd, 
	0xef, 0x7b, 0xd6, 0xb5, 0xce, 0x73, 0xc6, 0x31, 
	0xa5, 0x29, 0xc6, 0x31, 0xe7, 0x39, 0xe7, 0x39, 
	0xe7, 0x39, 0xef, 0x7b, 0xef, 0x7b, 0xef, 0x7b, 
	0xde, 0xf7, 0xce, 0x73, 0x9c, 0xe7, 0xc6, 0x31, 
	0xe7, 0x39, 0xe7, 0x39, 0xc6, 0x31, 0xe7, 0x39, 
	0xf7, 0xbd, 0xff, 0xff, 0xde, 0xf7, 0xe7, 0x39, 
	0xef, 0x7b, 0xef, 0x7b, 0xc6, 0x31, 0x84, 0x21, 
	0x7b, 0xdf, 0xef, 0x7b, 0xd6, 0xb5, 0xe7, 0x39, 
	0xde, 0xf7, 0xde, 0xf7, 0xde, 0xf7, 0xd6, 0xb5, 
	0xad, 0x6b, 0xef, 0x7b, 0xf7, 0xbd, 0xef, 0x7b, 
	0xde, 0xf7, 0xe7, 0x39, 0xf7, 0xbd, 0xef, 0x7b, 
	0xe7, 0x39, 0xb5, 0xad, 0x7b, 0xdf, 0xc6, 0x31, 
	0xef, 0x7b, 0xef, 0x7b, 0xc6, 0x31, 0xde, 0xf7, 
	0xde, 0xf7, 0xf7, 0xbd, 0xff, 0xff, 0xff, 0xff, 
	0xde, 0xf7, 0xe7, 0x39, 0xef, 0x7b, 0xbd, 0xef, 
	0xb5, 0xad, 0xef, 0x7b, 0xd6, 0xb5, 0xd6, 0xb5, 
	0xce, 0x73, 0xde, 0xf7, 0xf7, 0xbd, 0xce, 0x73, 
	0xa5, 0x29, 0xd6, 0xb5, 0xd6, 0xb5, 0xd6, 0xb5, 
	0xde, 0xf7, 0xde, 0xf7, 0xd6, 0xb5, 0xce, 0x73, 
	0xce, 0x73, 0xce, 0x73, 0x6b, 0x5b, 0xb5, 0xad, 
	0xe7, 0x39, 0xe7, 0x39, 0xce, 0x73, 0xf7, 0xbd, 
	0xf7, 0xbd, 0xf7, 0xbd, 0xf7, 0xbd, 0xef, 0x7b, 
	0xe7, 0x39, 0xef, 0x7b, 0xef, 0x7b, 0xce, 0x73, 
	0xce, 0x73, 0xf7, 0xbd, 0xce, 0x73, 0xc6, 0x31, 
	0xad, 0x6b, 0xb5, 0xad, 0xde, 0xf7, 0xad, 0x6b, 
	0x7b, 0xdf, 0xb5, 0xad, 0xad, 0x6b, 0xbd, 0xef, 
	0xbd, 0xef, 0xbd, 0xef, 0xbd, 0xef, 0xb5, 0xad, 
	0xb5, 0xad, 0xbd, 0xef, 0x63, 0x19, 0xbd, 0xef, 
	0xc6, 0x31, 0xbd, 0xef, 0xbd, 0xef, 0xad, 0x6b, 
	0xbd, 0xef, 0xc6, 0x31, 0xc6, 0x31, 0xe7, 0x39, 
	0xde, 0xf7, 0xe7, 0x39, 0xe7, 0x39, 0xc6, 0x31, 
	0x94, 0xa5, 0xd6, 0xb5, 0xb5, 0xad, 0xa5, 0x29, 
	0x9c, 0xe7, 0x9c, 0xe7, 0xc6, 0x31, 0x5a, 0xd7, 
	0x94, 0xa5, 0xb5, 0xad, 0xa5, 0x29, 0xad, 0x6b, 
	0xa5, 0x29, 0xa5, 0x29, 0xbd, 0xef, 0xbd, 0xef, 
	0xc6, 0x31, 0xce, 0x73, 0x5a, 0xd7, 0x9c, 0xe7, 
	0xc6, 0x31, 0xb5, 0xad, 0xce, 0x73, 0xad, 0x6b, 
	0xc6, 0x31, 0xbd, 0xef, 0xc6, 0x31, 0xc6, 0x31, 
	0xc6, 0x31, 0xc6, 0x31, 0xde, 0xf7, 0x9c, 0xe7, 
	0x4a, 0x53, 0xb5, 0xad, 0x8c, 0x63, 0x73, 0x9d, 
	0x73, 0x9d, 0x5a, 0xd7, 0x4a, 0x53, 0x63, 0x19, 
	0x7b, 0xdf, 0x73, 0x9d, 0x63, 0x19, 0x73, 0x9d, 
	0x94, 0xa5, 0xa5, 0x29, 0x84, 0x21, 0x8c, 0x63, 
	0x8c, 0x63, 0x84, 0x21, 0x63, 0x19, 0x7b, 0xdf, 
	0x8c, 0x63, 0x9c, 0xe7, 0x9c, 0xe7, 0xce, 0x73, 
	0xad, 0x6b, 0x8c, 0x63, 0x7b, 0xdf, 0x94, 0xa5, 
	0x6b, 0x5b, 0x6b, 0x5b, 0x6b, 0x5b, 0x9c, 0xe7, 
	0x6b, 0x5b, 0x6b, 0x5b, 0x6b, 0x5b, 0x52, 0x95, 
	
};

Texture totwc_dl_RR_brick_wall_rgba16[] = {
	0xef, 0xbb, 0xf7, 0xbd, 0xff, 0xff, 0xff, 0xff, 
	0xf7, 0xbd, 0xf7, 0xbd, 0xff, 0xff, 0xff, 0xff, 
	0xff, 0xff, 0xff, 0xff, 0xff, 0xff, 0xf7, 0xbd, 
	0xce, 0x71, 0xe7, 0x79, 0xb5, 0xab, 0x3a, 0x0d, 
	0xe7, 0x79, 0xdf, 0x37, 0xb5, 0xeb, 0xce, 0x71, 
	0xbe, 0x2d, 0xad, 0xa9, 0xd6, 0xb3, 0xde, 0xf7, 
	0xef, 0x7b, 0xe7, 0x37, 0xef, 0x79, 0xde, 0xf5, 
	0xe7, 0x37, 0xce, 0x6f, 0xb5, 0xab, 0x5b, 0x13, 
	0x6b, 0x5b, 0x9c, 0xe5, 0x9c, 0xe5, 0x9c, 0xe7, 
	0xa5, 0x29, 0xad, 0x6b, 0xad, 0x6b, 0xad, 0x6b, 
	0xa5, 0x29, 0xa5, 0x29, 0xad, 0x6b, 0x9c, 0xe5, 
	0x7c, 0x1d, 0x94, 0xa5, 0x8c, 0x5f, 0x42, 0x4f, 
	0x63, 0x55, 0x84, 0x1f, 0x8c, 0x61, 0x8c, 0xa1, 
	0x94, 0xa3, 0x94, 0xa3, 0x94, 0xa3, 0x94, 0xe3, 
	0x8c, 0x61, 0x8c, 0xa1, 0x94, 0xa3, 0x94, 0xa5, 
	0x94, 0xa5, 0x94, 0xa5, 0xb5, 0xed, 0x42, 0x4f, 
	0x63, 0x59, 0x9d, 0x25, 0xb5, 0xad, 0xad, 0x6b, 
	0xbd, 0xef, 0x9d, 0x27, 0xb5, 0xab, 0xb5, 0xad, 
	0xbd, 0xef, 0xbd, 0xef, 0xbd, 0xef, 0xa5, 0x27, 
	0x9d, 0x27, 0x84, 0x5f, 0x84, 0x5d, 0x42, 0x4f, 
	0x73, 0x97, 0x9d, 0x27, 0xb5, 0xad, 0xad, 0xab, 
	0xa5, 0x27, 0xad, 0xab, 0x94, 0xe3, 0xa5, 0x69, 
	0xad, 0x69, 0x94, 0xe3, 0xa5, 0x27, 0x9d, 0x27, 
	0xa5, 0x69, 0x8c, 0xa3, 0xb5, 0xab, 0x42, 0x4d, 
	0x63, 0x17, 0x94, 0xa3, 0xa5, 0x29, 0x9d, 0x25, 
	0xb5, 0xab, 0xa5, 0x69, 0xa5, 0x27, 0xb5, 0xed, 
	0xbd, 0xef, 0xc6, 0x31, 0xb5, 0xab, 0xa5, 0x69, 
	0xa5, 0x27, 0x7c, 0x1b, 0xce, 0x73, 0x42, 0x4f, 
	0x73, 0xd9, 0xa5, 0x69, 0x94, 0xe3, 0xad, 0x69, 
	0xb5, 0xab, 0xb5, 0xed, 0x9c, 0xe5, 0xb5, 0xab, 
	0xad, 0xab, 0xbd, 0xef, 0x94, 0xe3, 0x8c, 0xa1, 
	0x84, 0x5f, 0x7c, 0x1d, 0xa5, 0x67, 0x4a, 0x8f, 
	0x63, 0x19, 0x9c, 0xe5, 0x9c, 0xe5, 0xa5, 0x27, 
	0x7c, 0x1d, 0xad, 0x69, 0xbd, 0xed, 0xce, 0x73, 
	0xbd, 0xef, 0xbd, 0xef, 0xad, 0x69, 0xbd, 0xef, 
	0x8c, 0xa1, 0x94, 0xa5, 0xa5, 0x69, 0x42, 0x4f, 
	0x63, 0x15, 0x8c, 0x61, 0xa5, 0x29, 0x9c, 0xe5, 
	0xbd, 0xef, 0xbd, 0xed, 0xc6, 0x31, 0xb5, 0xab, 
	0xad, 0x69, 0xa5, 0x69, 0xa5, 0x69, 0x94, 0xe3, 
	0xb5, 0xad, 0x84, 0x5f, 0xbd, 0xef, 0x42, 0x4f, 
	0x6b, 0x5b, 0x94, 0xa3, 0x8c, 0x61, 0x8c, 0xa1, 
	0x94, 0xe3, 0xa5, 0x27, 0xad, 0x69, 0xb5, 0xab, 
	0xc6, 0x2f, 0xc6, 0x31, 0xc6, 0x31, 0xb5, 0xab, 
	0xad, 0x69, 0x94, 0xa3, 0xc6, 0x31, 0x42, 0x4f, 
	0x73, 0x9d, 0x84, 0x5f, 0xad, 0x6b, 0xb5, 0xad, 
	0xbd, 0xef, 0xc6, 0x31, 0xb5, 0xab, 0xb5, 0xab, 
	0xa5, 0x67, 0xa5, 0x27, 0x94, 0xe1, 0xbd, 0xef, 
	0xa5, 0x29, 0x94, 0xa3, 0xce, 0x73, 0x4a, 0x4f, 
	0x63, 0x17, 0x5b, 0x17, 0x5b, 0x17, 0x5b, 0x13, 
	0x5b, 0x15, 0x6b, 0x59, 0x6b, 0x99, 0x6b, 0x59, 
	0x63, 0x17, 0x63, 0x59, 0x63, 0x17, 0x63, 0x59, 
	0x5a, 0xd5, 0x63, 0x17, 0x5b, 0x15, 0x42, 0x4f, 
	0x6b, 0x97, 0x5b, 0x15, 0x52, 0xd3, 0x52, 0xd3, 
	0x5b, 0x15, 0x63, 0x15, 0x6b, 0x57, 0x6b, 0x99, 
	0x63, 0x55, 0x5b, 0x13, 0x52, 0xd1, 0x4a, 0x8f, 
	0x5a, 0xd3, 0x5a, 0xd3, 0x52, 0xd3, 0x3a, 0x0f, 
	0x52, 0xd1, 0x5b, 0x13, 0x42, 0x4f, 0x42, 0x4f, 
	0x42, 0x4f, 0x42, 0x4f, 0x42, 0x4f, 0x42, 0x4f, 
	0x42, 0x4f, 0x42, 0x4f, 0x52, 0xd3, 0x42, 0x4f, 
	0x42, 0x4f, 0x42, 0x4f, 0x4a, 0x4f, 0x4a, 0x8f, 
	0x42, 0x4f, 0x42, 0x4f, 0x42, 0x4f, 0x42, 0x4f, 
	0x42, 0x4f, 0x42, 0x4f, 0x42, 0x4f, 0x4a, 0x8f, 
	0x42, 0x4f, 0x42, 0x0f, 0x42, 0x0f, 0x42, 0x0f, 
	0x42, 0x4f, 0x4a, 0x4f, 0x42, 0x0f, 0x42, 0x4f, 
	0xde, 0xf5, 0xde, 0xf5, 0xbd, 0xeb, 0xc6, 0x6f, 
	0xc6, 0x6f, 0xde, 0xf5, 0xc6, 0x31, 0x4a, 0x91, 
	0xef, 0x7b, 0xf7, 0xbb, 0xf7, 0xbd, 0xe7, 0x37, 
	0xe7, 0x37, 0xff, 0xff, 0xce, 0x71, 0xc6, 0x2d, 
	0xd6, 0xb3, 0xc6, 0x6f, 0xce, 0x71, 0xc6, 0x6f, 
	0xd6, 0xb3, 0xce, 0xb3, 0xd6, 0xb5, 0x42, 0x4f, 
	0xd6, 0xb3, 0xce, 0xb3, 0xc6, 0x2f, 0xd6, 0xb3, 
	0xde, 0xf5, 0xd6, 0xb3, 0xef, 0xbb, 0xe7, 0x39, 
	0x94, 0xe5, 0xa5, 0x27, 0x9c, 0xe5, 0xad, 0x69, 
	0xad, 0x69, 0x9d, 0x27, 0xad, 0xa9, 0x3a, 0x0d, 
	0x73, 0x9b, 0xa5, 0x69, 0xa5, 0x29, 0xb5, 0xad, 
	0xad, 0x69, 0x9d, 0x27, 0xa5, 0x69, 0x9d, 0x27, 
	0xa5, 0x67, 0xb5, 0xad, 0x9d, 0x25, 0xa5, 0x27, 
	0xa5, 0x67, 0xbd, 0xef, 0xb5, 0xab, 0x42, 0x4f, 
	0x9c, 0xe5, 0xad, 0xab, 0xa5, 0x69, 0xad, 0x69, 
	0x9d, 0x25, 0xad, 0x6b, 0xb5, 0xad, 0xa5, 0x29, 
	0xb5, 0xad, 0xb5, 0xad, 0xa5, 0x27, 0x9c, 0xe5, 
	0xa5, 0x67, 0xad, 0x6b, 0xad, 0xa9, 0x3a, 0x0d, 
	0x6b, 0x5b, 0x8c, 0x61, 0xa5, 0x27, 0xb5, 0xab, 
	0xbd, 0xef, 0x94, 0xe3, 0xad, 0x69, 0x9c, 0xe5, 
	0xad, 0x69, 0x9d, 0x25, 0xad, 0x6b, 0xb5, 0xab, 
	0xa5, 0x69, 0xa5, 0x27, 0xb5, 0xab, 0x52, 0xd1, 
	0x8c, 0x61, 0xa5, 0x27, 0x9d, 0x25, 0xb5, 0xab, 
	0xa5, 0x27, 0xad, 0x6b, 0xbd, 0xef, 0xad, 0x69, 
	0xb5, 0xad, 0xa5, 0x69, 0xb5, 0xad, 0xb5, 0xab, 
	0xa5, 0x27, 0xad, 0x69, 0xad, 0x69, 0x4a, 0x8f, 
	0x5b, 0x15, 0xad, 0x69, 0xa5, 0x27, 0xbd, 0xef, 
	0xad, 0xab, 0xb5, 0xad, 0xad, 0x69, 0xbd, 0xef, 
	0x9d, 0x25, 0xad, 0xab, 0x94, 0xe3, 0x9c, 0xe5, 
	0xb5, 0xad, 0x9d, 0x27, 0xb5, 0xed, 0x3a, 0x0d, 
	0x8c, 0x61, 0xa5, 0x29, 0xb5, 0xad, 0xc6, 0x2f, 
	0xb5, 0xab, 0xa5, 0x27, 0xb5, 0xad, 0xbd, 0xef, 
	0xad, 0x69, 0xb5, 0xad, 0x94, 0xe3, 0xa5, 0x69, 
	0xc6, 0x31, 0xa5, 0x69, 0xad, 0x69, 0x42, 0x4d, 
	0x6b, 0x59, 0xad, 0x6b, 0xa5, 0x29, 0xa5, 0x29, 
	0xb5, 0xab, 0xb5, 0xed, 0xc6, 0x2f, 0xce, 0x73, 
	0xce, 0x73, 0xce, 0x73, 0xce, 0x73, 0xbd, 0xef, 
	0x9d, 0x27, 0xa5, 0x29, 0xbd, 0xef, 0x3a, 0x0d, 
	0x7c, 0x1f, 0xa5, 0x29, 0xa5, 0x27, 0xa5, 0x27, 
	0xa5, 0x27, 0xad, 0x69, 0xb5, 0xed, 0xad, 0x69, 
	0x84, 0x5d, 0x94, 0xe1, 0x9d, 0x25, 0xbd, 0xef, 
	0x9c, 0xe5, 0x9d, 0x27, 0xb5, 0xad, 0x42, 0x4d, 
	0x63, 0x59, 0xa5, 0x29, 0xa5, 0x27, 0x94, 0xe3, 
	0xad, 0x69, 0xc6, 0x2f, 0xc6, 0x31, 0xce, 0x73, 
	0xce, 0x73, 0xce, 0x73, 0xbd, 0xef, 0xc6, 0x31, 
	0xbd, 0xef, 0x9c, 0xe7, 0xc6, 0x31, 0x3a, 0x0d, 
	0x6b, 0x5b, 0x94, 0xa3, 0x94, 0xe5, 0x8c, 0xa1, 
	0x94, 0xa1, 0xbd, 0xef, 0xbd, 0xef, 0xa5, 0x67, 
	0x5b, 0x15, 0x5a, 0xd3, 0x52, 0xd3, 0x5b, 0x15, 
	0x63, 0x15, 0x5b, 0x15, 0x4a, 0x8f, 0x3a, 0x0d, 
	0x73, 0x9d, 0x63, 0x17, 0x63, 0x17, 0x5b, 0x15, 
	0x5a, 0xd5, 0x5a, 0xd5, 0x5a, 0xd5, 0x63, 0x17, 
	0x63, 0x17, 0x63, 0x17, 0x5b, 0x17, 0x5b, 0x17, 
	0x63, 0x17, 0x63, 0x19, 0x63, 0x17, 0x42, 0x4d, 
	0x5b, 0x15, 0x6b, 0x57, 0x5b, 0x13, 0x5b, 0x13, 
	0x5b, 0x15, 0x6b, 0x97, 0x63, 0x13, 0x6b, 0x97, 
	0x4a, 0x8f, 0x4a, 0x8f, 0x42, 0x4f, 0x42, 0x4f, 
	0x42, 0x4f, 0x42, 0x4f, 0x42, 0x4f, 0x3a, 0x0d, 
	0x42, 0x4f, 0x42, 0x4f, 0x4a, 0x8f, 0x42, 0x4f, 
	0x52, 0xcf, 0x52, 0xcf, 0x42, 0x4f, 0x4a, 0x8f, 
	0x42, 0x4f, 0x52, 0xcf, 0x42, 0x4f, 0x42, 0x4f, 
	0x52, 0x8f, 0x52, 0x8f, 0x4a, 0x8f, 0x42, 0x4f, 
	0x42, 0x4f, 0x4a, 0x4f, 0x4a, 0x4f, 0x4a, 0x8f, 
	0x3a, 0x0d, 0x3a, 0x0f, 0x42, 0x4f, 0x42, 0x4f, 
	0xce, 0x71, 0xe7, 0x79, 0xd6, 0xb3, 0xde, 0xf5, 
	0xd6, 0xf3, 0xdf, 0x37, 0xe7, 0x37, 0xef, 0x7b, 
	0xef, 0x7b, 0xef, 0x7b, 0xde, 0xf5, 0xe7, 0x39, 
	0xd6, 0xf5, 0xd6, 0xb3, 0xc6, 0x31, 0x42, 0x11, 
	0xff, 0xff, 0xff, 0xff, 0xff, 0xff, 0xff, 0xff, 
	0xdf, 0x37, 0xe7, 0x37, 0xef, 0x79, 0xef, 0x79, 
	0xde, 0xf7, 0xef, 0x7b, 0xe7, 0x39, 0xff, 0xff, 
	0xd6, 0xf3, 0xd6, 0xb3, 0xa5, 0x67, 0x42, 0x4f, 
	0x73, 0x9d, 0xa5, 0x69, 0xad, 0x6b, 0xa5, 0x27, 
	0xa5, 0x27, 0xad, 0xab, 0xb5, 0xad, 0xbd, 0xef, 
	0xb5, 0xad, 0xbd, 0xef, 0xad, 0xab, 0xad, 0x69, 
	0xa5, 0x29, 0xa5, 0x29, 0xc6, 0x71, 0x42, 0x4f, 
	0x84, 0x21, 0xb5, 0xad, 0xad, 0x6b, 0x9d, 0x27, 
	0xa5, 0x27, 0x9d, 0x27, 0xad, 0x69, 0xb5, 0xed, 
	0xb5, 0xad, 0xb5, 0xad, 0xbd, 0xef, 0xb5, 0xad, 
	0xad, 0x6b, 0x9c, 0xe5, 0xbd, 0xef, 0x42, 0x4f, 
	0x6b, 0x57, 0xbd, 0xef, 0xad, 0xab, 0x9c, 0xe5, 
	0x94, 0xa3, 0xa5, 0x29, 0xbd, 0xed, 0xb5, 0xab, 
	0xa5, 0x69, 0xb5, 0xad, 0xa5, 0x27, 0xa5, 0x27, 
	0x9c, 0xe5, 0x94, 0xa5, 0xce, 0x73, 0x4a, 0x8f, 
	0x6b, 0x5b, 0xb5, 0xad, 0xad, 0xab, 0x94, 0xa3, 
	0x94, 0xe3, 0x9d, 0x25, 0xa5, 0x27, 0xad, 0xab, 
	0xa5, 0x69, 0xbd, 0xed, 0xa5, 0x27, 0xbd, 0xef, 
	0x9c, 0xe5, 0xa5, 0x27, 0xb5, 0xed, 0x42, 0x4f, 
	0x63, 0x55, 0xbd, 0xef, 0xa5, 0x27, 0x9d, 0x25, 
	0xad, 0x69, 0xa5, 0x67, 0xb5, 0xab, 0xad, 0xab, 
	0xbd, 0xed, 0xb5, 0xad, 0xc6, 0x31, 0xad, 0x69, 
	0xad, 0x6b, 0xa5, 0x27, 0xce, 0x73, 0x42, 0x4f, 
	0x84, 0x21, 0xad, 0x69, 0x9c, 0xe5, 0x94, 0xe3, 
	0xad, 0x69, 0x8c, 0xa1, 0xa5, 0x27, 0x9c, 0xe3, 
	0xad, 0x69, 0xad, 0xab, 0xb5, 0xad, 0xbd, 0xed, 
	0xb5, 0xab, 0x9c, 0xe5, 0xc6, 0x31, 0x5b, 0x15, 
	0x7b, 0xdb, 0xa5, 0x29, 0xa5, 0x67, 0x9c, 0xe5, 
	0xad, 0x6b, 0xad, 0xab, 0x9c, 0xe3, 0xa5, 0x27, 
	0xb5, 0xad, 0xa5, 0x69, 0xb5, 0xab, 0xb5, 0xab, 
	0xad, 0x69, 0xb5, 0xab, 0xb5, 0xab, 0x42, 0x4f, 
	0x73, 0x9b, 0x94, 0xe3, 0x94, 0xe5, 0x9d, 0x27, 
	0x9d, 0x27, 0xb5, 0xab, 0xad, 0x69, 0xb5, 0xab, 
	0xad, 0xa9, 0xad, 0xa9, 0xad, 0x69, 0x9d, 0x25, 
	0x8c, 0xa1, 0x94, 0xa3, 0xa5, 0x67, 0x4a, 0x8f, 
	0x8c, 0x61, 0x8c, 0xa1, 0x8c, 0xa1, 0xb5, 0xad, 
	0x9c, 0xe5, 0xa5, 0x27, 0xb5, 0xab, 0x9c, 0xe3, 
	0xbd, 0xef, 0xad, 0xab, 0xc6, 0x31, 0xb5, 0xed, 
	0xad, 0x69, 0xa5, 0x29, 0xad, 0x69, 0x42, 0x4f, 
	0x8c, 0x63, 0x94, 0xa5, 0x8c, 0x63, 0x94, 0xa5, 
	0x9d, 0x25, 0xad, 0xab, 0xbd, 0xed, 0xa5, 0x67, 
	0xad, 0x69, 0xad, 0x69, 0x9d, 0x25, 0xa5, 0x27, 
	0x84, 0x5f, 0x84, 0x5f, 0x94, 0xa1, 0x4a, 0x4d, 
	0x5b, 0x13, 0x63, 0x57, 0x63, 0x55, 0x52, 0xd3, 
	0x73, 0xdd, 0x63, 0x17, 0x63, 0x17, 0x63, 0x17, 
	0x73, 0x9b, 0x6b, 0x99, 0x73, 0x9b, 0x6b, 0x59, 
	0x73, 0x9b, 0x73, 0xdb, 0x73, 0x9d, 0x42, 0x4f, 
	0x73, 0x99, 0x6b, 0x5b, 0x6b, 0x5b, 0x63, 0x19, 
	0x63, 0x19, 0x6b, 0x59, 0x63, 0x59, 0x6b, 0x99, 
	0x5b, 0x15, 0x5b, 0x17, 0x5b, 0x15, 0x52, 0xd3, 
	0x5b, 0x15, 0x5b, 0x15, 0x63, 0x57, 0x42, 0x4d, 
	0x42, 0x4d, 0x42, 0x4d, 0x42, 0x4d, 0x42, 0x4d, 
	0x42, 0x4d, 0x42, 0x4d, 0x42, 0x4d, 0x4a, 0x8f, 
	0x42, 0x4d, 0x42, 0x4d, 0x42, 0x4f, 0x42, 0x4f, 
	0x42, 0x4f, 0x42, 0x4f, 0x42, 0x4f, 0x4a, 0x8f, 
	0x42, 0x4f, 0x42, 0x4f, 0x42, 0x4f, 0x42, 0x4f, 
	0x42, 0x4f, 0x42, 0x4f, 0x42, 0x4f, 0x4a, 0x8f, 
	0x42, 0x4f, 0x42, 0x4d, 0x42, 0x4d, 0x42, 0x4d, 
	0x42, 0x4d, 0x42, 0x4d, 0x4a, 0x8f, 0x42, 0x4d, 
	0xde, 0xf5, 0xc6, 0x2f, 0xe7, 0x39, 0xe7, 0x37, 
	0xe7, 0x79, 0xf7, 0xbd, 0xce, 0x73, 0x42, 0x0f, 
	0xf7, 0xbb, 0xd6, 0xb3, 0xe7, 0x39, 0xe7, 0x79, 
	0xe7, 0x37, 0xdf, 0x35, 0xef, 0x79, 0xe7, 0x35, 
	0xef, 0x79, 0xef, 0x79, 0xef, 0x79, 0xef, 0x79, 
	0xef, 0x79, 0xf7, 0xbb, 0xce, 0x71, 0x42, 0x4f, 
	0xce, 0x6f, 0xd6, 0xf3, 0xb5, 0xeb, 0xd6, 0xb1, 
	0xde, 0xf5, 0xd6, 0xb3, 0xd6, 0xf3, 0xd6, 0xb1, 
	0x9c, 0xe7, 0x9c, 0xe5, 0xad, 0xab, 0xa5, 0x29, 
	0xad, 0x6b, 0xb5, 0xad, 0xce, 0x73, 0x5a, 0xd5, 
	0x7c, 0x1b, 0xb5, 0xad, 0x9d, 0x27, 0xad, 0x6b, 
	0xa5, 0x29, 0xad, 0x6b, 0xad, 0x69, 0xb5, 0xad, 
	0xb5, 0xad, 0xbd, 0xef, 0xbd, 0xef, 0xbd, 0xef, 
	0xb5, 0xad, 0xb5, 0xad, 0xce, 0x73, 0x4a, 0x4f, 
	0x84, 0x1f, 0xa5, 0x27, 0xb5, 0xad, 0xad, 0x69, 
	0xb5, 0xad, 0xad, 0xab, 0xa5, 0x29, 0x94, 0xa3, 
	0x9d, 0x27, 0xb5, 0xab, 0xad, 0x6b, 0xa5, 0x27, 
	0xad, 0x6b, 0xa5, 0x29, 0xce, 0x73, 0x42, 0x4f, 
	0x6b, 0x59, 0x94, 0xa3, 0xa5, 0x27, 0xbd, 0xef, 
	0xb5, 0xed, 0xad, 0xab, 0xb5, 0xab, 0xa5, 0x27, 
	0xa5, 0x27, 0xb5, 0xad, 0xb5, 0xad, 0xad, 0x6b, 
	0xad, 0x69, 0x9c, 0xe7, 0xc6, 0x2f, 0x4a, 0x91, 
	0x6b, 0x59, 0xa5, 0x27, 0xb5, 0xad, 0xad, 0x69, 
	0xb5, 0xad, 0xb5, 0xad, 0xa5, 0x69, 0xad, 0x69, 
	0xbd, 0xef, 0xc6, 0x31, 0xbd, 0xef, 0xa5, 0x69, 
	0xa5, 0x29, 0x9c, 0xe7, 0xb5, 0xed, 0x42, 0x4f, 
	0x7c, 0x1d, 0xad, 0x6b, 0xad, 0x6b, 0xb5, 0xad, 
	0xb5, 0xab, 0xad, 0xab, 0xc6, 0x31, 0xad, 0x69, 
	0xad, 0x69, 0xbd, 0xef, 0xad, 0x6b, 0xad, 0x69, 
	0xa5, 0x69, 0x94, 0xa3, 0xc6, 0x2f, 0x42, 0x4f, 
	0x6b, 0x99, 0xad, 0x6b, 0xad, 0x6b, 0xc6, 0x2f, 
	0xc6, 0x31, 0xb5, 0xad, 0xad, 0x69, 0xb5, 0xad, 
	0xc6, 0x2f, 0xc6, 0x31, 0xc6, 0x31, 0xad, 0xab, 
	0x94, 0xe3, 0x8c, 0x61, 0xad, 0x69, 0x42, 0x4f, 
	0x84, 0x1f, 0xa5, 0x69, 0xb5, 0xad, 0xad, 0x6b, 
	0xb5, 0xad, 0xad, 0x69, 0xa5, 0x67, 0x9d, 0x25, 
	0xb5, 0xab, 0xa5, 0x27, 0x9d, 0x25, 0x9c, 0xe5, 
	0x8c, 0xa1, 0x8c, 0x61, 0xbd, 0xef, 0x4a, 0x8f, 
	0x73, 0x9b, 0x9c, 0xe7, 0xa5, 0x69, 0xa5, 0x69, 
	0xb5, 0xad, 0x94, 0xe3, 0xce, 0x73, 0xb5, 0xed, 
	0xc6, 0x31, 0xb5, 0xad, 0xad, 0xab, 0xad, 0xab, 
	0x9c, 0xe5, 0x73, 0xd9, 0xa5, 0x25, 0x42, 0x4f, 
	0x7b, 0xdd, 0xa5, 0x29, 0x94, 0xa3, 0xbd, 0xef, 
	0xb5, 0xad, 0xad, 0x69, 0xb5, 0xab, 0xb5, 0xed, 
	0xad, 0xab, 0xa5, 0x67, 0xa5, 0x67, 0x9c, 0xe5, 
	0x94, 0xe3, 0x84, 0x5f, 0xa5, 0x27, 0x52, 0x93, 
	0x73, 0x99, 0x9c, 0xe7, 0x9c, 0xe7, 0xb5, 0xad, 
	0xa5, 0x27, 0x8c, 0x9f, 0xce, 0x73, 0x9d, 0x25, 
	0x63, 0x19, 0x63, 0x59, 0x63, 0x59, 0x63, 0x17, 
	0x63, 0x59, 0x6b, 0x59, 0x63, 0x57, 0x42, 0x4f, 
	0x73, 0x9b, 0x63, 0x57, 0x63, 0x17, 0x6b, 0x5b, 
	0x63, 0x19, 0x5b, 0x15, 0x63, 0x17, 0x63, 0x17, 
	0x63, 0x19, 0x6b, 0x59, 0x63, 0x57, 0x6b, 0x57, 
	0x73, 0xdb, 0x6b, 0x99, 0x6b, 0x59, 0x42, 0x4d, 
	0x7b, 0xdd, 0x6b, 0x57, 0x73, 0x9d, 0x63, 0x17, 
	0x63, 0x19, 0x63, 0x19, 0x5b, 0x15, 0x63, 0x59, 
	0x42, 0x4f, 0x42, 0x4f, 0x4a, 0x8f, 0x42, 0x4f, 
	0x4a, 0x8f, 0x42, 0x4f, 0x42, 0x4f, 0x4a, 0x8f, 
	0x42, 0x4f, 0x42, 0x4f, 0x4a, 0x4f, 0x42, 0x4f, 
	0x42, 0x4f, 0x42, 0x4f, 0x42, 0x4f, 0x42, 0x4f, 
	0x42, 0x4f, 0x4a, 0x4f, 0x52, 0x91, 0x4a, 0x8d, 
	0x4a, 0x4f, 0x4a, 0x4f, 0x42, 0x4d, 0x4a, 0x8f, 
	0x42, 0x4d, 0x42, 0x4f, 0x42, 0x4f, 0x42, 0x4f, 
	0x42, 0x4f, 0x4a, 0x4f, 0x42, 0x4f, 0x4a, 0x4f, 
	
};

Vtx totwc_dl_totwc_seg7_dl_07005D28_mesh_mesh_layer_1_vtx_cull[8] = {
	{{{-4607, -8648, 4607}, 0, {0, 0}, {0x00, 0x00, 0x00, 0x00}}},
	{{{-4607, 3982, 4607}, 0, {0, 0}, {0x00, 0x00, 0x00, 0x00}}},
	{{{-4607, 3982, -4607}, 0, {0, 0}, {0x00, 0x00, 0x00, 0x00}}},
	{{{-4607, -8648, -4607}, 0, {0, 0}, {0x00, 0x00, 0x00, 0x00}}},
	{{{4607, -8648, 4607}, 0, {0, 0}, {0x00, 0x00, 0x00, 0x00}}},
	{{{4607, 3982, 4607}, 0, {0, 0}, {0x00, 0x00, 0x00, 0x00}}},
	{{{4607, 3982, -4607}, 0, {0, 0}, {0x00, 0x00, 0x00, 0x00}}},
	{{{4607, -8648, -4607}, 0, {0, 0}, {0x00, 0x00, 0x00, 0x00}}},
};

Vtx totwc_dl_totwc_seg7_dl_07005D28_mesh_mesh_layer_1_vtx_0[1358] = {
	{{{4092, 1183, -4093}, 0, {54, 949}, {0xDD, 0xFF, 0xC8, 0xFF}}},
	{{{4535, 1176, -3664}, 0, {11, 1007}, {0xDD, 0xFF, 0xC8, 0xFF}}},
	{{{4535, 1176, -4523}, 0, {981, 1007}, {0xDD, 0xFF, 0xC8, 0xFF}}},
	{{{4092, 1183, -4093}, 0, {938, 949}, {0xDD, 0xFF, 0xC8, 0xFF}}},
	{{{3649, 1176, -4523}, 0, {981, 1007}, {0xDD, 0xFF, 0xC8, 0xFF}}},
	{{{3649, 1176, -3664}, 0, {11, 1007}, {0xDD, 0xFF, 0xC8, 0xFF}}},
	{{{4521, 1176, -4536}, 0, {981, 1007}, {0xDD, 0xFF, 0xC8, 0xFF}}},
	{{{3663, 1176, -4536}, 0, {11, 1007}, {0xDD, 0xFF, 0xC8, 0xFF}}},
	{{{4092, 1183, -4093}, 0, {54, 949}, {0xDD, 0xFF, 0xC8, 0xFF}}},
	{{{3663, 1176, -3650}, 0, {11, 1007}, {0xDD, 0xFF, 0xC8, 0xFF}}},
	{{{4521, 1176, -3650}, 0, {981, 1007}, {0xDD, 0xFF, 0xC8, 0xFF}}},
	{{{4092, 1183, -4093}, 0, {54, 949}, {0xDD, 0xFF, 0xC8, 0xFF}}},
	{{{3649, 1176, -4523}, 0, {3, 997}, {0xDD, 0xFF, 0xC8, 0xFF}}},
	{{{4092, 1183, -4093}, 0, {39, 949}, {0xDD, 0xFF, 0xC8, 0xFF}}},
	{{{4521, 1176, -3650}, 0, {3, 997}, {0xDD, 0xFF, 0xC8, 0xFF}}},
	{{{4092, 1183, -4093}, 0, {54, 949}, {0xDD, 0xFF, 0xC8, 0xFF}}},
	{{{4092, 1183, -4093}, 0, {938, 949}, {0xDD, 0xFF, 0xC8, 0xFF}}},
	{{{4093, 1183, 4092}, 0, {54, 949}, {0xFE, 0xFF, 0xCB, 0xFF}}},
	{{{3664, 1176, 4535}, 0, {11, 1007}, {0xFE, 0xFF, 0xCB, 0xFF}}},
	{{{4523, 1176, 4535}, 0, {981, 1007}, {0xFE, 0xFF, 0xCB, 0xFF}}},
	{{{4093, 1183, 4092}, 0, {938, 949}, {0xFE, 0xFF, 0xCB, 0xFF}}},
	{{{4523, 1176, 3649}, 0, {981, 1007}, {0xFE, 0xFF, 0xCB, 0xFF}}},
	{{{3664, 1176, 3649}, 0, {11, 1007}, {0xFE, 0xFF, 0xCB, 0xFF}}},
	{{{4536, 1176, 4521}, 0, {981, 1007}, {0xFE, 0xFF, 0xCB, 0xFF}}},
	{{{4536, 1176, 3663}, 0, {11, 1007}, {0xFE, 0xFF, 0xCB, 0xFF}}},
	{{{4093, 1183, 4092}, 0, {54, 949}, {0xFE, 0xFF, 0xCB, 0xFF}}},
	{{{3650, 1176, 3663}, 0, {11, 1007}, {0xFE, 0xFF, 0xCB, 0xFF}}},
	{{{3650, 1176, 4521}, 0, {981, 1007}, {0xFE, 0xFF, 0xCB, 0xFF}}},
	{{{4093, 1183, 4092}, 0, {54, 949}, {0xFE, 0xFF, 0xCB, 0xFF}}},
	{{{4523, 1176, 3649}, 0, {3, 997}, {0xFE, 0xFF, 0xCB, 0xFF}}},
	{{{4093, 1183, 4092}, 0, {39, 949}, {0xFE, 0xFF, 0xCB, 0xFF}}},
	{{{3650, 1176, 4521}, 0, {3, 997}, {0xFE, 0xFF, 0xCB, 0xFF}}},
	{{{4093, 1183, 4092}, 0, {54, 949}, {0xFE, 0xFF, 0xCB, 0xFF}}},
	{{{4093, 1183, 4092}, 0, {938, 949}, {0xFE, 0xFF, 0xCB, 0xFF}}},
	{{{-4092, 1183, 4093}, 0, {54, 949}, {0xC5, 0xF8, 0xFF, 0xFF}}},
	{{{-4535, 1176, 3664}, 0, {11, 1007}, {0xC5, 0xF8, 0xFF, 0xFF}}},
	{{{-4535, 1176, 4523}, 0, {981, 1007}, {0xC5, 0xF8, 0xFF, 0xFF}}},
	{{{-4092, 1183, 4093}, 0, {938, 949}, {0xC5, 0xF8, 0xFF, 0xFF}}},
	{{{-3649, 1176, 4523}, 0, {981, 1007}, {0xC5, 0xF8, 0xFF, 0xFF}}},
	{{{-3649, 1176, 3664}, 0, {11, 1007}, {0xC5, 0xF8, 0xFF, 0xFF}}},
	{{{-4521, 1176, 4536}, 0, {981, 1007}, {0xC5, 0xF8, 0xFF, 0xFF}}},
	{{{-3663, 1176, 4536}, 0, {11, 1007}, {0xC5, 0xF8, 0xFF, 0xFF}}},
	{{{-4092, 1183, 4093}, 0, {54, 949}, {0xC5, 0xF8, 0xFF, 0xFF}}},
	{{{-3663, 1176, 3650}, 0, {11, 1007}, {0xC5, 0xF8, 0xFF, 0xFF}}},
	{{{-4521, 1176, 3650}, 0, {981, 1007}, {0xC5, 0xF8, 0xFF, 0xFF}}},
	{{{-4092, 1183, 4093}, 0, {54, 949}, {0xC5, 0xF8, 0xFF, 0xFF}}},
	{{{-3649, 1176, 4523}, 0, {3, 997}, {0xC5, 0xF8, 0xFF, 0xFF}}},
	{{{-4092, 1183, 4093}, 0, {39, 949}, {0xC5, 0xF8, 0xFF, 0xFF}}},
	{{{-4521, 1176, 3650}, 0, {3, 997}, {0xC5, 0xF8, 0xFF, 0xFF}}},
	{{{-4092, 1183, 4093}, 0, {54, 949}, {0xC5, 0xF8, 0xFF, 0xFF}}},
	{{{-4092, 1183, 4093}, 0, {938, 949}, {0xC5, 0xF8, 0xFF, 0xFF}}},
	{{{-4093, 1183, -4092}, 0, {54, 949}, {0xBE, 0xDA, 0xFB, 0xFF}}},
	{{{-3664, 1176, -4535}, 0, {11, 1007}, {0xBE, 0xDA, 0xFB, 0xFF}}},
	{{{-4523, 1176, -4535}, 0, {981, 1007}, {0xBE, 0xDA, 0xFB, 0xFF}}},
	{{{-4093, 1183, -4092}, 0, {938, 949}, {0xBE, 0xDA, 0xFB, 0xFF}}},
	{{{-4523, 1176, -3649}, 0, {981, 1007}, {0xBE, 0xDA, 0xFB, 0xFF}}},
	{{{-3664, 1176, -3649}, 0, {11, 1007}, {0xBE, 0xDA, 0xFB, 0xFF}}},
	{{{-4536, 1176, -4521}, 0, {981, 1007}, {0xBE, 0xDA, 0xFB, 0xFF}}},
	{{{-4536, 1176, -3663}, 0, {11, 1007}, {0xBE, 0xDA, 0xFB, 0xFF}}},
	{{{-4093, 1183, -4092}, 0, {54, 949}, {0xBE, 0xDA, 0xFB, 0xFF}}},
	{{{-3650, 1176, -3663}, 0, {11, 1007}, {0xBE, 0xDA, 0xFB, 0xFF}}},
	{{{-3650, 1176, -4521}, 0, {981, 1007}, {0xBE, 0xDA, 0xFB, 0xFF}}},
	{{{-4093, 1183, -4092}, 0, {54, 949}, {0xBE, 0xDA, 0xFB, 0xFF}}},
	{{{-4523, 1176, -3649}, 0, {3, 997}, {0xBE, 0xDA, 0xFB, 0xFF}}},
	{{{-3664, 1176, -4535}, 0, {11, 1007}, {0xBE, 0xDA, 0xFB, 0xFF}}},
	{{{-4093, 1183, -4092}, 0, {39, 949}, {0xBE, 0xDA, 0xFB, 0xFF}}},
	{{{-3650, 1176, -4521}, 0, {3, 997}, {0xBE, 0xDA, 0xFB, 0xFF}}},
	{{{-3650, 1176, -3663}, 0, {11, 1007}, {0xBE, 0xDA, 0xFB, 0xFF}}},
	{{{-4093, 1183, -4092}, 0, {54, 949}, {0xBE, 0xDA, 0xFB, 0xFF}}},
	{{{-3664, 1176, -3649}, 0, {11, 1007}, {0xBE, 0xDA, 0xFB, 0xFF}}},
	{{{-4536, 1176, -4521}, 0, {981, 1007}, {0xBE, 0xDA, 0xFB, 0xFF}}},
	{{{-4093, 1183, -4092}, 0, {938, 949}, {0xBE, 0xDA, 0xFB, 0xFF}}},
	{{{-4523, 1176, -4535}, 0, {981, 1007}, {0xBE, 0xDA, 0xFB, 0xFF}}},
	{{{3640, 1164, -3632}, 0, {997, 856}, {0xDD, 0xFF, 0xC8, 0xFF}}},
	{{{3640, 1040, -3632}, 0, {997, 997}, {0xDD, 0xFF, 0xC8, 0xFF}}},
	{{{4543, 1040, -3632}, 0, {-5, 997}, {0xDD, 0xFF, 0xC8, 0xFF}}},
	{{{4543, 1164, -3632}, 0, {-5, 856}, {0xDD, 0xFF, 0xC8, 0xFF}}},
	{{{4521, 1176, -3650}, 0, {11, 845}, {0xDD, 0xFF, 0xC8, 0xFF}}},
	{{{3663, 1176, -3650}, 0, {981, 845}, {0xDD, 0xFF, 0xC8, 0xFF}}},
	{{{3630, 1164, -4545}, 0, {997, 856}, {0xDD, 0xFF, 0xC8, 0xFF}}},
	{{{3630, 1040, -4545}, 0, {997, 997}, {0xDD, 0xFF, 0xC8, 0xFF}}},
	{{{3630, 1040, -3642}, 0, {-5, 997}, {0xDD, 0xFF, 0xC8, 0xFF}}},
	{{{3630, 1164, -3642}, 0, {-5, 856}, {0xDD, 0xFF, 0xC8, 0xFF}}},
	{{{3640, 1040, -3632}, 0, {-16, 997}, {0xDD, 0xFF, 0xC8, 0xFF}}},
	{{{3652, 1028, -3642}, 0, {-5, 1008}, {0xDD, 0xFF, 0xC8, 0xFF}}},
	{{{3640, 1028, -3653}, 0, {8, 1008}, {0xDD, 0xFF, 0xC8, 0xFF}}},
	{{{3640, 1164, -3632}, 0, {-16, 856}, {0xDD, 0xFF, 0xC8, 0xFF}}},
	{{{3663, 1176, -3650}, 0, {-5, 845}, {0xDD, 0xFF, 0xC8, 0xFF}}},
	{{{3649, 1176, -3664}, 0, {11, 845}, {0xDD, 0xFF, 0xC8, 0xFF}}},
	{{{3649, 1176, -4523}, 0, {981, 845}, {0xDD, 0xFF, 0xC8, 0xFF}}},
	{{{3649, 1176, -4523}, 0, {996, 589}, {0xDD, 0xFF, 0xC8, 0xFF}}},
	{{{3663, 1176, -4536}, 0, {1004, 579}, {0xDD, 0xFF, 0xC8, 0xFF}}},
	{{{3640, 1164, -4555}, 0, {1019, 598}, {0xDD, 0xFF, 0xC8, 0xFF}}},
	{{{3630, 1164, -4545}, 0, {1012, 604}, {0xDD, 0xFF, 0xC8, 0xFF}}},
	{{{3640, 1040, -4555}, 0, {1008, 997}, {0xDD, 0xFF, 0xC8, 0xFF}}},
	{{{3652, 1028, -4545}, 0, {997, 1008}, {0xDD, 0xFF, 0xC8, 0xFF}}},
	{{{3640, 1028, -4534}, 0, {984, 1008}, {0xDD, 0xFF, 0xC8, 0xFF}}},
	{{{4553, 1164, -4545}, 0, {-5, 856}, {0xDD, 0xFF, 0xC8, 0xFF}}},
	{{{4543, 1164, -4555}, 0, {-16, 856}, {0xDD, 0xFF, 0xC8, 0xFF}}},
	{{{4521, 1176, -4536}, 0, {-5, 845}, {0xDD, 0xFF, 0xC8, 0xFF}}},
	{{{4535, 1176, -4523}, 0, {11, 845}, {0xDD, 0xFF, 0xC8, 0xFF}}},
	{{{4553, 1164, -3642}, 0, {997, 856}, {0xDD, 0xFF, 0xC8, 0xFF}}},
	{{{4535, 1176, -3664}, 0, {981, 845}, {0xDD, 0xFF, 0xC8, 0xFF}}},
	{{{4521, 1176, -3650}, 0, {997, 845}, {0xDD, 0xFF, 0xC8, 0xFF}}},
	{{{4543, 1164, -3632}, 0, {1008, 856}, {0xDD, 0xFF, 0xC8, 0xFF}}},
	{{{4553, 1040, -3642}, 0, {997, 997}, {0xDD, 0xFF, 0xC8, 0xFF}}},
	{{{4543, 1040, -3632}, 0, {1008, 997}, {0xDD, 0xFF, 0xC8, 0xFF}}},
	{{{4553, 1040, -4545}, 0, {-5, 997}, {0xDD, 0xFF, 0xC8, 0xFF}}},
	{{{4467, -5264, -4479}, 0, {54, 7860}, {0xDD, 0xFF, 0xC8, 0xFF}}},
	{{{4504, 1020, -4494}, 0, {81, 292}, {0xDD, 0xFF, 0xC8, 0xFF}}},
	{{{4477, -5264, -4468}, 0, {81, 7860}, {0xDD, 0xFF, 0xC8, 0xFF}}},
	{{{4493, 1020, -4505}, 0, {54, 292}, {0xDD, 0xFF, 0xC8, 0xFF}}},
	{{{3717, -5264, -4479}, 0, {-1877, 7860}, {0xDD, 0xFF, 0xC8, 0xFF}}},
	{{{3691, 1020, -4505}, 0, {-1877, 292}, {0xDD, 0xFF, 0xC8, 0xFF}}},
	{{{3707, -5264, -4468}, 0, {54, 7860}, {0xDD, 0xFF, 0xC8, 0xFF}}},
	{{{3691, 1020, -4505}, 0, {81, 292}, {0xDD, 0xFF, 0xC8, 0xFF}}},
	{{{3717, -5264, -4479}, 0, {81, 7857}, {0xDD, 0xFF, 0xC8, 0xFF}}},
	{{{3680, 1020, -4494}, 0, {54, 292}, {0xDD, 0xFF, 0xC8, 0xFF}}},
	{{{3707, -5264, -3719}, 0, {-1877, 7860}, {0xDD, 0xFF, 0xC8, 0xFF}}},
	{{{3680, 1020, -3693}, 0, {-1877, 292}, {0xDD, 0xFF, 0xC8, 0xFF}}},
	{{{3717, -5264, -3708}, 0, {-1904, 7860}, {0xDD, 0xFF, 0xC8, 0xFF}}},
	{{{3691, 1020, -3681}, 0, {-1904, 292}, {0xDD, 0xFF, 0xC8, 0xFF}}},
	{{{4477, -5264, -3719}, 0, {171, 7860}, {0xDD, 0xFF, 0xC8, 0xFF}}},
	{{{4493, 1020, -3681}, 0, {144, 292}, {0xDD, 0xFF, 0xC8, 0xFF}}},
	{{{4467, -5264, -3708}, 0, {144, 7860}, {0xDD, 0xFF, 0xC8, 0xFF}}},
	{{{4504, 1020, -3693}, 0, {171, 292}, {0xDD, 0xFF, 0xC8, 0xFF}}},
	{{{4477, -5264, -4468}, 0, {2102, 7860}, {0xDD, 0xFF, 0xC8, 0xFF}}},
	{{{4504, 1020, -4494}, 0, {2102, 292}, {0xDD, 0xFF, 0xC8, 0xFF}}},
	{{{3640, 1164, -4555}, 0, {-5, 856}, {0xDD, 0xFF, 0xC8, 0xFF}}},
	{{{3630, 1040, -4545}, 0, {-16, 997}, {0xDD, 0xFF, 0xC8, 0xFF}}},
	{{{3630, 1164, -4545}, 0, {-16, 856}, {0xDD, 0xFF, 0xC8, 0xFF}}},
	{{{3640, 1040, -4555}, 0, {-5, 997}, {0xDD, 0xFF, 0xC8, 0xFF}}},
	{{{4543, 1164, -4555}, 0, {997, 856}, {0xDD, 0xFF, 0xC8, 0xFF}}},
	{{{3663, 1176, -4536}, 0, {11, 845}, {0xDD, 0xFF, 0xC8, 0xFF}}},
	{{{4521, 1176, -4536}, 0, {981, 845}, {0xDD, 0xFF, 0xC8, 0xFF}}},
	{{{4543, 1040, -4555}, 0, {997, 997}, {0xDD, 0xFF, 0xC8, 0xFF}}},
	{{{4553, 1164, -4545}, 0, {1008, 856}, {0xDD, 0xFF, 0xC8, 0xFF}}},
	{{{4553, 1040, -4545}, 0, {1008, 997}, {0xDD, 0xFF, 0xC8, 0xFF}}},
	{{{3652, 1028, -3642}, 0, {-16, 1008}, {0xDD, 0xFF, 0xC8, 0xFF}}},
	{{{4543, 1040, -3632}, 0, {-16, 1008}, {0xDD, 0xFF, 0xC8, 0xFF}}},
	{{{3640, 1040, -3632}, 0, {-16, 1008}, {0xDD, 0xFF, 0xC8, 0xFF}}},
	{{{4532, 1028, -3642}, 0, {-16, 1008}, {0xDD, 0xFF, 0xC8, 0xFF}}},
	{{{3691, 1020, -3681}, 0, {-16, 1008}, {0xDD, 0xFF, 0xC8, 0xFF}}},
	{{{3640, 1028, -3653}, 0, {-16, 1008}, {0xDD, 0xFF, 0xC8, 0xFF}}},
	{{{3680, 1020, -3693}, 0, {-16, 1008}, {0xDD, 0xFF, 0xC8, 0xFF}}},
	{{{3680, 1020, -4494}, 0, {-16, 1008}, {0xDD, 0xFF, 0xC8, 0xFF}}},
	{{{3640, 1028, -4534}, 0, {-16, 1008}, {0xDD, 0xFF, 0xC8, 0xFF}}},
	{{{3630, 1040, -3642}, 0, {-16, 1008}, {0xDD, 0xFF, 0xC8, 0xFF}}},
	{{{3630, 1040, -4545}, 0, {-16, 1008}, {0xDD, 0xFF, 0xC8, 0xFF}}},
	{{{3652, 1028, -4545}, 0, {-16, 1008}, {0xDD, 0xFF, 0xC8, 0xFF}}},
	{{{3691, 1020, -4505}, 0, {-16, 1008}, {0xDD, 0xFF, 0xC8, 0xFF}}},
	{{{4493, 1020, -4505}, 0, {-16, 1008}, {0xDD, 0xFF, 0xC8, 0xFF}}},
	{{{4532, 1028, -4545}, 0, {-16, 1008}, {0xDD, 0xFF, 0xC8, 0xFF}}},
	{{{3640, 1040, -4555}, 0, {-16, 1008}, {0xDD, 0xFF, 0xC8, 0xFF}}},
	{{{4543, 1040, -4555}, 0, {-16, 1008}, {0xDD, 0xFF, 0xC8, 0xFF}}},
	{{{4553, 1040, -4545}, 0, {-16, 1008}, {0xDD, 0xFF, 0xC8, 0xFF}}},
	{{{4544, 1028, -4534}, 0, {-16, 1008}, {0xDD, 0xFF, 0xC8, 0xFF}}},
	{{{4544, 1028, -3653}, 0, {-16, 1008}, {0xDD, 0xFF, 0xC8, 0xFF}}},
	{{{4553, 1040, -3642}, 0, {-16, 1008}, {0xDD, 0xFF, 0xC8, 0xFF}}},
	{{{4504, 1020, -3693}, 0, {-16, 1008}, {0xDD, 0xFF, 0xC8, 0xFF}}},
	{{{4493, 1020, -3681}, 0, {-16, 1008}, {0xDD, 0xFF, 0xC8, 0xFF}}},
	{{{4504, 1020, -4494}, 0, {-16, 1008}, {0xDD, 0xFF, 0xC8, 0xFF}}},
	{{{4501, 1349, -3908}, 0, {718, 687}, {0xDD, 0xFF, 0xC8, 0xFF}}},
	{{{4557, 1349, -3987}, 0, {635, 687}, {0xDD, 0xFF, 0xC8, 0xFF}}},
	{{{4501, 1349, -4093}, 0, {496, 687}, {0xDD, 0xFF, 0xC8, 0xFF}}},
	{{{4580, 1349, -4093}, 0, {496, 687}, {0xDD, 0xFF, 0xC8, 0xFF}}},
	{{{4563, 1329, -3979}, 0, {650, 703}, {0xDD, 0xFF, 0xC8, 0xFF}}},
	{{{4501, 1349, -3908}, 0, {725, 687}, {0xDD, 0xFF, 0xC8, 0xFF}}},
	{{{4500, 1329, -3894}, 0, {740, 703}, {0xDD, 0xFF, 0xC8, 0xFF}}},
	{{{4556, 1310, -3990}, 0, {639, 720}, {0xDD, 0xFF, 0xC8, 0xFF}}},
	{{{4501, 1310, -3908}, 0, {725, 720}, {0xDD, 0xFF, 0xC8, 0xFF}}},
	{{{4501, 1310, -3913}, 0, {717, 720}, {0xDD, 0xFF, 0xC8, 0xFF}}},
	{{{4551, 1273, -4004}, 0, {624, 747}, {0xDD, 0xFF, 0xC8, 0xFF}}},
	{{{4501, 1273, -3937}, 0, {682, 747}, {0xDD, 0xFF, 0xC8, 0xFF}}},
	{{{4534, 1231, -4054}, 0, {546, 790}, {0xDD, 0xFF, 0xC8, 0xFF}}},
	{{{4501, 1231, -4024}, 0, {555, 790}, {0xDD, 0xFF, 0xC8, 0xFF}}},
	{{{4501, 1218, -4093}, 0, {496, 794}, {0xDD, 0xFF, 0xC8, 0xFF}}},
	{{{4542, 1231, -4093}, 0, {496, 790}, {0xDD, 0xFF, 0xC8, 0xFF}}},
	{{{4534, 1231, -4133}, 0, {546, 790}, {0xDD, 0xFF, 0xC8, 0xFF}}},
	{{{4501, 1231, -4162}, 0, {555, 790}, {0xDD, 0xFF, 0xC8, 0xFF}}},
	{{{4501, 1273, -4250}, 0, {682, 747}, {0xDD, 0xFF, 0xC8, 0xFF}}},
	{{{4551, 1273, -4183}, 0, {624, 747}, {0xDD, 0xFF, 0xC8, 0xFF}}},
	{{{4501, 1310, -4274}, 0, {717, 720}, {0xDD, 0xFF, 0xC8, 0xFF}}},
	{{{4556, 1310, -4197}, 0, {639, 720}, {0xDD, 0xFF, 0xC8, 0xFF}}},
	{{{4501, 1310, -4279}, 0, {725, 720}, {0xDD, 0xFF, 0xC8, 0xFF}}},
	{{{4563, 1329, -4208}, 0, {650, 703}, {0xDD, 0xFF, 0xC8, 0xFF}}},
	{{{4500, 1329, -4293}, 0, {740, 703}, {0xDD, 0xFF, 0xC8, 0xFF}}},
	{{{4501, 1349, -4279}, 0, {725, 687}, {0xDD, 0xFF, 0xC8, 0xFF}}},
	{{{4557, 1349, -4200}, 0, {635, 687}, {0xDD, 0xFF, 0xC8, 0xFF}}},
	{{{4501, 1349, -4279}, 0, {718, 687}, {0xDD, 0xFF, 0xC8, 0xFF}}},
	{{{4587, 1329, -4093}, 0, {496, 703}, {0xDD, 0xFF, 0xC8, 0xFF}}},
	{{{4578, 1310, -4093}, 0, {496, 720}, {0xDD, 0xFF, 0xC8, 0xFF}}},
	{{{4556, 1310, -3990}, 0, {639, 720}, {0xDD, 0xFF, 0xC8, 0xFF}}},
	{{{4570, 1273, -4093}, 0, {496, 747}, {0xDD, 0xFF, 0xC8, 0xFF}}},
	{{{4578, 1310, -4093}, 0, {496, 720}, {0xDD, 0xFF, 0xC8, 0xFF}}},
	{{{4551, 1273, -4004}, 0, {624, 747}, {0xDD, 0xFF, 0xC8, 0xFF}}},
	{{{4534, 1231, -4054}, 0, {546, 790}, {0xDD, 0xFF, 0xC8, 0xFF}}},
	{{{4542, 1231, -4093}, 0, {496, 790}, {0xDD, 0xFF, 0xC8, 0xFF}}},
	{{{4534, 1231, -4133}, 0, {546, 790}, {0xDD, 0xFF, 0xC8, 0xFF}}},
	{{{4551, 1273, -4183}, 0, {624, 747}, {0xDD, 0xFF, 0xC8, 0xFF}}},
	{{{4556, 1310, -4197}, 0, {639, 720}, {0xDD, 0xFF, 0xC8, 0xFF}}},
	{{{4587, 1329, -4093}, 0, {496, 703}, {0xDD, 0xFF, 0xC8, 0xFF}}},
	{{{4563, 1329, -4208}, 0, {650, 703}, {0xDD, 0xFF, 0xC8, 0xFF}}},
	{{{3683, 1349, -4279}, 0, {718, 687}, {0xDD, 0xFF, 0xC8, 0xFF}}},
	{{{3626, 1349, -4200}, 0, {635, 687}, {0xDD, 0xFF, 0xC8, 0xFF}}},
	{{{3683, 1349, -4093}, 0, {496, 687}, {0xDD, 0xFF, 0xC8, 0xFF}}},
	{{{3604, 1349, -4093}, 0, {496, 687}, {0xDD, 0xFF, 0xC8, 0xFF}}},
	{{{3621, 1329, -4208}, 0, {650, 703}, {0xDD, 0xFF, 0xC8, 0xFF}}},
	{{{3683, 1349, -4279}, 0, {725, 687}, {0xDD, 0xFF, 0xC8, 0xFF}}},
	{{{3684, 1329, -4293}, 0, {740, 703}, {0xDD, 0xFF, 0xC8, 0xFF}}},
	{{{3627, 1310, -4197}, 0, {639, 720}, {0xDD, 0xFF, 0xC8, 0xFF}}},
	{{{3683, 1310, -4279}, 0, {725, 720}, {0xDD, 0xFF, 0xC8, 0xFF}}},
	{{{3683, 1310, -4274}, 0, {717, 720}, {0xDD, 0xFF, 0xC8, 0xFF}}},
	{{{3632, 1273, -4183}, 0, {624, 747}, {0xDD, 0xFF, 0xC8, 0xFF}}},
	{{{3683, 1273, -4250}, 0, {682, 747}, {0xDD, 0xFF, 0xC8, 0xFF}}},
	{{{3650, 1231, -4133}, 0, {546, 790}, {0xDD, 0xFF, 0xC8, 0xFF}}},
	{{{3683, 1231, -4162}, 0, {555, 790}, {0xDD, 0xFF, 0xC8, 0xFF}}},
	{{{3683, 1218, -4093}, 0, {496, 794}, {0xDD, 0xFF, 0xC8, 0xFF}}},
	{{{3642, 1231, -4093}, 0, {496, 790}, {0xDD, 0xFF, 0xC8, 0xFF}}},
	{{{3650, 1231, -4054}, 0, {546, 790}, {0xDD, 0xFF, 0xC8, 0xFF}}},
	{{{3683, 1231, -4024}, 0, {555, 790}, {0xDD, 0xFF, 0xC8, 0xFF}}},
	{{{3683, 1273, -3937}, 0, {682, 747}, {0xDD, 0xFF, 0xC8, 0xFF}}},
	{{{3632, 1273, -4004}, 0, {624, 747}, {0xDD, 0xFF, 0xC8, 0xFF}}},
	{{{3683, 1310, -3913}, 0, {717, 720}, {0xDD, 0xFF, 0xC8, 0xFF}}},
	{{{3627, 1310, -3990}, 0, {639, 720}, {0xDD, 0xFF, 0xC8, 0xFF}}},
	{{{3683, 1310, -3908}, 0, {725, 720}, {0xDD, 0xFF, 0xC8, 0xFF}}},
	{{{3621, 1329, -3979}, 0, {650, 703}, {0xDD, 0xFF, 0xC8, 0xFF}}},
	{{{3684, 1329, -3894}, 0, {740, 703}, {0xDD, 0xFF, 0xC8, 0xFF}}},
	{{{3683, 1349, -3908}, 0, {725, 687}, {0xDD, 0xFF, 0xC8, 0xFF}}},
	{{{3626, 1349, -3987}, 0, {635, 687}, {0xDD, 0xFF, 0xC8, 0xFF}}},
	{{{3683, 1349, -3908}, 0, {718, 687}, {0xDD, 0xFF, 0xC8, 0xFF}}},
	{{{3597, 1329, -4093}, 0, {496, 703}, {0xDD, 0xFF, 0xC8, 0xFF}}},
	{{{3606, 1310, -4093}, 0, {496, 720}, {0xDD, 0xFF, 0xC8, 0xFF}}},
	{{{3614, 1273, -4093}, 0, {496, 747}, {0xDD, 0xFF, 0xC8, 0xFF}}},
	{{{4278, 1349, -4502}, 0, {718, 687}, {0xDD, 0xFF, 0xC8, 0xFF}}},
	{{{4199, 1349, -4559}, 0, {635, 687}, {0xDD, 0xFF, 0xC8, 0xFF}}},
	{{{4092, 1349, -4502}, 0, {496, 687}, {0xDD, 0xFF, 0xC8, 0xFF}}},
	{{{4092, 1349, -4581}, 0, {496, 687}, {0xDD, 0xFF, 0xC8, 0xFF}}},
	{{{4206, 1329, -4565}, 0, {650, 703}, {0xDD, 0xFF, 0xC8, 0xFF}}},
	{{{4278, 1349, -4502}, 0, {725, 687}, {0xDD, 0xFF, 0xC8, 0xFF}}},
	{{{4291, 1329, -4501}, 0, {740, 703}, {0xDD, 0xFF, 0xC8, 0xFF}}},
	{{{4196, 1310, -4558}, 0, {639, 720}, {0xDD, 0xFF, 0xC8, 0xFF}}},
	{{{4278, 1310, -4502}, 0, {725, 720}, {0xDD, 0xFF, 0xC8, 0xFF}}},
	{{{4272, 1310, -4502}, 0, {717, 720}, {0xDD, 0xFF, 0xC8, 0xFF}}},
	{{{4182, 1273, -4553}, 0, {624, 747}, {0xDD, 0xFF, 0xC8, 0xFF}}},
	{{{4248, 1273, -4502}, 0, {682, 747}, {0xDD, 0xFF, 0xC8, 0xFF}}},
	{{{4132, 1231, -4535}, 0, {546, 790}, {0xDD, 0xFF, 0xC8, 0xFF}}},
	{{{4161, 1231, -4502}, 0, {555, 790}, {0xDD, 0xFF, 0xC8, 0xFF}}},
	{{{4092, 1218, -4502}, 0, {496, 794}, {0xDD, 0xFF, 0xC8, 0xFF}}},
	{{{4092, 1231, -4543}, 0, {496, 790}, {0xDD, 0xFF, 0xC8, 0xFF}}},
	{{{4052, 1231, -4535}, 0, {546, 790}, {0xDD, 0xFF, 0xC8, 0xFF}}},
	{{{4023, 1231, -4502}, 0, {555, 790}, {0xDD, 0xFF, 0xC8, 0xFF}}},
	{{{3935, 1273, -4502}, 0, {682, 747}, {0xDD, 0xFF, 0xC8, 0xFF}}},
	{{{4002, 1273, -4553}, 0, {624, 747}, {0xDD, 0xFF, 0xC8, 0xFF}}},
	{{{3911, 1310, -4502}, 0, {717, 720}, {0xDD, 0xFF, 0xC8, 0xFF}}},
	{{{3988, 1310, -4558}, 0, {639, 720}, {0xDD, 0xFF, 0xC8, 0xFF}}},
	{{{3988, 1310, -4558}, 0, {639, 720}, {0xDD, 0xFF, 0xC8, 0xFF}}},
	{{{3911, 1310, -4502}, 0, {717, 720}, {0xDD, 0xFF, 0xC8, 0xFF}}},
	{{{3906, 1310, -4502}, 0, {725, 720}, {0xDD, 0xFF, 0xC8, 0xFF}}},
	{{{3977, 1329, -4565}, 0, {650, 703}, {0xDD, 0xFF, 0xC8, 0xFF}}},
	{{{3892, 1329, -4501}, 0, {740, 703}, {0xDD, 0xFF, 0xC8, 0xFF}}},
	{{{3906, 1349, -4502}, 0, {725, 687}, {0xDD, 0xFF, 0xC8, 0xFF}}},
	{{{3985, 1349, -4559}, 0, {635, 687}, {0xDD, 0xFF, 0xC8, 0xFF}}},
	{{{4092, 1349, -4581}, 0, {496, 687}, {0xDD, 0xFF, 0xC8, 0xFF}}},
	{{{4092, 1349, -4502}, 0, {496, 687}, {0xDD, 0xFF, 0xC8, 0xFF}}},
	{{{3906, 1349, -4502}, 0, {718, 687}, {0xDD, 0xFF, 0xC8, 0xFF}}},
	{{{4092, 1329, -4589}, 0, {496, 703}, {0xDD, 0xFF, 0xC8, 0xFF}}},
	{{{4206, 1329, -4565}, 0, {650, 703}, {0xDD, 0xFF, 0xC8, 0xFF}}},
	{{{4196, 1310, -4558}, 0, {639, 720}, {0xDD, 0xFF, 0xC8, 0xFF}}},
	{{{4092, 1310, -4579}, 0, {496, 720}, {0xDD, 0xFF, 0xC8, 0xFF}}},
	{{{4092, 1273, -4572}, 0, {496, 747}, {0xDD, 0xFF, 0xC8, 0xFF}}},
	{{{4182, 1273, -4553}, 0, {624, 747}, {0xDD, 0xFF, 0xC8, 0xFF}}},
	{{{4132, 1231, -4535}, 0, {546, 790}, {0xDD, 0xFF, 0xC8, 0xFF}}},
	{{{4092, 1231, -4543}, 0, {496, 790}, {0xDD, 0xFF, 0xC8, 0xFF}}},
	{{{4052, 1231, -4535}, 0, {546, 790}, {0xDD, 0xFF, 0xC8, 0xFF}}},
	{{{4002, 1273, -4553}, 0, {624, 747}, {0xDD, 0xFF, 0xC8, 0xFF}}},
	{{{3906, 1349, -3685}, 0, {718, 687}, {0xDD, 0xFF, 0xC8, 0xFF}}},
	{{{3985, 1349, -3628}, 0, {635, 687}, {0xDD, 0xFF, 0xC8, 0xFF}}},
	{{{4092, 1349, -3685}, 0, {496, 687}, {0xDD, 0xFF, 0xC8, 0xFF}}},
	{{{4092, 1349, -3606}, 0, {496, 687}, {0xDD, 0xFF, 0xC8, 0xFF}}},
	{{{3977, 1329, -3622}, 0, {650, 703}, {0xDD, 0xFF, 0xC8, 0xFF}}},
	{{{3906, 1349, -3685}, 0, {725, 687}, {0xDD, 0xFF, 0xC8, 0xFF}}},
	{{{3892, 1329, -3685}, 0, {740, 703}, {0xDD, 0xFF, 0xC8, 0xFF}}},
	{{{3988, 1310, -3629}, 0, {639, 720}, {0xDD, 0xFF, 0xC8, 0xFF}}},
	{{{3906, 1310, -3685}, 0, {725, 720}, {0xDD, 0xFF, 0xC8, 0xFF}}},
	{{{3911, 1310, -3685}, 0, {717, 720}, {0xDD, 0xFF, 0xC8, 0xFF}}},
	{{{4002, 1273, -3634}, 0, {624, 747}, {0xDD, 0xFF, 0xC8, 0xFF}}},
	{{{3935, 1273, -3685}, 0, {682, 747}, {0xDD, 0xFF, 0xC8, 0xFF}}},
	{{{4052, 1231, -3652}, 0, {546, 790}, {0xDD, 0xFF, 0xC8, 0xFF}}},
	{{{4023, 1231, -3685}, 0, {555, 790}, {0xDD, 0xFF, 0xC8, 0xFF}}},
	{{{4092, 1218, -3685}, 0, {496, 794}, {0xDD, 0xFF, 0xC8, 0xFF}}},
	{{{4092, 1231, -3643}, 0, {496, 790}, {0xDD, 0xFF, 0xC8, 0xFF}}},
	{{{4132, 1231, -3652}, 0, {546, 790}, {0xDD, 0xFF, 0xC8, 0xFF}}},
	{{{4161, 1231, -3685}, 0, {555, 790}, {0xDD, 0xFF, 0xC8, 0xFF}}},
	{{{4248, 1273, -3685}, 0, {682, 747}, {0xDD, 0xFF, 0xC8, 0xFF}}},
	{{{4182, 1273, -3634}, 0, {624, 747}, {0xDD, 0xFF, 0xC8, 0xFF}}},
	{{{4272, 1310, -3685}, 0, {717, 720}, {0xDD, 0xFF, 0xC8, 0xFF}}},
	{{{4196, 1310, -3629}, 0, {639, 720}, {0xDD, 0xFF, 0xC8, 0xFF}}},
	{{{4278, 1310, -3685}, 0, {725, 720}, {0xDD, 0xFF, 0xC8, 0xFF}}},
	{{{4206, 1329, -3622}, 0, {650, 703}, {0xDD, 0xFF, 0xC8, 0xFF}}},
	{{{4291, 1329, -3685}, 0, {740, 703}, {0xDD, 0xFF, 0xC8, 0xFF}}},
	{{{4278, 1349, -3685}, 0, {725, 687}, {0xDD, 0xFF, 0xC8, 0xFF}}},
	{{{4199, 1349, -3628}, 0, {635, 687}, {0xDD, 0xFF, 0xC8, 0xFF}}},
	{{{4278, 1349, -3685}, 0, {718, 687}, {0xDD, 0xFF, 0xC8, 0xFF}}},
	{{{4092, 1329, -3598}, 0, {496, 703}, {0xDD, 0xFF, 0xC8, 0xFF}}},
	{{{4092, 1310, -3607}, 0, {496, 720}, {0xDD, 0xFF, 0xC8, 0xFF}}},
	{{{4092, 1273, -3615}, 0, {496, 747}, {0xDD, 0xFF, 0xC8, 0xFF}}},
	{{{3632, 1164, 3640}, 0, {997, 856}, {0xFE, 0xFF, 0xCB, 0xFF}}},
	{{{3632, 1040, 3640}, 0, {997, 997}, {0xFE, 0xFF, 0xCB, 0xFF}}},
	{{{3632, 1040, 4543}, 0, {-5, 997}, {0xFE, 0xFF, 0xCB, 0xFF}}},
	{{{3632, 1164, 4543}, 0, {-5, 856}, {0xFE, 0xFF, 0xCB, 0xFF}}},
	{{{3650, 1176, 4521}, 0, {11, 845}, {0xFE, 0xFF, 0xCB, 0xFF}}},
	{{{3650, 1176, 3663}, 0, {981, 845}, {0xFE, 0xFF, 0xCB, 0xFF}}},
	{{{4545, 1164, 3630}, 0, {997, 856}, {0xFE, 0xFF, 0xCB, 0xFF}}},
	{{{4545, 1040, 3630}, 0, {997, 997}, {0xFE, 0xFF, 0xCB, 0xFF}}},
	{{{3642, 1040, 3630}, 0, {-5, 997}, {0xFE, 0xFF, 0xCB, 0xFF}}},
	{{{3642, 1164, 3630}, 0, {-5, 856}, {0xFE, 0xFF, 0xCB, 0xFF}}},
	{{{3632, 1040, 3640}, 0, {-16, 997}, {0xFE, 0xFF, 0xCB, 0xFF}}},
	{{{3642, 1028, 3652}, 0, {-5, 1008}, {0xFE, 0xFF, 0xCB, 0xFF}}},
	{{{3653, 1028, 3640}, 0, {8, 1008}, {0xFE, 0xFF, 0xCB, 0xFF}}},
	{{{3642, 1164, 3630}, 0, {-5, 856}, {0xFE, 0xFF, 0xCB, 0xFF}}},
	{{{3632, 1040, 3640}, 0, {-16, 997}, {0xFE, 0xFF, 0xCB, 0xFF}}},
	{{{3632, 1164, 3640}, 0, {-16, 856}, {0xFE, 0xFF, 0xCB, 0xFF}}},
	{{{3650, 1176, 3663}, 0, {-5, 845}, {0xFE, 0xFF, 0xCB, 0xFF}}},
	{{{3664, 1176, 3649}, 0, {11, 845}, {0xFE, 0xFF, 0xCB, 0xFF}}},
	{{{4545, 1164, 3630}, 0, {997, 856}, {0xFE, 0xFF, 0xCB, 0xFF}}},
	{{{4523, 1176, 3649}, 0, {981, 845}, {0xFE, 0xFF, 0xCB, 0xFF}}},
	{{{4523, 1176, 3649}, 0, {996, 589}, {0xFE, 0xFF, 0xCB, 0xFF}}},
	{{{4536, 1176, 3663}, 0, {1004, 579}, {0xFE, 0xFF, 0xCB, 0xFF}}},
	{{{4555, 1164, 3640}, 0, {1019, 598}, {0xFE, 0xFF, 0xCB, 0xFF}}},
	{{{4545, 1164, 3630}, 0, {1012, 604}, {0xFE, 0xFF, 0xCB, 0xFF}}},
	{{{4545, 1040, 3630}, 0, {997, 997}, {0xFE, 0xFF, 0xCB, 0xFF}}},
	{{{4555, 1040, 3640}, 0, {1008, 997}, {0xFE, 0xFF, 0xCB, 0xFF}}},
	{{{4545, 1028, 3652}, 0, {997, 1008}, {0xFE, 0xFF, 0xCB, 0xFF}}},
	{{{4534, 1028, 3640}, 0, {984, 1008}, {0xFE, 0xFF, 0xCB, 0xFF}}},
	{{{4545, 1164, 4553}, 0, {-5, 856}, {0xFE, 0xFF, 0xCB, 0xFF}}},
	{{{4555, 1164, 4543}, 0, {-16, 856}, {0xFE, 0xFF, 0xCB, 0xFF}}},
	{{{4536, 1176, 4521}, 0, {-5, 845}, {0xFE, 0xFF, 0xCB, 0xFF}}},
	{{{4523, 1176, 4535}, 0, {11, 845}, {0xFE, 0xFF, 0xCB, 0xFF}}},
	{{{3642, 1164, 4553}, 0, {997, 856}, {0xFE, 0xFF, 0xCB, 0xFF}}},
	{{{3664, 1176, 4535}, 0, {981, 845}, {0xFE, 0xFF, 0xCB, 0xFF}}},
	{{{3650, 1176, 4521}, 0, {997, 845}, {0xFE, 0xFF, 0xCB, 0xFF}}},
	{{{3632, 1164, 4543}, 0, {1008, 856}, {0xFE, 0xFF, 0xCB, 0xFF}}},
	{{{3642, 1040, 4553}, 0, {997, 997}, {0xFE, 0xFF, 0xCB, 0xFF}}},
	{{{3632, 1040, 4543}, 0, {1008, 997}, {0xFE, 0xFF, 0xCB, 0xFF}}},
	{{{4545, 1040, 4553}, 0, {-5, 997}, {0xFE, 0xFF, 0xCB, 0xFF}}},
	{{{4479, -5264, 4467}, 0, {54, 7860}, {0xFE, 0xFF, 0xCB, 0xFF}}},
	{{{4494, 1020, 4504}, 0, {81, 292}, {0xFE, 0xFF, 0xCB, 0xFF}}},
	{{{4468, -5264, 4477}, 0, {81, 7860}, {0xFE, 0xFF, 0xCB, 0xFF}}},
	{{{4505, 1020, 4493}, 0, {54, 292}, {0xFE, 0xFF, 0xCB, 0xFF}}},
	{{{4479, -5264, 3717}, 0, {-1877, 7860}, {0xFE, 0xFF, 0xCB, 0xFF}}},
	{{{4505, 1020, 3691}, 0, {-1877, 292}, {0xFE, 0xFF, 0xCB, 0xFF}}},
	{{{4468, -5264, 3707}, 0, {54, 7860}, {0xFE, 0xFF, 0xCB, 0xFF}}},
	{{{4505, 1020, 3691}, 0, {81, 292}, {0xFE, 0xFF, 0xCB, 0xFF}}},
	{{{4479, -5264, 3717}, 0, {81, 7860}, {0xFE, 0xFF, 0xCB, 0xFF}}},
	{{{4494, 1020, 3680}, 0, {54, 292}, {0xFE, 0xFF, 0xCB, 0xFF}}},
	{{{3719, -5264, 3707}, 0, {-1877, 7860}, {0xFE, 0xFF, 0xCB, 0xFF}}},
	{{{3693, 1020, 3680}, 0, {-1877, 292}, {0xFE, 0xFF, 0xCB, 0xFF}}},
	{{{3708, -5264, 3717}, 0, {-1904, 7860}, {0xFE, 0xFF, 0xCB, 0xFF}}},
	{{{3681, 1020, 3691}, 0, {-1904, 292}, {0xFE, 0xFF, 0xCB, 0xFF}}},
	{{{3719, -5264, 4477}, 0, {171, 7860}, {0xFE, 0xFF, 0xCB, 0xFF}}},
	{{{3681, 1020, 4493}, 0, {144, 292}, {0xFE, 0xFF, 0xCB, 0xFF}}},
	{{{3708, -5264, 4467}, 0, {144, 7860}, {0xFE, 0xFF, 0xCB, 0xFF}}},
	{{{3693, 1020, 4504}, 0, {171, 292}, {0xFE, 0xFF, 0xCB, 0xFF}}},
	{{{4468, -5264, 4477}, 0, {2102, 7860}, {0xFE, 0xFF, 0xCB, 0xFF}}},
	{{{4494, 1020, 4504}, 0, {2102, 292}, {0xFE, 0xFF, 0xCB, 0xFF}}},
	{{{4555, 1164, 3640}, 0, {-5, 856}, {0xFE, 0xFF, 0xCB, 0xFF}}},
	{{{4545, 1040, 3630}, 0, {-16, 997}, {0xFE, 0xFF, 0xCB, 0xFF}}},
	{{{4545, 1164, 3630}, 0, {-16, 856}, {0xFE, 0xFF, 0xCB, 0xFF}}},
	{{{4555, 1040, 3640}, 0, {-5, 997}, {0xFE, 0xFF, 0xCB, 0xFF}}},
	{{{4555, 1164, 4543}, 0, {997, 856}, {0xFE, 0xFF, 0xCB, 0xFF}}},
	{{{4536, 1176, 3663}, 0, {11, 845}, {0xFE, 0xFF, 0xCB, 0xFF}}},
	{{{4536, 1176, 4521}, 0, {981, 845}, {0xFE, 0xFF, 0xCB, 0xFF}}},
	{{{4555, 1040, 4543}, 0, {997, 997}, {0xFE, 0xFF, 0xCB, 0xFF}}},
	{{{4545, 1164, 4553}, 0, {1008, 856}, {0xFE, 0xFF, 0xCB, 0xFF}}},
	{{{4545, 1040, 4553}, 0, {1008, 997}, {0xFE, 0xFF, 0xCB, 0xFF}}},
	{{{3642, 1028, 3652}, 0, {-16, 1008}, {0xFE, 0xFF, 0xCB, 0xFF}}},
	{{{3632, 1040, 4543}, 0, {-16, 1008}, {0xFE, 0xFF, 0xCB, 0xFF}}},
	{{{3632, 1040, 3640}, 0, {-16, 1008}, {0xFE, 0xFF, 0xCB, 0xFF}}},
	{{{3642, 1028, 4532}, 0, {-16, 1008}, {0xFE, 0xFF, 0xCB, 0xFF}}},
	{{{3681, 1020, 3691}, 0, {-16, 1008}, {0xFE, 0xFF, 0xCB, 0xFF}}},
	{{{3653, 1028, 3640}, 0, {-16, 1008}, {0xFE, 0xFF, 0xCB, 0xFF}}},
	{{{3693, 1020, 3680}, 0, {-16, 1008}, {0xFE, 0xFF, 0xCB, 0xFF}}},
	{{{4494, 1020, 3680}, 0, {-16, 1008}, {0xFE, 0xFF, 0xCB, 0xFF}}},
	{{{4494, 1020, 3680}, 0, {-16, 1008}, {0xFE, 0xFF, 0xCB, 0xFF}}},
	{{{3653, 1028, 3640}, 0, {-16, 1008}, {0xFE, 0xFF, 0xCB, 0xFF}}},
	{{{4534, 1028, 3640}, 0, {-16, 1008}, {0xFE, 0xFF, 0xCB, 0xFF}}},
	{{{3642, 1040, 3630}, 0, {-16, 1008}, {0xFE, 0xFF, 0xCB, 0xFF}}},
	{{{4545, 1040, 3630}, 0, {-16, 1008}, {0xFE, 0xFF, 0xCB, 0xFF}}},
	{{{4545, 1028, 3652}, 0, {-16, 1008}, {0xFE, 0xFF, 0xCB, 0xFF}}},
	{{{4505, 1020, 3691}, 0, {-16, 1008}, {0xFE, 0xFF, 0xCB, 0xFF}}},
	{{{4505, 1020, 4493}, 0, {-16, 1008}, {0xFE, 0xFF, 0xCB, 0xFF}}},
	{{{4545, 1028, 4532}, 0, {-16, 1008}, {0xFE, 0xFF, 0xCB, 0xFF}}},
	{{{4555, 1040, 3640}, 0, {-16, 1008}, {0xFE, 0xFF, 0xCB, 0xFF}}},
	{{{4555, 1040, 4543}, 0, {-16, 1008}, {0xFE, 0xFF, 0xCB, 0xFF}}},
	{{{4545, 1040, 4553}, 0, {-16, 1008}, {0xFE, 0xFF, 0xCB, 0xFF}}},
	{{{4534, 1028, 4544}, 0, {-16, 1008}, {0xFE, 0xFF, 0xCB, 0xFF}}},
	{{{3653, 1028, 4544}, 0, {-16, 1008}, {0xFE, 0xFF, 0xCB, 0xFF}}},
	{{{3642, 1040, 4553}, 0, {-16, 1008}, {0xFE, 0xFF, 0xCB, 0xFF}}},
	{{{3632, 1040, 4543}, 0, {-16, 1008}, {0xFE, 0xFF, 0xCB, 0xFF}}},
	{{{3642, 1028, 4532}, 0, {-16, 1008}, {0xFE, 0xFF, 0xCB, 0xFF}}},
	{{{3693, 1020, 4504}, 0, {-16, 1008}, {0xFE, 0xFF, 0xCB, 0xFF}}},
	{{{3681, 1020, 4493}, 0, {-16, 1008}, {0xFE, 0xFF, 0xCB, 0xFF}}},
	{{{3681, 1020, 3691}, 0, {-16, 1008}, {0xFE, 0xFF, 0xCB, 0xFF}}},
	{{{4494, 1020, 4504}, 0, {-16, 1008}, {0xFE, 0xFF, 0xCB, 0xFF}}},
	{{{3908, 1349, 4501}, 0, {718, 687}, {0xFE, 0xFF, 0xCB, 0xFF}}},
	{{{3987, 1349, 4557}, 0, {635, 687}, {0xFE, 0xFF, 0xCB, 0xFF}}},
	{{{4093, 1349, 4501}, 0, {496, 687}, {0xFE, 0xFF, 0xCB, 0xFF}}},
	{{{4093, 1349, 4580}, 0, {496, 687}, {0xFE, 0xFF, 0xCB, 0xFF}}},
	{{{3979, 1329, 4563}, 0, {650, 703}, {0xFE, 0xFF, 0xCB, 0xFF}}},
	{{{3908, 1349, 4501}, 0, {725, 687}, {0xFE, 0xFF, 0xCB, 0xFF}}},
	{{{3894, 1329, 4500}, 0, {740, 703}, {0xFE, 0xFF, 0xCB, 0xFF}}},
	{{{3990, 1310, 4556}, 0, {639, 720}, {0xFE, 0xFF, 0xCB, 0xFF}}},
	{{{3908, 1310, 4501}, 0, {725, 720}, {0xFE, 0xFF, 0xCB, 0xFF}}},
	{{{3913, 1310, 4501}, 0, {717, 720}, {0xFE, 0xFF, 0xCB, 0xFF}}},
	{{{4004, 1273, 4551}, 0, {624, 747}, {0xFE, 0xFF, 0xCB, 0xFF}}},
	{{{3937, 1273, 4501}, 0, {682, 747}, {0xFE, 0xFF, 0xCB, 0xFF}}},
	{{{4054, 1231, 4534}, 0, {546, 790}, {0xFE, 0xFF, 0xCB, 0xFF}}},
	{{{4024, 1231, 4501}, 0, {555, 790}, {0xFE, 0xFF, 0xCB, 0xFF}}},
	{{{4093, 1218, 4501}, 0, {496, 794}, {0xFE, 0xFF, 0xCB, 0xFF}}},
	{{{4093, 1231, 4542}, 0, {496, 790}, {0xFE, 0xFF, 0xCB, 0xFF}}},
	{{{4133, 1231, 4534}, 0, {546, 790}, {0xFE, 0xFF, 0xCB, 0xFF}}},
	{{{4162, 1231, 4501}, 0, {555, 790}, {0xFE, 0xFF, 0xCB, 0xFF}}},
	{{{4250, 1273, 4501}, 0, {682, 747}, {0xFE, 0xFF, 0xCB, 0xFF}}},
	{{{4183, 1273, 4551}, 0, {624, 747}, {0xFE, 0xFF, 0xCB, 0xFF}}},
	{{{4274, 1310, 4501}, 0, {717, 720}, {0xFE, 0xFF, 0xCB, 0xFF}}},
	{{{4197, 1310, 4556}, 0, {639, 720}, {0xFE, 0xFF, 0xCB, 0xFF}}},
	{{{4279, 1310, 4501}, 0, {725, 720}, {0xFE, 0xFF, 0xCB, 0xFF}}},
	{{{4208, 1329, 4563}, 0, {650, 703}, {0xFE, 0xFF, 0xCB, 0xFF}}},
	{{{4293, 1329, 4500}, 0, {740, 703}, {0xFE, 0xFF, 0xCB, 0xFF}}},
	{{{4279, 1349, 4501}, 0, {725, 687}, {0xFE, 0xFF, 0xCB, 0xFF}}},
	{{{4200, 1349, 4557}, 0, {635, 687}, {0xFE, 0xFF, 0xCB, 0xFF}}},
	{{{4279, 1349, 4501}, 0, {718, 687}, {0xFE, 0xFF, 0xCB, 0xFF}}},
	{{{4093, 1329, 4587}, 0, {496, 703}, {0xFE, 0xFF, 0xCB, 0xFF}}},
	{{{4093, 1310, 4578}, 0, {496, 720}, {0xFE, 0xFF, 0xCB, 0xFF}}},
	{{{4093, 1273, 4570}, 0, {496, 747}, {0xFE, 0xFF, 0xCB, 0xFF}}},
	{{{4279, 1349, 3683}, 0, {718, 687}, {0xFE, 0xFF, 0xCB, 0xFF}}},
	{{{4200, 1349, 3626}, 0, {635, 687}, {0xFE, 0xFF, 0xCB, 0xFF}}},
	{{{4093, 1349, 3683}, 0, {496, 687}, {0xFE, 0xFF, 0xCB, 0xFF}}},
	{{{4093, 1349, 3604}, 0, {496, 687}, {0xFE, 0xFF, 0xCB, 0xFF}}},
	{{{4208, 1329, 3621}, 0, {650, 703}, {0xFE, 0xFF, 0xCB, 0xFF}}},
	{{{4279, 1349, 3683}, 0, {725, 687}, {0xFE, 0xFF, 0xCB, 0xFF}}},
	{{{4293, 1329, 3684}, 0, {740, 703}, {0xFE, 0xFF, 0xCB, 0xFF}}},
	{{{4197, 1310, 3627}, 0, {639, 720}, {0xFE, 0xFF, 0xCB, 0xFF}}},
	{{{4279, 1310, 3683}, 0, {725, 720}, {0xFE, 0xFF, 0xCB, 0xFF}}},
	{{{4274, 1310, 3683}, 0, {717, 720}, {0xFE, 0xFF, 0xCB, 0xFF}}},
	{{{4183, 1273, 3632}, 0, {624, 747}, {0xFE, 0xFF, 0xCB, 0xFF}}},
	{{{4250, 1273, 3683}, 0, {682, 747}, {0xFE, 0xFF, 0xCB, 0xFF}}},
	{{{4250, 1273, 3683}, 0, {682, 747}, {0xFE, 0xFF, 0xCB, 0xFF}}},
	{{{4133, 1231, 3650}, 0, {546, 790}, {0xFE, 0xFF, 0xCB, 0xFF}}},
	{{{4183, 1273, 3632}, 0, {624, 747}, {0xFE, 0xFF, 0xCB, 0xFF}}},
	{{{4162, 1231, 3683}, 0, {555, 790}, {0xFE, 0xFF, 0xCB, 0xFF}}},
	{{{4093, 1218, 3683}, 0, {496, 794}, {0xFE, 0xFF, 0xCB, 0xFF}}},
	{{{4093, 1231, 3642}, 0, {496, 790}, {0xFE, 0xFF, 0xCB, 0xFF}}},
	{{{4054, 1231, 3650}, 0, {546, 790}, {0xFE, 0xFF, 0xCB, 0xFF}}},
	{{{4024, 1231, 3683}, 0, {555, 790}, {0xFE, 0xFF, 0xCB, 0xFF}}},
	{{{3937, 1273, 3683}, 0, {682, 747}, {0xFE, 0xFF, 0xCB, 0xFF}}},
	{{{4004, 1273, 3632}, 0, {624, 747}, {0xFE, 0xFF, 0xCB, 0xFF}}},
	{{{3913, 1310, 3683}, 0, {717, 720}, {0xFE, 0xFF, 0xCB, 0xFF}}},
	{{{3990, 1310, 3627}, 0, {639, 720}, {0xFE, 0xFF, 0xCB, 0xFF}}},
	{{{3908, 1310, 3683}, 0, {725, 720}, {0xFE, 0xFF, 0xCB, 0xFF}}},
	{{{3979, 1329, 3621}, 0, {650, 703}, {0xFE, 0xFF, 0xCB, 0xFF}}},
	{{{3894, 1329, 3684}, 0, {740, 703}, {0xFE, 0xFF, 0xCB, 0xFF}}},
	{{{3908, 1349, 3683}, 0, {725, 687}, {0xFE, 0xFF, 0xCB, 0xFF}}},
	{{{3987, 1349, 3626}, 0, {635, 687}, {0xFE, 0xFF, 0xCB, 0xFF}}},
	{{{4093, 1349, 3604}, 0, {496, 687}, {0xFE, 0xFF, 0xCB, 0xFF}}},
	{{{4093, 1349, 3683}, 0, {496, 687}, {0xFE, 0xFF, 0xCB, 0xFF}}},
	{{{3908, 1349, 3683}, 0, {718, 687}, {0xFE, 0xFF, 0xCB, 0xFF}}},
	{{{4093, 1329, 3597}, 0, {496, 703}, {0xFE, 0xFF, 0xCB, 0xFF}}},
	{{{4208, 1329, 3621}, 0, {650, 703}, {0xFE, 0xFF, 0xCB, 0xFF}}},
	{{{4197, 1310, 3627}, 0, {639, 720}, {0xFE, 0xFF, 0xCB, 0xFF}}},
	{{{4093, 1310, 3606}, 0, {496, 720}, {0xFE, 0xFF, 0xCB, 0xFF}}},
	{{{4093, 1273, 3614}, 0, {496, 747}, {0xFE, 0xFF, 0xCB, 0xFF}}},
	{{{4502, 1349, 4278}, 0, {718, 687}, {0xFE, 0xFF, 0xCB, 0xFF}}},
	{{{4559, 1349, 4199}, 0, {635, 687}, {0xFE, 0xFF, 0xCB, 0xFF}}},
	{{{4502, 1349, 4092}, 0, {496, 687}, {0xFE, 0xFF, 0xCB, 0xFF}}},
	{{{4581, 1349, 4092}, 0, {496, 687}, {0xFE, 0xFF, 0xCB, 0xFF}}},
	{{{4565, 1329, 4206}, 0, {650, 703}, {0xFE, 0xFF, 0xCB, 0xFF}}},
	{{{4502, 1349, 4278}, 0, {725, 687}, {0xFE, 0xFF, 0xCB, 0xFF}}},
	{{{4501, 1329, 4291}, 0, {740, 703}, {0xFE, 0xFF, 0xCB, 0xFF}}},
	{{{4558, 1310, 4196}, 0, {639, 720}, {0xFE, 0xFF, 0xCB, 0xFF}}},
	{{{4502, 1310, 4278}, 0, {725, 720}, {0xFE, 0xFF, 0xCB, 0xFF}}},
	{{{4502, 1310, 4272}, 0, {717, 720}, {0xFE, 0xFF, 0xCB, 0xFF}}},
	{{{4553, 1273, 4182}, 0, {624, 747}, {0xFE, 0xFF, 0xCB, 0xFF}}},
	{{{4502, 1273, 4248}, 0, {682, 747}, {0xFE, 0xFF, 0xCB, 0xFF}}},
	{{{4535, 1231, 4132}, 0, {546, 790}, {0xFE, 0xFF, 0xCB, 0xFF}}},
	{{{4502, 1231, 4161}, 0, {555, 790}, {0xFE, 0xFF, 0xCB, 0xFF}}},
	{{{4502, 1218, 4092}, 0, {496, 794}, {0xFE, 0xFF, 0xCB, 0xFF}}},
	{{{4543, 1231, 4092}, 0, {496, 790}, {0xFE, 0xFF, 0xCB, 0xFF}}},
	{{{4535, 1231, 4052}, 0, {546, 790}, {0xFE, 0xFF, 0xCB, 0xFF}}},
	{{{4502, 1231, 4023}, 0, {555, 790}, {0xFE, 0xFF, 0xCB, 0xFF}}},
	{{{4502, 1273, 3935}, 0, {682, 747}, {0xFE, 0xFF, 0xCB, 0xFF}}},
	{{{4553, 1273, 4002}, 0, {624, 747}, {0xFE, 0xFF, 0xCB, 0xFF}}},
	{{{4502, 1310, 3911}, 0, {717, 720}, {0xFE, 0xFF, 0xCB, 0xFF}}},
	{{{4558, 1310, 3988}, 0, {639, 720}, {0xFE, 0xFF, 0xCB, 0xFF}}},
	{{{4502, 1310, 3906}, 0, {725, 720}, {0xFE, 0xFF, 0xCB, 0xFF}}},
	{{{4565, 1329, 3977}, 0, {650, 703}, {0xFE, 0xFF, 0xCB, 0xFF}}},
	{{{4501, 1329, 3892}, 0, {740, 703}, {0xFE, 0xFF, 0xCB, 0xFF}}},
	{{{4502, 1349, 3906}, 0, {725, 687}, {0xFE, 0xFF, 0xCB, 0xFF}}},
	{{{4559, 1349, 3985}, 0, {635, 687}, {0xFE, 0xFF, 0xCB, 0xFF}}},
	{{{4502, 1349, 3906}, 0, {718, 687}, {0xFE, 0xFF, 0xCB, 0xFF}}},
	{{{4589, 1329, 4092}, 0, {496, 703}, {0xFE, 0xFF, 0xCB, 0xFF}}},
	{{{4579, 1310, 4092}, 0, {496, 720}, {0xFE, 0xFF, 0xCB, 0xFF}}},
	{{{4572, 1273, 4092}, 0, {496, 747}, {0xFE, 0xFF, 0xCB, 0xFF}}},
	{{{3685, 1349, 3906}, 0, {718, 687}, {0xFE, 0xFF, 0xCB, 0xFF}}},
	{{{3628, 1349, 3985}, 0, {635, 687}, {0xFE, 0xFF, 0xCB, 0xFF}}},
	{{{3685, 1349, 4092}, 0, {496, 687}, {0xFE, 0xFF, 0xCB, 0xFF}}},
	{{{3606, 1349, 4092}, 0, {496, 687}, {0xFE, 0xFF, 0xCB, 0xFF}}},
	{{{3622, 1329, 3977}, 0, {650, 703}, {0xFE, 0xFF, 0xCB, 0xFF}}},
	{{{3685, 1349, 3906}, 0, {725, 687}, {0xFE, 0xFF, 0xCB, 0xFF}}},
	{{{3685, 1329, 3892}, 0, {740, 703}, {0xFE, 0xFF, 0xCB, 0xFF}}},
	{{{3629, 1310, 3988}, 0, {639, 720}, {0xFE, 0xFF, 0xCB, 0xFF}}},
	{{{3629, 1310, 3988}, 0, {639, 720}, {0xFE, 0xFF, 0xCB, 0xFF}}},
	{{{3685, 1329, 3892}, 0, {740, 703}, {0xFE, 0xFF, 0xCB, 0xFF}}},
	{{{3685, 1310, 3906}, 0, {725, 720}, {0xFE, 0xFF, 0xCB, 0xFF}}},
	{{{3685, 1310, 3911}, 0, {717, 720}, {0xFE, 0xFF, 0xCB, 0xFF}}},
	{{{3634, 1273, 4002}, 0, {624, 747}, {0xFE, 0xFF, 0xCB, 0xFF}}},
	{{{3685, 1273, 3935}, 0, {682, 747}, {0xFE, 0xFF, 0xCB, 0xFF}}},
	{{{3652, 1231, 4052}, 0, {546, 790}, {0xFE, 0xFF, 0xCB, 0xFF}}},
	{{{3685, 1231, 4023}, 0, {555, 790}, {0xFE, 0xFF, 0xCB, 0xFF}}},
	{{{3685, 1218, 4092}, 0, {496, 794}, {0xFE, 0xFF, 0xCB, 0xFF}}},
	{{{3643, 1231, 4092}, 0, {496, 790}, {0xFE, 0xFF, 0xCB, 0xFF}}},
	{{{3652, 1231, 4132}, 0, {546, 790}, {0xFE, 0xFF, 0xCB, 0xFF}}},
	{{{3685, 1231, 4161}, 0, {555, 790}, {0xFE, 0xFF, 0xCB, 0xFF}}},
	{{{3685, 1273, 4248}, 0, {682, 747}, {0xFE, 0xFF, 0xCB, 0xFF}}},
	{{{3634, 1273, 4182}, 0, {624, 747}, {0xFE, 0xFF, 0xCB, 0xFF}}},
	{{{3685, 1310, 4272}, 0, {717, 720}, {0xFE, 0xFF, 0xCB, 0xFF}}},
	{{{3629, 1310, 4196}, 0, {639, 720}, {0xFE, 0xFF, 0xCB, 0xFF}}},
	{{{3685, 1310, 4278}, 0, {725, 720}, {0xFE, 0xFF, 0xCB, 0xFF}}},
	{{{3622, 1329, 4206}, 0, {650, 703}, {0xFE, 0xFF, 0xCB, 0xFF}}},
	{{{3685, 1329, 4291}, 0, {740, 703}, {0xFE, 0xFF, 0xCB, 0xFF}}},
	{{{3685, 1349, 4278}, 0, {725, 687}, {0xFE, 0xFF, 0xCB, 0xFF}}},
	{{{3628, 1349, 4199}, 0, {635, 687}, {0xFE, 0xFF, 0xCB, 0xFF}}},
	{{{3606, 1349, 4092}, 0, {496, 687}, {0xFE, 0xFF, 0xCB, 0xFF}}},
	{{{3685, 1349, 4092}, 0, {496, 687}, {0xFE, 0xFF, 0xCB, 0xFF}}},
	{{{3685, 1349, 4278}, 0, {718, 687}, {0xFE, 0xFF, 0xCB, 0xFF}}},
	{{{3598, 1329, 4092}, 0, {496, 703}, {0xFE, 0xFF, 0xCB, 0xFF}}},
	{{{3622, 1329, 3977}, 0, {650, 703}, {0xFE, 0xFF, 0xCB, 0xFF}}},
	{{{3607, 1310, 4092}, 0, {496, 720}, {0xFE, 0xFF, 0xCB, 0xFF}}},
	{{{3615, 1273, 4092}, 0, {496, 747}, {0xFE, 0xFF, 0xCB, 0xFF}}},
	{{{-3640, 1164, 3632}, 0, {997, 856}, {0xC5, 0xF8, 0xFF, 0xFF}}},
	{{{-3640, 1040, 3632}, 0, {997, 997}, {0xC5, 0xF8, 0xFF, 0xFF}}},
	{{{-4543, 1040, 3632}, 0, {-5, 997}, {0xC5, 0xF8, 0xFF, 0xFF}}},
	{{{-4543, 1164, 3632}, 0, {-5, 856}, {0xC5, 0xF8, 0xFF, 0xFF}}},
	{{{-4521, 1176, 3650}, 0, {11, 845}, {0xC5, 0xF8, 0xFF, 0xFF}}},
	{{{-3663, 1176, 3650}, 0, {981, 845}, {0xC5, 0xF8, 0xFF, 0xFF}}},
	{{{-3630, 1164, 4545}, 0, {997, 856}, {0xC5, 0xF8, 0xFF, 0xFF}}},
	{{{-3630, 1040, 4545}, 0, {997, 997}, {0xC5, 0xF8, 0xFF, 0xFF}}},
	{{{-3630, 1040, 3642}, 0, {-5, 997}, {0xC5, 0xF8, 0xFF, 0xFF}}},
	{{{-3630, 1164, 3642}, 0, {-5, 856}, {0xC5, 0xF8, 0xFF, 0xFF}}},
	{{{-3640, 1040, 3632}, 0, {-16, 997}, {0xC5, 0xF8, 0xFF, 0xFF}}},
	{{{-3652, 1028, 3642}, 0, {-5, 1008}, {0xC5, 0xF8, 0xFF, 0xFF}}},
	{{{-3640, 1028, 3653}, 0, {8, 1008}, {0xC5, 0xF8, 0xFF, 0xFF}}},
	{{{-3640, 1164, 3632}, 0, {-16, 856}, {0xC5, 0xF8, 0xFF, 0xFF}}},
	{{{-3663, 1176, 3650}, 0, {-5, 845}, {0xC5, 0xF8, 0xFF, 0xFF}}},
	{{{-3649, 1176, 3664}, 0, {11, 845}, {0xC5, 0xF8, 0xFF, 0xFF}}},
	{{{-3649, 1176, 4523}, 0, {981, 845}, {0xC5, 0xF8, 0xFF, 0xFF}}},
	{{{-3649, 1176, 4523}, 0, {996, 589}, {0xC5, 0xF8, 0xFF, 0xFF}}},
	{{{-3663, 1176, 4536}, 0, {1004, 579}, {0xC5, 0xF8, 0xFF, 0xFF}}},
	{{{-3640, 1164, 4555}, 0, {1019, 598}, {0xC5, 0xF8, 0xFF, 0xFF}}},
	{{{-3630, 1164, 4545}, 0, {1012, 604}, {0xC5, 0xF8, 0xFF, 0xFF}}},
	{{{-3640, 1040, 4555}, 0, {1008, 997}, {0xC5, 0xF8, 0xFF, 0xFF}}},
	{{{-3652, 1028, 4545}, 0, {997, 1008}, {0xC5, 0xF8, 0xFF, 0xFF}}},
	{{{-3640, 1028, 4534}, 0, {984, 1008}, {0xC5, 0xF8, 0xFF, 0xFF}}},
	{{{-4553, 1164, 4545}, 0, {-5, 856}, {0xC5, 0xF8, 0xFF, 0xFF}}},
	{{{-4543, 1164, 4555}, 0, {-16, 856}, {0xC5, 0xF8, 0xFF, 0xFF}}},
	{{{-4521, 1176, 4536}, 0, {-5, 845}, {0xC5, 0xF8, 0xFF, 0xFF}}},
	{{{-4535, 1176, 4523}, 0, {11, 845}, {0xC5, 0xF8, 0xFF, 0xFF}}},
	{{{-4553, 1164, 3642}, 0, {997, 856}, {0xC5, 0xF8, 0xFF, 0xFF}}},
	{{{-4535, 1176, 3664}, 0, {981, 845}, {0xC5, 0xF8, 0xFF, 0xFF}}},
	{{{-4521, 1176, 3650}, 0, {997, 845}, {0xC5, 0xF8, 0xFF, 0xFF}}},
	{{{-4543, 1164, 3632}, 0, {1008, 856}, {0xC5, 0xF8, 0xFF, 0xFF}}},
	{{{-4553, 1040, 3642}, 0, {997, 997}, {0xC5, 0xF8, 0xFF, 0xFF}}},
	{{{-4543, 1040, 3632}, 0, {1008, 997}, {0xC5, 0xF8, 0xFF, 0xFF}}},
	{{{-4553, 1040, 4545}, 0, {-5, 997}, {0xC5, 0xF8, 0xFF, 0xFF}}},
	{{{-4467, -5264, 4479}, 0, {54, 7860}, {0xC5, 0xF8, 0xFF, 0xFF}}},
	{{{-4504, 1020, 4494}, 0, {81, 292}, {0xC5, 0xF8, 0xFF, 0xFF}}},
	{{{-4477, -5264, 4468}, 0, {81, 7860}, {0xC5, 0xF8, 0xFF, 0xFF}}},
	{{{-4493, 1020, 4505}, 0, {54, 292}, {0xC5, 0xF8, 0xFF, 0xFF}}},
	{{{-3717, -5264, 4479}, 0, {-1877, 7860}, {0xC5, 0xF8, 0xFF, 0xFF}}},
	{{{-3691, 1020, 4505}, 0, {-1877, 292}, {0xC5, 0xF8, 0xFF, 0xFF}}},
	{{{-3707, -5264, 4468}, 0, {54, 7860}, {0xC5, 0xF8, 0xFF, 0xFF}}},
	{{{-3691, 1020, 4505}, 0, {81, 292}, {0xC5, 0xF8, 0xFF, 0xFF}}},
	{{{-3717, -5264, 4479}, 0, {81, 7860}, {0xC5, 0xF8, 0xFF, 0xFF}}},
	{{{-3680, 1020, 4494}, 0, {54, 292}, {0xC5, 0xF8, 0xFF, 0xFF}}},
	{{{-3707, -5264, 3719}, 0, {-1877, 7860}, {0xC5, 0xF8, 0xFF, 0xFF}}},
	{{{-3680, 1020, 3693}, 0, {-1877, 292}, {0xC5, 0xF8, 0xFF, 0xFF}}},
	{{{-3717, -5264, 3708}, 0, {-1904, 7860}, {0xC5, 0xF8, 0xFF, 0xFF}}},
	{{{-3691, 1020, 3681}, 0, {-1904, 292}, {0xC5, 0xF8, 0xFF, 0xFF}}},
	{{{-4477, -5264, 3719}, 0, {171, 7860}, {0xC5, 0xF8, 0xFF, 0xFF}}},
	{{{-4493, 1020, 3681}, 0, {144, 292}, {0xC5, 0xF8, 0xFF, 0xFF}}},
	{{{-4467, -5264, 3708}, 0, {144, 7860}, {0xC5, 0xF8, 0xFF, 0xFF}}},
	{{{-4504, 1020, 3693}, 0, {171, 292}, {0xC5, 0xF8, 0xFF, 0xFF}}},
	{{{-4477, -5264, 4468}, 0, {2102, 7860}, {0xC5, 0xF8, 0xFF, 0xFF}}},
	{{{-4504, 1020, 4494}, 0, {2102, 292}, {0xC5, 0xF8, 0xFF, 0xFF}}},
	{{{-3640, 1164, 4555}, 0, {-5, 856}, {0xC5, 0xF8, 0xFF, 0xFF}}},
	{{{-3630, 1040, 4545}, 0, {-16, 997}, {0xC5, 0xF8, 0xFF, 0xFF}}},
	{{{-3630, 1164, 4545}, 0, {-16, 856}, {0xC5, 0xF8, 0xFF, 0xFF}}},
	{{{-3640, 1040, 4555}, 0, {-5, 997}, {0xC5, 0xF8, 0xFF, 0xFF}}},
	{{{-4543, 1164, 4555}, 0, {997, 856}, {0xC5, 0xF8, 0xFF, 0xFF}}},
	{{{-3663, 1176, 4536}, 0, {11, 845}, {0xC5, 0xF8, 0xFF, 0xFF}}},
	{{{-4521, 1176, 4536}, 0, {981, 845}, {0xC5, 0xF8, 0xFF, 0xFF}}},
	{{{-4543, 1040, 4555}, 0, {997, 997}, {0xC5, 0xF8, 0xFF, 0xFF}}},
	{{{-4553, 1164, 4545}, 0, {1008, 856}, {0xC5, 0xF8, 0xFF, 0xFF}}},
	{{{-4553, 1040, 4545}, 0, {1008, 997}, {0xC5, 0xF8, 0xFF, 0xFF}}},
	{{{-3652, 1028, 3642}, 0, {-16, 1008}, {0xC5, 0xF8, 0xFF, 0xFF}}},
	{{{-4543, 1040, 3632}, 0, {-16, 1008}, {0xC5, 0xF8, 0xFF, 0xFF}}},
	{{{-3640, 1040, 3632}, 0, {-16, 1008}, {0xC5, 0xF8, 0xFF, 0xFF}}},
	{{{-4532, 1028, 3642}, 0, {-16, 1008}, {0xC5, 0xF8, 0xFF, 0xFF}}},
	{{{-3691, 1020, 3681}, 0, {-16, 1008}, {0xC5, 0xF8, 0xFF, 0xFF}}},
	{{{-3640, 1028, 3653}, 0, {-16, 1008}, {0xC5, 0xF8, 0xFF, 0xFF}}},
	{{{-3680, 1020, 3693}, 0, {-16, 1008}, {0xC5, 0xF8, 0xFF, 0xFF}}},
	{{{-3680, 1020, 4494}, 0, {-16, 1008}, {0xC5, 0xF8, 0xFF, 0xFF}}},
	{{{-3640, 1028, 4534}, 0, {-16, 1008}, {0xC5, 0xF8, 0xFF, 0xFF}}},
	{{{-3630, 1040, 3642}, 0, {-16, 1008}, {0xC5, 0xF8, 0xFF, 0xFF}}},
	{{{-3630, 1040, 4545}, 0, {-16, 1008}, {0xC5, 0xF8, 0xFF, 0xFF}}},
	{{{-3652, 1028, 4545}, 0, {-16, 1008}, {0xC5, 0xF8, 0xFF, 0xFF}}},
	{{{-3691, 1020, 4505}, 0, {-16, 1008}, {0xC5, 0xF8, 0xFF, 0xFF}}},
	{{{-4493, 1020, 4505}, 0, {-16, 1008}, {0xC5, 0xF8, 0xFF, 0xFF}}},
	{{{-4532, 1028, 4545}, 0, {-16, 1008}, {0xC5, 0xF8, 0xFF, 0xFF}}},
	{{{-3640, 1040, 4555}, 0, {-16, 1008}, {0xC5, 0xF8, 0xFF, 0xFF}}},
	{{{-4543, 1040, 4555}, 0, {-16, 1008}, {0xC5, 0xF8, 0xFF, 0xFF}}},
	{{{-4553, 1040, 4545}, 0, {-16, 1008}, {0xC5, 0xF8, 0xFF, 0xFF}}},
	{{{-4544, 1028, 4534}, 0, {-16, 1008}, {0xC5, 0xF8, 0xFF, 0xFF}}},
	{{{-4544, 1028, 3653}, 0, {-16, 1008}, {0xC5, 0xF8, 0xFF, 0xFF}}},
	{{{-4553, 1040, 3642}, 0, {-16, 1008}, {0xC5, 0xF8, 0xFF, 0xFF}}},
	{{{-4504, 1020, 3693}, 0, {-16, 1008}, {0xC5, 0xF8, 0xFF, 0xFF}}},
	{{{-4493, 1020, 3681}, 0, {-16, 1008}, {0xC5, 0xF8, 0xFF, 0xFF}}},
	{{{-4504, 1020, 4494}, 0, {-16, 1008}, {0xC5, 0xF8, 0xFF, 0xFF}}},
	{{{-4501, 1349, 3908}, 0, {718, 687}, {0xC5, 0xF8, 0xFF, 0xFF}}},
	{{{-4557, 1349, 3987}, 0, {635, 687}, {0xC5, 0xF8, 0xFF, 0xFF}}},
	{{{-4501, 1349, 4093}, 0, {496, 687}, {0xC5, 0xF8, 0xFF, 0xFF}}},
	{{{-4580, 1349, 4093}, 0, {496, 687}, {0xC5, 0xF8, 0xFF, 0xFF}}},
	{{{-4563, 1329, 3979}, 0, {650, 703}, {0xC5, 0xF8, 0xFF, 0xFF}}},
	{{{-4501, 1349, 3908}, 0, {725, 687}, {0xC5, 0xF8, 0xFF, 0xFF}}},
	{{{-4500, 1329, 3894}, 0, {740, 703}, {0xC5, 0xF8, 0xFF, 0xFF}}},
	{{{-4556, 1310, 3990}, 0, {639, 720}, {0xC5, 0xF8, 0xFF, 0xFF}}},
	{{{-4501, 1310, 3908}, 0, {725, 720}, {0xC5, 0xF8, 0xFF, 0xFF}}},
	{{{-4501, 1310, 3913}, 0, {717, 720}, {0xC5, 0xF8, 0xFF, 0xFF}}},
	{{{-4501, 1310, 3913}, 0, {717, 720}, {0xC5, 0xF8, 0xFF, 0xFF}}},
	{{{-4551, 1273, 4004}, 0, {624, 747}, {0xC5, 0xF8, 0xFF, 0xFF}}},
	{{{-4556, 1310, 3990}, 0, {639, 720}, {0xC5, 0xF8, 0xFF, 0xFF}}},
	{{{-4501, 1273, 3937}, 0, {682, 747}, {0xC5, 0xF8, 0xFF, 0xFF}}},
	{{{-4534, 1231, 4054}, 0, {546, 790}, {0xC5, 0xF8, 0xFF, 0xFF}}},
	{{{-4501, 1231, 4024}, 0, {555, 790}, {0xC5, 0xF8, 0xFF, 0xFF}}},
	{{{-4501, 1218, 4093}, 0, {496, 794}, {0xC5, 0xF8, 0xFF, 0xFF}}},
	{{{-4542, 1231, 4093}, 0, {496, 790}, {0xC5, 0xF8, 0xFF, 0xFF}}},
	{{{-4534, 1231, 4133}, 0, {546, 790}, {0xC5, 0xF8, 0xFF, 0xFF}}},
	{{{-4501, 1231, 4162}, 0, {555, 790}, {0xC5, 0xF8, 0xFF, 0xFF}}},
	{{{-4501, 1273, 4250}, 0, {682, 747}, {0xC5, 0xF8, 0xFF, 0xFF}}},
	{{{-4551, 1273, 4183}, 0, {624, 747}, {0xC5, 0xF8, 0xFF, 0xFF}}},
	{{{-4501, 1310, 4274}, 0, {717, 720}, {0xC5, 0xF8, 0xFF, 0xFF}}},
	{{{-4556, 1310, 4197}, 0, {639, 720}, {0xC5, 0xF8, 0xFF, 0xFF}}},
	{{{-4501, 1310, 4279}, 0, {725, 720}, {0xC5, 0xF8, 0xFF, 0xFF}}},
	{{{-4563, 1329, 4208}, 0, {650, 703}, {0xC5, 0xF8, 0xFF, 0xFF}}},
	{{{-4500, 1329, 4293}, 0, {740, 703}, {0xC5, 0xF8, 0xFF, 0xFF}}},
	{{{-4501, 1349, 4279}, 0, {725, 687}, {0xC5, 0xF8, 0xFF, 0xFF}}},
	{{{-4557, 1349, 4200}, 0, {635, 687}, {0xC5, 0xF8, 0xFF, 0xFF}}},
	{{{-4580, 1349, 4093}, 0, {496, 687}, {0xC5, 0xF8, 0xFF, 0xFF}}},
	{{{-4501, 1349, 4093}, 0, {496, 687}, {0xC5, 0xF8, 0xFF, 0xFF}}},
	{{{-4501, 1349, 4279}, 0, {718, 687}, {0xC5, 0xF8, 0xFF, 0xFF}}},
	{{{-4587, 1329, 4093}, 0, {496, 703}, {0xC5, 0xF8, 0xFF, 0xFF}}},
	{{{-4563, 1329, 3979}, 0, {650, 703}, {0xC5, 0xF8, 0xFF, 0xFF}}},
	{{{-4578, 1310, 4093}, 0, {496, 720}, {0xC5, 0xF8, 0xFF, 0xFF}}},
	{{{-4570, 1273, 4093}, 0, {496, 747}, {0xC5, 0xF8, 0xFF, 0xFF}}},
	{{{-3683, 1349, 4279}, 0, {718, 687}, {0xC5, 0xF8, 0xFF, 0xFF}}},
	{{{-3626, 1349, 4200}, 0, {635, 687}, {0xC5, 0xF8, 0xFF, 0xFF}}},
	{{{-3683, 1349, 4093}, 0, {496, 687}, {0xC5, 0xF8, 0xFF, 0xFF}}},
	{{{-3604, 1349, 4093}, 0, {496, 687}, {0xC5, 0xF8, 0xFF, 0xFF}}},
	{{{-3621, 1329, 4208}, 0, {650, 703}, {0xC5, 0xF8, 0xFF, 0xFF}}},
	{{{-3683, 1349, 4279}, 0, {725, 687}, {0xC5, 0xF8, 0xFF, 0xFF}}},
	{{{-3684, 1329, 4293}, 0, {740, 703}, {0xC5, 0xF8, 0xFF, 0xFF}}},
	{{{-3627, 1310, 4197}, 0, {639, 720}, {0xC5, 0xF8, 0xFF, 0xFF}}},
	{{{-3683, 1310, 4279}, 0, {725, 720}, {0xC5, 0xF8, 0xFF, 0xFF}}},
	{{{-3683, 1310, 4274}, 0, {717, 720}, {0xC5, 0xF8, 0xFF, 0xFF}}},
	{{{-3632, 1273, 4183}, 0, {624, 747}, {0xC5, 0xF8, 0xFF, 0xFF}}},
	{{{-3683, 1273, 4250}, 0, {682, 747}, {0xC5, 0xF8, 0xFF, 0xFF}}},
	{{{-3650, 1231, 4133}, 0, {546, 790}, {0xC5, 0xF8, 0xFF, 0xFF}}},
	{{{-3683, 1231, 4162}, 0, {555, 790}, {0xC5, 0xF8, 0xFF, 0xFF}}},
	{{{-3683, 1218, 4093}, 0, {496, 794}, {0xC5, 0xF8, 0xFF, 0xFF}}},
	{{{-3642, 1231, 4093}, 0, {496, 790}, {0xC5, 0xF8, 0xFF, 0xFF}}},
	{{{-3650, 1231, 4054}, 0, {546, 790}, {0xC5, 0xF8, 0xFF, 0xFF}}},
	{{{-3683, 1231, 4024}, 0, {555, 790}, {0xC5, 0xF8, 0xFF, 0xFF}}},
	{{{-3683, 1273, 3937}, 0, {682, 747}, {0xC5, 0xF8, 0xFF, 0xFF}}},
	{{{-3632, 1273, 4004}, 0, {624, 747}, {0xC5, 0xF8, 0xFF, 0xFF}}},
	{{{-3683, 1310, 3913}, 0, {717, 720}, {0xC5, 0xF8, 0xFF, 0xFF}}},
	{{{-3627, 1310, 3990}, 0, {639, 720}, {0xC5, 0xF8, 0xFF, 0xFF}}},
	{{{-3683, 1310, 3908}, 0, {725, 720}, {0xC5, 0xF8, 0xFF, 0xFF}}},
	{{{-3621, 1329, 3979}, 0, {650, 703}, {0xC5, 0xF8, 0xFF, 0xFF}}},
	{{{-3684, 1329, 3894}, 0, {740, 703}, {0xC5, 0xF8, 0xFF, 0xFF}}},
	{{{-3683, 1349, 3908}, 0, {725, 687}, {0xC5, 0xF8, 0xFF, 0xFF}}},
	{{{-3626, 1349, 3987}, 0, {635, 687}, {0xC5, 0xF8, 0xFF, 0xFF}}},
	{{{-3683, 1349, 3908}, 0, {718, 687}, {0xC5, 0xF8, 0xFF, 0xFF}}},
	{{{-3597, 1329, 4093}, 0, {496, 703}, {0xC5, 0xF8, 0xFF, 0xFF}}},
	{{{-3606, 1310, 4093}, 0, {496, 720}, {0xC5, 0xF8, 0xFF, 0xFF}}},
	{{{-3614, 1273, 4093}, 0, {496, 747}, {0xC5, 0xF8, 0xFF, 0xFF}}},
	{{{-4278, 1349, 4502}, 0, {718, 687}, {0xC5, 0xF8, 0xFF, 0xFF}}},
	{{{-4199, 1349, 4559}, 0, {635, 687}, {0xC5, 0xF8, 0xFF, 0xFF}}},
	{{{-4092, 1349, 4502}, 0, {496, 687}, {0xC5, 0xF8, 0xFF, 0xFF}}},
	{{{-4092, 1349, 4581}, 0, {496, 687}, {0xC5, 0xF8, 0xFF, 0xFF}}},
	{{{-4206, 1329, 4565}, 0, {650, 703}, {0xC5, 0xF8, 0xFF, 0xFF}}},
	{{{-4278, 1349, 4502}, 0, {725, 687}, {0xC5, 0xF8, 0xFF, 0xFF}}},
	{{{-4291, 1329, 4501}, 0, {740, 703}, {0xC5, 0xF8, 0xFF, 0xFF}}},
	{{{-4196, 1310, 4558}, 0, {639, 720}, {0xC5, 0xF8, 0xFF, 0xFF}}},
	{{{-4206, 1329, 4565}, 0, {650, 703}, {0xC5, 0xF8, 0xFF, 0xFF}}},
	{{{-4291, 1329, 4501}, 0, {740, 703}, {0xC5, 0xF8, 0xFF, 0xFF}}},
	{{{-4278, 1310, 4502}, 0, {725, 720}, {0xC5, 0xF8, 0xFF, 0xFF}}},
	{{{-4272, 1310, 4502}, 0, {717, 720}, {0xC5, 0xF8, 0xFF, 0xFF}}},
	{{{-4182, 1273, 4553}, 0, {624, 747}, {0xC5, 0xF8, 0xFF, 0xFF}}},
	{{{-4248, 1273, 4502}, 0, {682, 747}, {0xC5, 0xF8, 0xFF, 0xFF}}},
	{{{-4132, 1231, 4535}, 0, {546, 790}, {0xC5, 0xF8, 0xFF, 0xFF}}},
	{{{-4161, 1231, 4502}, 0, {555, 790}, {0xC5, 0xF8, 0xFF, 0xFF}}},
	{{{-4092, 1218, 4502}, 0, {496, 794}, {0xC5, 0xF8, 0xFF, 0xFF}}},
	{{{-4092, 1231, 4543}, 0, {496, 790}, {0xC5, 0xF8, 0xFF, 0xFF}}},
	{{{-4052, 1231, 4535}, 0, {546, 790}, {0xC5, 0xF8, 0xFF, 0xFF}}},
	{{{-4023, 1231, 4502}, 0, {555, 790}, {0xC5, 0xF8, 0xFF, 0xFF}}},
	{{{-3935, 1273, 4502}, 0, {682, 747}, {0xC5, 0xF8, 0xFF, 0xFF}}},
	{{{-4002, 1273, 4553}, 0, {624, 747}, {0xC5, 0xF8, 0xFF, 0xFF}}},
	{{{-3911, 1310, 4502}, 0, {717, 720}, {0xC5, 0xF8, 0xFF, 0xFF}}},
	{{{-3988, 1310, 4558}, 0, {639, 720}, {0xC5, 0xF8, 0xFF, 0xFF}}},
	{{{-3906, 1310, 4502}, 0, {725, 720}, {0xC5, 0xF8, 0xFF, 0xFF}}},
	{{{-3977, 1329, 4565}, 0, {650, 703}, {0xC5, 0xF8, 0xFF, 0xFF}}},
	{{{-3892, 1329, 4501}, 0, {740, 703}, {0xC5, 0xF8, 0xFF, 0xFF}}},
	{{{-3906, 1349, 4502}, 0, {725, 687}, {0xC5, 0xF8, 0xFF, 0xFF}}},
	{{{-3985, 1349, 4559}, 0, {635, 687}, {0xC5, 0xF8, 0xFF, 0xFF}}},
	{{{-4092, 1349, 4581}, 0, {496, 687}, {0xC5, 0xF8, 0xFF, 0xFF}}},
	{{{-4092, 1349, 4502}, 0, {496, 687}, {0xC5, 0xF8, 0xFF, 0xFF}}},
	{{{-3906, 1349, 4502}, 0, {718, 687}, {0xC5, 0xF8, 0xFF, 0xFF}}},
	{{{-4092, 1329, 4589}, 0, {496, 703}, {0xC5, 0xF8, 0xFF, 0xFF}}},
	{{{-4092, 1310, 4579}, 0, {496, 720}, {0xC5, 0xF8, 0xFF, 0xFF}}},
	{{{-4092, 1273, 4572}, 0, {496, 747}, {0xC5, 0xF8, 0xFF, 0xFF}}},
	{{{-3906, 1349, 3685}, 0, {718, 687}, {0xC5, 0xF8, 0xFF, 0xFF}}},
	{{{-3985, 1349, 3628}, 0, {635, 687}, {0xC5, 0xF8, 0xFF, 0xFF}}},
	{{{-4092, 1349, 3685}, 0, {496, 687}, {0xC5, 0xF8, 0xFF, 0xFF}}},
	{{{-4092, 1349, 3606}, 0, {496, 687}, {0xC5, 0xF8, 0xFF, 0xFF}}},
	{{{-3977, 1329, 3622}, 0, {650, 703}, {0xC5, 0xF8, 0xFF, 0xFF}}},
	{{{-3906, 1349, 3685}, 0, {725, 687}, {0xC5, 0xF8, 0xFF, 0xFF}}},
	{{{-3892, 1329, 3685}, 0, {740, 703}, {0xC5, 0xF8, 0xFF, 0xFF}}},
	{{{-3988, 1310, 3629}, 0, {639, 720}, {0xC5, 0xF8, 0xFF, 0xFF}}},
	{{{-3906, 1310, 3685}, 0, {725, 720}, {0xC5, 0xF8, 0xFF, 0xFF}}},
	{{{-3911, 1310, 3685}, 0, {717, 720}, {0xC5, 0xF8, 0xFF, 0xFF}}},
	{{{-4002, 1273, 3634}, 0, {624, 747}, {0xC5, 0xF8, 0xFF, 0xFF}}},
	{{{-3935, 1273, 3685}, 0, {682, 747}, {0xC5, 0xF8, 0xFF, 0xFF}}},
	{{{-4052, 1231, 3652}, 0, {546, 790}, {0xC5, 0xF8, 0xFF, 0xFF}}},
	{{{-4023, 1231, 3685}, 0, {555, 790}, {0xC5, 0xF8, 0xFF, 0xFF}}},
	{{{-4092, 1218, 3685}, 0, {496, 794}, {0xC5, 0xF8, 0xFF, 0xFF}}},
	{{{-4092, 1231, 3643}, 0, {496, 790}, {0xC5, 0xF8, 0xFF, 0xFF}}},
	{{{-4132, 1231, 3652}, 0, {546, 790}, {0xC5, 0xF8, 0xFF, 0xFF}}},
	{{{-4161, 1231, 3685}, 0, {555, 790}, {0xC5, 0xF8, 0xFF, 0xFF}}},
	{{{-4248, 1273, 3685}, 0, {682, 747}, {0xC5, 0xF8, 0xFF, 0xFF}}},
	{{{-4182, 1273, 3634}, 0, {624, 747}, {0xC5, 0xF8, 0xFF, 0xFF}}},
	{{{-4272, 1310, 3685}, 0, {717, 720}, {0xC5, 0xF8, 0xFF, 0xFF}}},
	{{{-4196, 1310, 3629}, 0, {639, 720}, {0xC5, 0xF8, 0xFF, 0xFF}}},
	{{{-4278, 1310, 3685}, 0, {725, 720}, {0xC5, 0xF8, 0xFF, 0xFF}}},
	{{{-4206, 1329, 3622}, 0, {650, 703}, {0xC5, 0xF8, 0xFF, 0xFF}}},
	{{{-4291, 1329, 3685}, 0, {740, 703}, {0xC5, 0xF8, 0xFF, 0xFF}}},
	{{{-4278, 1349, 3685}, 0, {725, 687}, {0xC5, 0xF8, 0xFF, 0xFF}}},
	{{{-4199, 1349, 3628}, 0, {635, 687}, {0xC5, 0xF8, 0xFF, 0xFF}}},
	{{{-4278, 1349, 3685}, 0, {718, 687}, {0xC5, 0xF8, 0xFF, 0xFF}}},
	{{{-4092, 1329, 3598}, 0, {496, 703}, {0xC5, 0xF8, 0xFF, 0xFF}}},
	{{{-4092, 1310, 3607}, 0, {496, 720}, {0xC5, 0xF8, 0xFF, 0xFF}}},
	{{{-4092, 1273, 3615}, 0, {496, 747}, {0xC5, 0xF8, 0xFF, 0xFF}}},
	{{{-3632, 1164, -3640}, 0, {997, 856}, {0xBE, 0xDA, 0xFB, 0xFF}}},
	{{{-3632, 1040, -3640}, 0, {997, 997}, {0xBE, 0xDA, 0xFB, 0xFF}}},
	{{{-3632, 1040, -4543}, 0, {-5, 997}, {0xBE, 0xDA, 0xFB, 0xFF}}},
	{{{-3632, 1164, -4543}, 0, {-5, 856}, {0xBE, 0xDA, 0xFB, 0xFF}}},
	{{{-3650, 1176, -4521}, 0, {11, 845}, {0xBE, 0xDA, 0xFB, 0xFF}}},
	{{{-3632, 1164, -3640}, 0, {997, 856}, {0xBE, 0xDA, 0xFB, 0xFF}}},
	{{{-3650, 1176, -4521}, 0, {11, 845}, {0xBE, 0xDA, 0xFB, 0xFF}}},
	{{{-3650, 1176, -3663}, 0, {981, 845}, {0xBE, 0xDA, 0xFB, 0xFF}}},
	{{{-4545, 1164, -3630}, 0, {997, 856}, {0xBE, 0xDA, 0xFB, 0xFF}}},
	{{{-4545, 1040, -3630}, 0, {997, 997}, {0xBE, 0xDA, 0xFB, 0xFF}}},
	{{{-3642, 1040, -3630}, 0, {-5, 997}, {0xBE, 0xDA, 0xFB, 0xFF}}},
	{{{-3642, 1164, -3630}, 0, {-5, 856}, {0xBE, 0xDA, 0xFB, 0xFF}}},
	{{{-3632, 1040, -3640}, 0, {-16, 997}, {0xBE, 0xDA, 0xFB, 0xFF}}},
	{{{-3642, 1028, -3652}, 0, {-5, 1008}, {0xBE, 0xDA, 0xFB, 0xFF}}},
	{{{-3653, 1028, -3640}, 0, {8, 1008}, {0xBE, 0xDA, 0xFB, 0xFF}}},
	{{{-3632, 1164, -3640}, 0, {-16, 856}, {0xBE, 0xDA, 0xFB, 0xFF}}},
	{{{-3650, 1176, -3663}, 0, {-5, 845}, {0xBE, 0xDA, 0xFB, 0xFF}}},
	{{{-3664, 1176, -3649}, 0, {11, 845}, {0xBE, 0xDA, 0xFB, 0xFF}}},
	{{{-4523, 1176, -3649}, 0, {981, 845}, {0xBE, 0xDA, 0xFB, 0xFF}}},
	{{{-4523, 1176, -3649}, 0, {996, 589}, {0xBE, 0xDA, 0xFB, 0xFF}}},
	{{{-4536, 1176, -3663}, 0, {1004, 579}, {0xBE, 0xDA, 0xFB, 0xFF}}},
	{{{-4555, 1164, -3640}, 0, {1019, 598}, {0xBE, 0xDA, 0xFB, 0xFF}}},
	{{{-4545, 1164, -3630}, 0, {1012, 604}, {0xBE, 0xDA, 0xFB, 0xFF}}},
	{{{-4555, 1040, -3640}, 0, {1008, 997}, {0xBE, 0xDA, 0xFB, 0xFF}}},
	{{{-4545, 1028, -3652}, 0, {997, 1008}, {0xBE, 0xDA, 0xFB, 0xFF}}},
	{{{-4534, 1028, -3640}, 0, {984, 1008}, {0xBE, 0xDA, 0xFB, 0xFF}}},
	{{{-4545, 1164, -4553}, 0, {-5, 856}, {0xBE, 0xDA, 0xFB, 0xFF}}},
	{{{-4555, 1164, -4543}, 0, {-16, 856}, {0xBE, 0xDA, 0xFB, 0xFF}}},
	{{{-4536, 1176, -4521}, 0, {-5, 845}, {0xBE, 0xDA, 0xFB, 0xFF}}},
	{{{-4523, 1176, -4535}, 0, {11, 845}, {0xBE, 0xDA, 0xFB, 0xFF}}},
	{{{-3642, 1164, -4553}, 0, {997, 856}, {0xBE, 0xDA, 0xFB, 0xFF}}},
	{{{-3664, 1176, -4535}, 0, {981, 845}, {0xBE, 0xDA, 0xFB, 0xFF}}},
	{{{-3650, 1176, -4521}, 0, {997, 845}, {0xBE, 0xDA, 0xFB, 0xFF}}},
	{{{-3632, 1164, -4543}, 0, {1008, 856}, {0xBE, 0xDA, 0xFB, 0xFF}}},
	{{{-3642, 1040, -4553}, 0, {997, 997}, {0xBE, 0xDA, 0xFB, 0xFF}}},
	{{{-3632, 1040, -4543}, 0, {1008, 997}, {0xBE, 0xDA, 0xFB, 0xFF}}},
	{{{-4545, 1040, -4553}, 0, {-5, 997}, {0xBE, 0xDA, 0xFB, 0xFF}}},
	{{{-4479, -5264, -4467}, 0, {54, 7860}, {0xBE, 0xDA, 0xFB, 0xFF}}},
	{{{-4494, 1020, -4504}, 0, {81, 292}, {0xBE, 0xDA, 0xFB, 0xFF}}},
	{{{-4468, -5264, -4477}, 0, {81, 7860}, {0xBE, 0xDA, 0xFB, 0xFF}}},
	{{{-4505, 1020, -4493}, 0, {54, 292}, {0xBE, 0xDA, 0xFB, 0xFF}}},
	{{{-4479, -5264, -3717}, 0, {-1877, 7860}, {0xBE, 0xDA, 0xFB, 0xFF}}},
	{{{-4505, 1020, -3691}, 0, {-1877, 292}, {0xBE, 0xDA, 0xFB, 0xFF}}},
	{{{-4468, -5264, -3707}, 0, {54, 7860}, {0xBE, 0xDA, 0xFB, 0xFF}}},
	{{{-4505, 1020, -3691}, 0, {81, 292}, {0xBE, 0xDA, 0xFB, 0xFF}}},
	{{{-4479, -5264, -3717}, 0, {81, 7860}, {0xBE, 0xDA, 0xFB, 0xFF}}},
	{{{-4494, 1020, -3680}, 0, {54, 292}, {0xBE, 0xDA, 0xFB, 0xFF}}},
	{{{-3719, -5264, -3707}, 0, {-1877, 7860}, {0xBE, 0xDA, 0xFB, 0xFF}}},
	{{{-3693, 1020, -3680}, 0, {-1877, 292}, {0xBE, 0xDA, 0xFB, 0xFF}}},
	{{{-3708, -5264, -3717}, 0, {-1904, 7860}, {0xBE, 0xDA, 0xFB, 0xFF}}},
	{{{-3681, 1020, -3691}, 0, {-1904, 292}, {0xBE, 0xDA, 0xFB, 0xFF}}},
	{{{-3719, -5264, -4477}, 0, {171, 7860}, {0xBE, 0xDA, 0xFB, 0xFF}}},
	{{{-3681, 1020, -4493}, 0, {144, 292}, {0xBE, 0xDA, 0xFB, 0xFF}}},
	{{{-3708, -5264, -4467}, 0, {144, 7860}, {0xBE, 0xDA, 0xFB, 0xFF}}},
	{{{-3693, 1020, -4504}, 0, {171, 292}, {0xBE, 0xDA, 0xFB, 0xFF}}},
	{{{-4468, -5264, -4477}, 0, {2102, 7860}, {0xBE, 0xDA, 0xFB, 0xFF}}},
	{{{-4494, 1020, -4504}, 0, {2102, 292}, {0xBE, 0xDA, 0xFB, 0xFF}}},
	{{{-4555, 1164, -3640}, 0, {-5, 856}, {0xBE, 0xDA, 0xFB, 0xFF}}},
	{{{-4545, 1040, -3630}, 0, {-16, 997}, {0xBE, 0xDA, 0xFB, 0xFF}}},
	{{{-4545, 1164, -3630}, 0, {-16, 856}, {0xBE, 0xDA, 0xFB, 0xFF}}},
	{{{-4555, 1040, -3640}, 0, {-5, 997}, {0xBE, 0xDA, 0xFB, 0xFF}}},
	{{{-4555, 1164, -4543}, 0, {997, 856}, {0xBE, 0xDA, 0xFB, 0xFF}}},
	{{{-4536, 1176, -3663}, 0, {11, 845}, {0xBE, 0xDA, 0xFB, 0xFF}}},
	{{{-4536, 1176, -4521}, 0, {981, 845}, {0xBE, 0xDA, 0xFB, 0xFF}}},
	{{{-4555, 1040, -4543}, 0, {997, 997}, {0xBE, 0xDA, 0xFB, 0xFF}}},
	{{{-4545, 1164, -4553}, 0, {1008, 856}, {0xBE, 0xDA, 0xFB, 0xFF}}},
	{{{-4545, 1040, -4553}, 0, {1008, 997}, {0xBE, 0xDA, 0xFB, 0xFF}}},
	{{{-3642, 1028, -3652}, 0, {-16, 1008}, {0xBE, 0xDA, 0xFB, 0xFF}}},
	{{{-3632, 1040, -4543}, 0, {-16, 1008}, {0xBE, 0xDA, 0xFB, 0xFF}}},
	{{{-3632, 1040, -3640}, 0, {-16, 1008}, {0xBE, 0xDA, 0xFB, 0xFF}}},
	{{{-3642, 1028, -4532}, 0, {-16, 1008}, {0xBE, 0xDA, 0xFB, 0xFF}}},
	{{{-3681, 1020, -3691}, 0, {-16, 1008}, {0xBE, 0xDA, 0xFB, 0xFF}}},
	{{{-3653, 1028, -3640}, 0, {-16, 1008}, {0xBE, 0xDA, 0xFB, 0xFF}}},
	{{{-3693, 1020, -3680}, 0, {-16, 1008}, {0xBE, 0xDA, 0xFB, 0xFF}}},
	{{{-4494, 1020, -3680}, 0, {-16, 1008}, {0xBE, 0xDA, 0xFB, 0xFF}}},
	{{{-4534, 1028, -3640}, 0, {-16, 1008}, {0xBE, 0xDA, 0xFB, 0xFF}}},
	{{{-3642, 1040, -3630}, 0, {-16, 1008}, {0xBE, 0xDA, 0xFB, 0xFF}}},
	{{{-4545, 1040, -3630}, 0, {-16, 1008}, {0xBE, 0xDA, 0xFB, 0xFF}}},
	{{{-4545, 1028, -3652}, 0, {-16, 1008}, {0xBE, 0xDA, 0xFB, 0xFF}}},
	{{{-4505, 1020, -3691}, 0, {-16, 1008}, {0xBE, 0xDA, 0xFB, 0xFF}}},
	{{{-4505, 1020, -4493}, 0, {-16, 1008}, {0xBE, 0xDA, 0xFB, 0xFF}}},
	{{{-4545, 1028, -4532}, 0, {-16, 1008}, {0xBE, 0xDA, 0xFB, 0xFF}}},
	{{{-4555, 1040, -3640}, 0, {-16, 1008}, {0xBE, 0xDA, 0xFB, 0xFF}}},
	{{{-4555, 1040, -4543}, 0, {-16, 1008}, {0xBE, 0xDA, 0xFB, 0xFF}}},
	{{{-4545, 1040, -4553}, 0, {-16, 1008}, {0xBE, 0xDA, 0xFB, 0xFF}}},
	{{{-4534, 1028, -4544}, 0, {-16, 1008}, {0xBE, 0xDA, 0xFB, 0xFF}}},
	{{{-3653, 1028, -4544}, 0, {-16, 1008}, {0xBE, 0xDA, 0xFB, 0xFF}}},
	{{{-3642, 1040, -4553}, 0, {-16, 1008}, {0xBE, 0xDA, 0xFB, 0xFF}}},
	{{{-3693, 1020, -4504}, 0, {-16, 1008}, {0xBE, 0xDA, 0xFB, 0xFF}}},
	{{{-3681, 1020, -4493}, 0, {-16, 1008}, {0xBE, 0xDA, 0xFB, 0xFF}}},
	{{{-4494, 1020, -4504}, 0, {-16, 1008}, {0xBE, 0xDA, 0xFB, 0xFF}}},
	{{{-3908, 1349, -4501}, 0, {718, 687}, {0xBE, 0xDA, 0xFB, 0xFF}}},
	{{{-3987, 1349, -4557}, 0, {635, 687}, {0xBE, 0xDA, 0xFB, 0xFF}}},
	{{{-4093, 1349, -4501}, 0, {496, 687}, {0xBE, 0xDA, 0xFB, 0xFF}}},
	{{{-4093, 1349, -4580}, 0, {496, 687}, {0xBE, 0xDA, 0xFB, 0xFF}}},
	{{{-3979, 1329, -4563}, 0, {650, 703}, {0xBE, 0xDA, 0xFB, 0xFF}}},
	{{{-3908, 1349, -4501}, 0, {725, 687}, {0xBE, 0xDA, 0xFB, 0xFF}}},
	{{{-3894, 1329, -4500}, 0, {740, 703}, {0xBE, 0xDA, 0xFB, 0xFF}}},
	{{{-3990, 1310, -4556}, 0, {639, 720}, {0xBE, 0xDA, 0xFB, 0xFF}}},
	{{{-3908, 1310, -4501}, 0, {725, 720}, {0xBE, 0xDA, 0xFB, 0xFF}}},
	{{{-3913, 1310, -4501}, 0, {717, 720}, {0xBE, 0xDA, 0xFB, 0xFF}}},
	{{{-4004, 1273, -4551}, 0, {624, 747}, {0xBE, 0xDA, 0xFB, 0xFF}}},
	{{{-3937, 1273, -4501}, 0, {682, 747}, {0xBE, 0xDA, 0xFB, 0xFF}}},
	{{{-4054, 1231, -4534}, 0, {546, 790}, {0xBE, 0xDA, 0xFB, 0xFF}}},
	{{{-4024, 1231, -4501}, 0, {555, 790}, {0xBE, 0xDA, 0xFB, 0xFF}}},
	{{{-4093, 1218, -4501}, 0, {496, 794}, {0xBE, 0xDA, 0xFB, 0xFF}}},
	{{{-4093, 1231, -4542}, 0, {496, 790}, {0xBE, 0xDA, 0xFB, 0xFF}}},
	{{{-4133, 1231, -4534}, 0, {546, 790}, {0xBE, 0xDA, 0xFB, 0xFF}}},
	{{{-4162, 1231, -4501}, 0, {555, 790}, {0xBE, 0xDA, 0xFB, 0xFF}}},
	{{{-4250, 1273, -4501}, 0, {682, 747}, {0xBE, 0xDA, 0xFB, 0xFF}}},
	{{{-4183, 1273, -4551}, 0, {624, 747}, {0xBE, 0xDA, 0xFB, 0xFF}}},
	{{{-4274, 1310, -4501}, 0, {717, 720}, {0xBE, 0xDA, 0xFB, 0xFF}}},
	{{{-4197, 1310, -4556}, 0, {639, 720}, {0xBE, 0xDA, 0xFB, 0xFF}}},
	{{{-4279, 1310, -4501}, 0, {725, 720}, {0xBE, 0xDA, 0xFB, 0xFF}}},
	{{{-4208, 1329, -4563}, 0, {650, 703}, {0xBE, 0xDA, 0xFB, 0xFF}}},
	{{{-4293, 1329, -4500}, 0, {740, 703}, {0xBE, 0xDA, 0xFB, 0xFF}}},
	{{{-4279, 1349, -4501}, 0, {725, 687}, {0xBE, 0xDA, 0xFB, 0xFF}}},
	{{{-4200, 1349, -4557}, 0, {635, 687}, {0xBE, 0xDA, 0xFB, 0xFF}}},
	{{{-4279, 1349, -4501}, 0, {718, 687}, {0xBE, 0xDA, 0xFB, 0xFF}}},
	{{{-4093, 1329, -4587}, 0, {496, 703}, {0xBE, 0xDA, 0xFB, 0xFF}}},
	{{{-4093, 1310, -4578}, 0, {496, 720}, {0xBE, 0xDA, 0xFB, 0xFF}}},
	{{{-4093, 1273, -4570}, 0, {496, 747}, {0xBE, 0xDA, 0xFB, 0xFF}}},
	{{{-4279, 1349, -3683}, 0, {718, 687}, {0xBE, 0xDA, 0xFB, 0xFF}}},
	{{{-4200, 1349, -3626}, 0, {635, 687}, {0xBE, 0xDA, 0xFB, 0xFF}}},
	{{{-4093, 1349, -3683}, 0, {496, 687}, {0xBE, 0xDA, 0xFB, 0xFF}}},
	{{{-4093, 1349, -3604}, 0, {496, 687}, {0xBE, 0xDA, 0xFB, 0xFF}}},
	{{{-4208, 1329, -3621}, 0, {650, 703}, {0xBE, 0xDA, 0xFB, 0xFF}}},
	{{{-4279, 1349, -3683}, 0, {725, 687}, {0xBE, 0xDA, 0xFB, 0xFF}}},
	{{{-4293, 1329, -3684}, 0, {740, 703}, {0xBE, 0xDA, 0xFB, 0xFF}}},
	{{{-4197, 1310, -3627}, 0, {639, 720}, {0xBE, 0xDA, 0xFB, 0xFF}}},
	{{{-4279, 1310, -3683}, 0, {725, 720}, {0xBE, 0xDA, 0xFB, 0xFF}}},
	{{{-4279, 1310, -3683}, 0, {725, 720}, {0xBE, 0xDA, 0xFB, 0xFF}}},
	{{{-4274, 1310, -3683}, 0, {717, 720}, {0xBE, 0xDA, 0xFB, 0xFF}}},
	{{{-4197, 1310, -3627}, 0, {639, 720}, {0xBE, 0xDA, 0xFB, 0xFF}}},
	{{{-4183, 1273, -3632}, 0, {624, 747}, {0xBE, 0xDA, 0xFB, 0xFF}}},
	{{{-4250, 1273, -3683}, 0, {682, 747}, {0xBE, 0xDA, 0xFB, 0xFF}}},
	{{{-4133, 1231, -3650}, 0, {546, 790}, {0xBE, 0xDA, 0xFB, 0xFF}}},
	{{{-4162, 1231, -3683}, 0, {555, 790}, {0xBE, 0xDA, 0xFB, 0xFF}}},
	{{{-4093, 1218, -3683}, 0, {496, 794}, {0xBE, 0xDA, 0xFB, 0xFF}}},
	{{{-4093, 1231, -3642}, 0, {496, 790}, {0xBE, 0xDA, 0xFB, 0xFF}}},
	{{{-4054, 1231, -3650}, 0, {546, 790}, {0xBE, 0xDA, 0xFB, 0xFF}}},
	{{{-4024, 1231, -3683}, 0, {555, 790}, {0xBE, 0xDA, 0xFB, 0xFF}}},
	{{{-3937, 1273, -3683}, 0, {682, 747}, {0xBE, 0xDA, 0xFB, 0xFF}}},
	{{{-4004, 1273, -3632}, 0, {624, 747}, {0xBE, 0xDA, 0xFB, 0xFF}}},
	{{{-3913, 1310, -3683}, 0, {717, 720}, {0xBE, 0xDA, 0xFB, 0xFF}}},
	{{{-3990, 1310, -3627}, 0, {639, 720}, {0xBE, 0xDA, 0xFB, 0xFF}}},
	{{{-3908, 1310, -3683}, 0, {725, 720}, {0xBE, 0xDA, 0xFB, 0xFF}}},
	{{{-3979, 1329, -3621}, 0, {650, 703}, {0xBE, 0xDA, 0xFB, 0xFF}}},
	{{{-3894, 1329, -3684}, 0, {740, 703}, {0xBE, 0xDA, 0xFB, 0xFF}}},
	{{{-3908, 1349, -3683}, 0, {725, 687}, {0xBE, 0xDA, 0xFB, 0xFF}}},
	{{{-3987, 1349, -3626}, 0, {635, 687}, {0xBE, 0xDA, 0xFB, 0xFF}}},
	{{{-4093, 1349, -3604}, 0, {496, 687}, {0xBE, 0xDA, 0xFB, 0xFF}}},
	{{{-4093, 1349, -3683}, 0, {496, 687}, {0xBE, 0xDA, 0xFB, 0xFF}}},
	{{{-3908, 1349, -3683}, 0, {718, 687}, {0xBE, 0xDA, 0xFB, 0xFF}}},
	{{{-4093, 1329, -3597}, 0, {496, 703}, {0xBE, 0xDA, 0xFB, 0xFF}}},
	{{{-4208, 1329, -3621}, 0, {650, 703}, {0xBE, 0xDA, 0xFB, 0xFF}}},
	{{{-4093, 1310, -3606}, 0, {496, 720}, {0xBE, 0xDA, 0xFB, 0xFF}}},
	{{{-4093, 1273, -3614}, 0, {496, 747}, {0xBE, 0xDA, 0xFB, 0xFF}}},
	{{{-4502, 1349, -4278}, 0, {718, 687}, {0xBE, 0xDA, 0xFB, 0xFF}}},
	{{{-4559, 1349, -4199}, 0, {635, 687}, {0xBE, 0xDA, 0xFB, 0xFF}}},
	{{{-4502, 1349, -4092}, 0, {496, 687}, {0xBE, 0xDA, 0xFB, 0xFF}}},
	{{{-4581, 1349, -4092}, 0, {496, 687}, {0xBE, 0xDA, 0xFB, 0xFF}}},
	{{{-4565, 1329, -4206}, 0, {650, 703}, {0xBE, 0xDA, 0xFB, 0xFF}}},
	{{{-4502, 1349, -4278}, 0, {725, 687}, {0xBE, 0xDA, 0xFB, 0xFF}}},
	{{{-4501, 1329, -4291}, 0, {740, 703}, {0xBE, 0xDA, 0xFB, 0xFF}}},
	{{{-4558, 1310, -4196}, 0, {639, 720}, {0xBE, 0xDA, 0xFB, 0xFF}}},
	{{{-4502, 1310, -4278}, 0, {725, 720}, {0xBE, 0xDA, 0xFB, 0xFF}}},
	{{{-4502, 1310, -4272}, 0, {717, 720}, {0xBE, 0xDA, 0xFB, 0xFF}}},
	{{{-4553, 1273, -4182}, 0, {624, 747}, {0xBE, 0xDA, 0xFB, 0xFF}}},
	{{{-4502, 1273, -4248}, 0, {682, 747}, {0xBE, 0xDA, 0xFB, 0xFF}}},
	{{{-4535, 1231, -4132}, 0, {546, 790}, {0xBE, 0xDA, 0xFB, 0xFF}}},
	{{{-4502, 1231, -4161}, 0, {555, 790}, {0xBE, 0xDA, 0xFB, 0xFF}}},
	{{{-4502, 1218, -4092}, 0, {496, 794}, {0xBE, 0xDA, 0xFB, 0xFF}}},
	{{{-4543, 1231, -4092}, 0, {496, 790}, {0xBE, 0xDA, 0xFB, 0xFF}}},
	{{{-4535, 1231, -4052}, 0, {546, 790}, {0xBE, 0xDA, 0xFB, 0xFF}}},
	{{{-4502, 1231, -4023}, 0, {555, 790}, {0xBE, 0xDA, 0xFB, 0xFF}}},
	{{{-4502, 1273, -3935}, 0, {682, 747}, {0xBE, 0xDA, 0xFB, 0xFF}}},
	{{{-4553, 1273, -4002}, 0, {624, 747}, {0xBE, 0xDA, 0xFB, 0xFF}}},
	{{{-4502, 1310, -3911}, 0, {717, 720}, {0xBE, 0xDA, 0xFB, 0xFF}}},
	{{{-4558, 1310, -3988}, 0, {639, 720}, {0xBE, 0xDA, 0xFB, 0xFF}}},
	{{{-4502, 1310, -3906}, 0, {725, 720}, {0xBE, 0xDA, 0xFB, 0xFF}}},
	{{{-4565, 1329, -3977}, 0, {650, 703}, {0xBE, 0xDA, 0xFB, 0xFF}}},
	{{{-4501, 1329, -3892}, 0, {740, 703}, {0xBE, 0xDA, 0xFB, 0xFF}}},
	{{{-4502, 1349, -3906}, 0, {725, 687}, {0xBE, 0xDA, 0xFB, 0xFF}}},
	{{{-4559, 1349, -3985}, 0, {635, 687}, {0xBE, 0xDA, 0xFB, 0xFF}}},
	{{{-4502, 1349, -3906}, 0, {718, 687}, {0xBE, 0xDA, 0xFB, 0xFF}}},
	{{{-4589, 1329, -4092}, 0, {496, 703}, {0xBE, 0xDA, 0xFB, 0xFF}}},
	{{{-4579, 1310, -4092}, 0, {496, 720}, {0xBE, 0xDA, 0xFB, 0xFF}}},
	{{{-4572, 1273, -4092}, 0, {496, 747}, {0xBE, 0xDA, 0xFB, 0xFF}}},
	{{{-3685, 1349, -3906}, 0, {718, 687}, {0xBE, 0xDA, 0xFB, 0xFF}}},
	{{{-3628, 1349, -3985}, 0, {635, 687}, {0xBE, 0xDA, 0xFB, 0xFF}}},
	{{{-3685, 1349, -4092}, 0, {496, 687}, {0xBE, 0xDA, 0xFB, 0xFF}}},
	{{{-3606, 1349, -4092}, 0, {496, 687}, {0xBE, 0xDA, 0xFB, 0xFF}}},
	{{{-3622, 1329, -3977}, 0, {650, 703}, {0xBE, 0xDA, 0xFB, 0xFF}}},
	{{{-3685, 1349, -3906}, 0, {725, 687}, {0xBE, 0xDA, 0xFB, 0xFF}}},
	{{{-3685, 1349, -3906}, 0, {725, 687}, {0xBE, 0xDA, 0xFB, 0xFF}}},
	{{{-3685, 1329, -3892}, 0, {740, 703}, {0xBE, 0xDA, 0xFB, 0xFF}}},
	{{{-3622, 1329, -3977}, 0, {650, 703}, {0xBE, 0xDA, 0xFB, 0xFF}}},
	{{{-3629, 1310, -3988}, 0, {639, 720}, {0xBE, 0xDA, 0xFB, 0xFF}}},
	{{{-3685, 1310, -3906}, 0, {725, 720}, {0xBE, 0xDA, 0xFB, 0xFF}}},
	{{{-3685, 1310, -3911}, 0, {717, 720}, {0xBE, 0xDA, 0xFB, 0xFF}}},
	{{{-3634, 1273, -4002}, 0, {624, 747}, {0xBE, 0xDA, 0xFB, 0xFF}}},
	{{{-3685, 1273, -3935}, 0, {682, 747}, {0xBE, 0xDA, 0xFB, 0xFF}}},
	{{{-3652, 1231, -4052}, 0, {546, 790}, {0xBE, 0xDA, 0xFB, 0xFF}}},
	{{{-3685, 1231, -4023}, 0, {555, 790}, {0xBE, 0xDA, 0xFB, 0xFF}}},
	{{{-3685, 1218, -4092}, 0, {496, 794}, {0xBE, 0xDA, 0xFB, 0xFF}}},
	{{{-3643, 1231, -4092}, 0, {496, 790}, {0xBE, 0xDA, 0xFB, 0xFF}}},
	{{{-3652, 1231, -4132}, 0, {546, 790}, {0xBE, 0xDA, 0xFB, 0xFF}}},
	{{{-3685, 1231, -4161}, 0, {555, 790}, {0xBE, 0xDA, 0xFB, 0xFF}}},
	{{{-3685, 1273, -4248}, 0, {682, 747}, {0xBE, 0xDA, 0xFB, 0xFF}}},
	{{{-3634, 1273, -4182}, 0, {624, 747}, {0xBE, 0xDA, 0xFB, 0xFF}}},
	{{{-3685, 1310, -4272}, 0, {717, 720}, {0xBE, 0xDA, 0xFB, 0xFF}}},
	{{{-3629, 1310, -4196}, 0, {639, 720}, {0xBE, 0xDA, 0xFB, 0xFF}}},
	{{{-3685, 1310, -4278}, 0, {725, 720}, {0xBE, 0xDA, 0xFB, 0xFF}}},
	{{{-3622, 1329, -4206}, 0, {650, 703}, {0xBE, 0xDA, 0xFB, 0xFF}}},
	{{{-3685, 1329, -4291}, 0, {740, 703}, {0xBE, 0xDA, 0xFB, 0xFF}}},
	{{{-3685, 1349, -4278}, 0, {725, 687}, {0xBE, 0xDA, 0xFB, 0xFF}}},
	{{{-3628, 1349, -4199}, 0, {635, 687}, {0xBE, 0xDA, 0xFB, 0xFF}}},
	{{{-3606, 1349, -4092}, 0, {496, 687}, {0xBE, 0xDA, 0xFB, 0xFF}}},
	{{{-3685, 1349, -4092}, 0, {496, 687}, {0xBE, 0xDA, 0xFB, 0xFF}}},
	{{{-3685, 1349, -4278}, 0, {718, 687}, {0xBE, 0xDA, 0xFB, 0xFF}}},
	{{{-3598, 1329, -4092}, 0, {496, 703}, {0xBE, 0xDA, 0xFB, 0xFF}}},
	{{{-3607, 1310, -4092}, 0, {496, 720}, {0xBE, 0xDA, 0xFB, 0xFF}}},
	{{{-3615, 1273, -4092}, 0, {496, 747}, {0xBE, 0xDA, 0xFB, 0xFF}}},
	{{{-3691, 1020, 3681}, 0, {171, 292}, {0xC5, 0xF8, 0xFF, 0xFF}}},
	{{{-3717, -5264, 3708}, 0, {171, 7860}, {0xC5, 0xF8, 0xFF, 0xFF}}},
	{{{-4467, -5264, 3708}, 0, {2102, 7860}, {0xC5, 0xF8, 0xFF, 0xFF}}},
	{{{-4493, 1020, 3681}, 0, {2102, 292}, {0xC5, 0xF8, 0xFF, 0xFF}}},
	{{{-3681, 1020, -3691}, 0, {171, 292}, {0xBE, 0xDA, 0xFB, 0xFF}}},
	{{{-3708, -5264, -3717}, 0, {171, 7860}, {0xBE, 0xDA, 0xFB, 0xFF}}},
	{{{-3708, -5264, -4467}, 0, {2102, 7860}, {0xBE, 0xDA, 0xFB, 0xFF}}},
	{{{-3681, 1020, -4493}, 0, {2102, 292}, {0xBE, 0xDA, 0xFB, 0xFF}}},
	{{{3691, 1020, -3681}, 0, {171, 292}, {0xDD, 0xFF, 0xC8, 0xFF}}},
	{{{3717, -5264, -3708}, 0, {171, 7860}, {0xDD, 0xFF, 0xC8, 0xFF}}},
	{{{4467, -5264, -3708}, 0, {2102, 7860}, {0xDD, 0xFF, 0xC8, 0xFF}}},
	{{{4493, 1020, -3681}, 0, {2102, 292}, {0xDD, 0xFF, 0xC8, 0xFF}}},
	{{{3681, 1020, 3691}, 0, {171, 292}, {0xFE, 0xFF, 0xCB, 0xFF}}},
	{{{3708, -5264, 3717}, 0, {171, 7860}, {0xFE, 0xFF, 0xCB, 0xFF}}},
	{{{3708, -5264, 4467}, 0, {2102, 7860}, {0xFE, 0xFF, 0xCB, 0xFF}}},
	{{{3681, 1020, 4493}, 0, {2102, 292}, {0xFE, 0xFF, 0xCB, 0xFF}}},
	{{{4512, 1390, -4250}, 0, {-16, 1008}, {0x00, 0x00, 0x00, 0xFF}}},
	{{{4512, 1790, -4250}, 0, {-16, 1008}, {0x00, 0x00, 0x00, 0xFF}}},
	{{{4427, 1759, -4187}, 0, {-16, 1008}, {0x00, 0x00, 0x00, 0xFF}}},
	{{{4512, 1840, -4212}, 0, {-16, 1008}, {0x00, 0x00, 0x00, 0xFF}}},
	{{{4427, 1798, -4165}, 0, {-16, 1008}, {0x00, 0x00, 0x00, 0xFF}}},
	{{{4512, 1870, -4165}, 0, {-16, 1008}, {0x00, 0x00, 0x00, 0xFF}}},
	{{{4427, 1820, -4137}, 0, {-16, 1008}, {0x00, 0x00, 0x00, 0xFF}}},
	{{{4512, 1884, -4093}, 0, {-16, 1008}, {0x00, 0x00, 0x00, 0xFF}}},
	{{{4427, 1832, -4093}, 0, {-16, 1008}, {0x00, 0x00, 0x00, 0xFF}}},
	{{{4427, 1820, -4050}, 0, {-16, 1008}, {0x00, 0x00, 0x00, 0xFF}}},
	{{{4512, 1870, -4021}, 0, {-16, 1008}, {0x00, 0x00, 0x00, 0xFF}}},
	{{{4427, 1798, -4022}, 0, {-16, 1008}, {0x00, 0x00, 0x00, 0xFF}}},
	{{{4512, 1840, -3975}, 0, {-16, 1008}, {0x00, 0x00, 0x00, 0xFF}}},
	{{{4427, 1759, -3999}, 0, {-16, 1008}, {0x00, 0x00, 0x00, 0xFF}}},
	{{{4512, 1790, -3937}, 0, {-16, 1008}, {0x00, 0x00, 0x00, 0xFF}}},
	{{{4512, 1390, -3937}, 0, {-16, 1008}, {0x00, 0x00, 0x00, 0xFF}}},
	{{{4427, 1450, -3999}, 0, {-16, 1008}, {0x00, 0x00, 0x00, 0xFF}}},
	{{{4512, 1390, -4093}, 0, {-16, 1008}, {0x00, 0x00, 0x00, 0xFF}}},
	{{{4427, 1450, -4093}, 0, {-16, 1008}, {0x00, 0x00, 0x00, 0xFF}}},
	{{{4512, 1390, -4093}, 0, {-16, 1008}, {0x00, 0x00, 0x00, 0xFF}}},
	{{{4427, 1450, -4187}, 0, {-16, 1008}, {0x00, 0x00, 0x00, 0xFF}}},
	{{{4427, 1450, -4093}, 0, {-16, 1008}, {0x00, 0x00, 0x00, 0xFF}}},
	{{{4512, 1390, -4250}, 0, {-16, 1008}, {0x00, 0x00, 0x00, 0xFF}}},
	{{{4427, 1759, -4187}, 0, {-16, 1008}, {0x00, 0x00, 0x00, 0xFF}}},
	{{{4323, 1617, -4093}, 0, {-16, 1008}, {0x00, 0x00, 0x00, 0xFF}}},
	{{{4427, 1798, -4165}, 0, {-16, 1008}, {0x00, 0x00, 0x00, 0xFF}}},
	{{{4427, 1820, -4137}, 0, {-16, 1008}, {0x00, 0x00, 0x00, 0xFF}}},
	{{{4427, 1832, -4093}, 0, {-16, 1008}, {0x00, 0x00, 0x00, 0xFF}}},
	{{{4427, 1820, -4050}, 0, {-16, 1008}, {0x00, 0x00, 0x00, 0xFF}}},
	{{{4427, 1798, -4022}, 0, {-16, 1008}, {0x00, 0x00, 0x00, 0xFF}}},
	{{{4427, 1759, -3999}, 0, {-16, 1008}, {0x00, 0x00, 0x00, 0xFF}}},
	{{{4427, 1450, -3999}, 0, {-16, 1008}, {0x00, 0x00, 0x00, 0xFF}}},
	{{{3672, 1870, -4165}, 0, {-16, 1008}, {0x00, 0x00, 0x00, 0xFF}}},
	{{{3672, 1840, -4212}, 0, {-16, 1008}, {0x00, 0x00, 0x00, 0xFF}}},
	{{{3757, 1798, -4165}, 0, {-16, 1008}, {0x00, 0x00, 0x00, 0xFF}}},
	{{{3757, 1759, -4187}, 0, {-16, 1008}, {0x00, 0x00, 0x00, 0xFF}}},
	{{{3672, 1790, -4250}, 0, {-16, 1008}, {0x00, 0x00, 0x00, 0xFF}}},
	{{{3672, 1390, -4250}, 0, {-16, 1008}, {0x00, 0x00, 0x00, 0xFF}}},
	{{{3757, 1450, -4187}, 0, {-16, 1008}, {0x00, 0x00, 0x00, 0xFF}}},
	{{{3672, 1390, -4093}, 0, {-16, 1008}, {0x00, 0x00, 0x00, 0xFF}}},
	{{{3757, 1450, -4093}, 0, {-16, 1008}, {0x00, 0x00, 0x00, 0xFF}}},
	{{{3757, 1450, -3999}, 0, {-16, 1008}, {0x00, 0x00, 0x00, 0xFF}}},
	{{{3672, 1390, -3937}, 0, {-16, 1008}, {0x00, 0x00, 0x00, 0xFF}}},
	{{{3757, 1759, -3999}, 0, {-16, 1008}, {0x00, 0x00, 0x00, 0xFF}}},
	{{{3672, 1790, -3937}, 0, {-16, 1008}, {0x00, 0x00, 0x00, 0xFF}}},
	{{{3672, 1840, -3975}, 0, {-16, 1008}, {0x00, 0x00, 0x00, 0xFF}}},
	{{{3757, 1798, -4022}, 0, {-16, 1008}, {0x00, 0x00, 0x00, 0xFF}}},
	{{{3672, 1870, -4021}, 0, {-16, 1008}, {0x00, 0x00, 0x00, 0xFF}}},
	{{{3757, 1820, -4050}, 0, {-16, 1008}, {0x00, 0x00, 0x00, 0xFF}}},
	{{{3672, 1884, -4093}, 0, {-16, 1008}, {0x00, 0x00, 0x00, 0xFF}}},
	{{{3757, 1832, -4093}, 0, {-16, 1008}, {0x00, 0x00, 0x00, 0xFF}}},
	{{{3757, 1820, -4137}, 0, {-16, 1008}, {0x00, 0x00, 0x00, 0xFF}}},
	{{{3861, 1617, -4093}, 0, {-16, 1008}, {0x00, 0x00, 0x00, 0xFF}}},
	{{{3936, 1390, -4514}, 0, {-16, 1008}, {0x00, 0x00, 0x00, 0xFF}}},
	{{{3936, 1790, -4514}, 0, {-16, 1008}, {0x00, 0x00, 0x00, 0xFF}}},
	{{{3998, 1759, -4429}, 0, {-16, 1008}, {0x00, 0x00, 0x00, 0xFF}}},
	{{{3973, 1840, -4514}, 0, {-16, 1008}, {0x00, 0x00, 0x00, 0xFF}}},
	{{{4021, 1798, -4429}, 0, {-16, 1008}, {0x00, 0x00, 0x00, 0xFF}}},
	{{{4020, 1870, -4514}, 0, {-16, 1008}, {0x00, 0x00, 0x00, 0xFF}}},
	{{{4049, 1820, -4429}, 0, {-16, 1008}, {0x00, 0x00, 0x00, 0xFF}}},
	{{{4092, 1884, -4514}, 0, {-16, 1008}, {0x00, 0x00, 0x00, 0xFF}}},
	{{{4092, 1832, -4429}, 0, {-16, 1008}, {0x00, 0x00, 0x00, 0xFF}}},
	{{{4135, 1820, -4429}, 0, {-16, 1008}, {0x00, 0x00, 0x00, 0xFF}}},
	{{{4164, 1870, -4514}, 0, {-16, 1008}, {0x00, 0x00, 0x00, 0xFF}}},
	{{{4163, 1798, -4429}, 0, {-16, 1008}, {0x00, 0x00, 0x00, 0xFF}}},
	{{{4211, 1840, -4514}, 0, {-16, 1008}, {0x00, 0x00, 0x00, 0xFF}}},
	{{{4186, 1759, -4429}, 0, {-16, 1008}, {0x00, 0x00, 0x00, 0xFF}}},
	{{{4248, 1790, -4514}, 0, {-16, 1008}, {0x00, 0x00, 0x00, 0xFF}}},
	{{{4248, 1390, -4514}, 0, {-16, 1008}, {0x00, 0x00, 0x00, 0xFF}}},
	{{{4186, 1450, -4429}, 0, {-16, 1008}, {0x00, 0x00, 0x00, 0xFF}}},
	{{{4092, 1390, -4514}, 0, {-16, 1008}, {0x00, 0x00, 0x00, 0xFF}}},
	{{{4092, 1450, -4429}, 0, {-16, 1008}, {0x00, 0x00, 0x00, 0xFF}}},
	{{{3998, 1450, -4429}, 0, {-16, 1008}, {0x00, 0x00, 0x00, 0xFF}}},
	{{{4092, 1617, -4324}, 0, {-16, 1008}, {0x00, 0x00, 0x00, 0xFF}}},
	{{{4020, 1870, -3673}, 0, {-16, 1008}, {0x00, 0x00, 0x00, 0xFF}}},
	{{{3973, 1840, -3673}, 0, {-16, 1008}, {0x00, 0x00, 0x00, 0xFF}}},
	{{{4021, 1798, -3758}, 0, {-16, 1008}, {0x00, 0x00, 0x00, 0xFF}}},
	{{{3998, 1759, -3758}, 0, {-16, 1008}, {0x00, 0x00, 0x00, 0xFF}}},
	{{{3936, 1790, -3673}, 0, {-16, 1008}, {0x00, 0x00, 0x00, 0xFF}}},
	{{{3936, 1390, -3673}, 0, {-16, 1008}, {0x00, 0x00, 0x00, 0xFF}}},
	{{{3998, 1450, -3758}, 0, {-16, 1008}, {0x00, 0x00, 0x00, 0xFF}}},
	{{{4092, 1390, -3673}, 0, {-16, 1008}, {0x00, 0x00, 0x00, 0xFF}}},
	{{{4092, 1450, -3758}, 0, {-16, 1008}, {0x00, 0x00, 0x00, 0xFF}}},
	{{{4092, 1390, -3673}, 0, {-16, 1008}, {0x00, 0x00, 0x00, 0xFF}}},
	{{{4186, 1450, -3758}, 0, {-16, 1008}, {0x00, 0x00, 0x00, 0xFF}}},
	{{{4092, 1450, -3758}, 0, {-16, 1008}, {0x00, 0x00, 0x00, 0xFF}}},
	{{{4248, 1390, -3673}, 0, {-16, 1008}, {0x00, 0x00, 0x00, 0xFF}}},
	{{{4186, 1759, -3758}, 0, {-16, 1008}, {0x00, 0x00, 0x00, 0xFF}}},
	{{{4248, 1790, -3673}, 0, {-16, 1008}, {0x00, 0x00, 0x00, 0xFF}}},
	{{{4211, 1840, -3673}, 0, {-16, 1008}, {0x00, 0x00, 0x00, 0xFF}}},
	{{{4163, 1798, -3758}, 0, {-16, 1008}, {0x00, 0x00, 0x00, 0xFF}}},
	{{{4164, 1870, -3673}, 0, {-16, 1008}, {0x00, 0x00, 0x00, 0xFF}}},
	{{{4135, 1820, -3758}, 0, {-16, 1008}, {0x00, 0x00, 0x00, 0xFF}}},
	{{{4092, 1884, -3673}, 0, {-16, 1008}, {0x00, 0x00, 0x00, 0xFF}}},
	{{{4092, 1832, -3758}, 0, {-16, 1008}, {0x00, 0x00, 0x00, 0xFF}}},
	{{{4049, 1820, -3758}, 0, {-16, 1008}, {0x00, 0x00, 0x00, 0xFF}}},
	{{{4020, 1870, -3673}, 0, {-16, 1008}, {0x00, 0x00, 0x00, 0xFF}}},
	{{{4021, 1798, -3758}, 0, {-16, 1008}, {0x00, 0x00, 0x00, 0xFF}}},
	{{{4092, 1617, -3863}, 0, {-16, 1008}, {0x00, 0x00, 0x00, 0xFF}}},
	{{{3998, 1759, -3758}, 0, {-16, 1008}, {0x00, 0x00, 0x00, 0xFF}}},
	{{{3998, 1450, -3758}, 0, {-16, 1008}, {0x00, 0x00, 0x00, 0xFF}}},
	{{{-4250, 1390, -4512}, 0, {-16, 1008}, {0x00, 0x00, 0x00, 0xFF}}},
	{{{-4250, 1790, -4512}, 0, {-16, 1008}, {0x00, 0x00, 0x00, 0xFF}}},
	{{{-4187, 1759, -4427}, 0, {-16, 1008}, {0x00, 0x00, 0x00, 0xFF}}},
	{{{-4212, 1840, -4512}, 0, {-16, 1008}, {0x00, 0x00, 0x00, 0xFF}}},
	{{{-4165, 1798, -4427}, 0, {-16, 1008}, {0x00, 0x00, 0x00, 0xFF}}},
	{{{-4165, 1870, -4512}, 0, {-16, 1008}, {0x00, 0x00, 0x00, 0xFF}}},
	{{{-4137, 1820, -4427}, 0, {-16, 1008}, {0x00, 0x00, 0x00, 0xFF}}},
	{{{-4093, 1884, -4512}, 0, {-16, 1008}, {0x00, 0x00, 0x00, 0xFF}}},
	{{{-4093, 1832, -4427}, 0, {-16, 1008}, {0x00, 0x00, 0x00, 0xFF}}},
	{{{-4050, 1820, -4427}, 0, {-16, 1008}, {0x00, 0x00, 0x00, 0xFF}}},
	{{{-4021, 1870, -4512}, 0, {-16, 1008}, {0x00, 0x00, 0x00, 0xFF}}},
	{{{-4022, 1798, -4427}, 0, {-16, 1008}, {0x00, 0x00, 0x00, 0xFF}}},
	{{{-3975, 1840, -4512}, 0, {-16, 1008}, {0x00, 0x00, 0x00, 0xFF}}},
	{{{-3999, 1759, -4427}, 0, {-16, 1008}, {0x00, 0x00, 0x00, 0xFF}}},
	{{{-3937, 1790, -4512}, 0, {-16, 1008}, {0x00, 0x00, 0x00, 0xFF}}},
	{{{-3937, 1390, -4512}, 0, {-16, 1008}, {0x00, 0x00, 0x00, 0xFF}}},
	{{{-3999, 1450, -4427}, 0, {-16, 1008}, {0x00, 0x00, 0x00, 0xFF}}},
	{{{-4093, 1390, -4512}, 0, {-16, 1008}, {0x00, 0x00, 0x00, 0xFF}}},
	{{{-4093, 1450, -4427}, 0, {-16, 1008}, {0x00, 0x00, 0x00, 0xFF}}},
	{{{-4187, 1450, -4427}, 0, {-16, 1008}, {0x00, 0x00, 0x00, 0xFF}}},
	{{{-4093, 1617, -4323}, 0, {-16, 1008}, {0x00, 0x00, 0x00, 0xFF}}},
	{{{-4165, 1870, -3672}, 0, {-16, 1008}, {0x00, 0x00, 0x00, 0xFF}}},
	{{{-4212, 1840, -3672}, 0, {-16, 1008}, {0x00, 0x00, 0x00, 0xFF}}},
	{{{-4165, 1798, -3757}, 0, {-16, 1008}, {0x00, 0x00, 0x00, 0xFF}}},
	{{{-4187, 1759, -3757}, 0, {-16, 1008}, {0x00, 0x00, 0x00, 0xFF}}},
	{{{-4250, 1790, -3672}, 0, {-16, 1008}, {0x00, 0x00, 0x00, 0xFF}}},
	{{{-4250, 1390, -3672}, 0, {-16, 1008}, {0x00, 0x00, 0x00, 0xFF}}},
	{{{-4187, 1450, -3757}, 0, {-16, 1008}, {0x00, 0x00, 0x00, 0xFF}}},
	{{{-4093, 1390, -3672}, 0, {-16, 1008}, {0x00, 0x00, 0x00, 0xFF}}},
	{{{-4093, 1450, -3757}, 0, {-16, 1008}, {0x00, 0x00, 0x00, 0xFF}}},
	{{{-3999, 1450, -3757}, 0, {-16, 1008}, {0x00, 0x00, 0x00, 0xFF}}},
	{{{-3937, 1390, -3672}, 0, {-16, 1008}, {0x00, 0x00, 0x00, 0xFF}}},
	{{{-3999, 1759, -3757}, 0, {-16, 1008}, {0x00, 0x00, 0x00, 0xFF}}},
	{{{-3937, 1790, -3672}, 0, {-16, 1008}, {0x00, 0x00, 0x00, 0xFF}}},
	{{{-3975, 1840, -3672}, 0, {-16, 1008}, {0x00, 0x00, 0x00, 0xFF}}},
	{{{-4022, 1798, -3757}, 0, {-16, 1008}, {0x00, 0x00, 0x00, 0xFF}}},
	{{{-4021, 1870, -3672}, 0, {-16, 1008}, {0x00, 0x00, 0x00, 0xFF}}},
	{{{-4050, 1820, -3757}, 0, {-16, 1008}, {0x00, 0x00, 0x00, 0xFF}}},
	{{{-4093, 1884, -3672}, 0, {-16, 1008}, {0x00, 0x00, 0x00, 0xFF}}},
	{{{-4093, 1832, -3757}, 0, {-16, 1008}, {0x00, 0x00, 0x00, 0xFF}}},
	{{{-4137, 1820, -3757}, 0, {-16, 1008}, {0x00, 0x00, 0x00, 0xFF}}},
	{{{-4093, 1617, -3861}, 0, {-16, 1008}, {0x00, 0x00, 0x00, 0xFF}}},
	{{{-4514, 1390, -3936}, 0, {-16, 1008}, {0x00, 0x00, 0x00, 0xFF}}},
	{{{-4514, 1790, -3936}, 0, {-16, 1008}, {0x00, 0x00, 0x00, 0xFF}}},
	{{{-4429, 1759, -3998}, 0, {-16, 1008}, {0x00, 0x00, 0x00, 0xFF}}},
	{{{-4514, 1840, -3973}, 0, {-16, 1008}, {0x00, 0x00, 0x00, 0xFF}}},
	{{{-4514, 1840, -3973}, 0, {-16, 1008}, {0x00, 0x00, 0x00, 0xFF}}},
	{{{-4429, 1798, -4021}, 0, {-16, 1008}, {0x00, 0x00, 0x00, 0xFF}}},
	{{{-4429, 1759, -3998}, 0, {-16, 1008}, {0x00, 0x00, 0x00, 0xFF}}},
	{{{-4514, 1870, -4020}, 0, {-16, 1008}, {0x00, 0x00, 0x00, 0xFF}}},
	{{{-4429, 1820, -4049}, 0, {-16, 1008}, {0x00, 0x00, 0x00, 0xFF}}},
	{{{-4514, 1884, -4092}, 0, {-16, 1008}, {0x00, 0x00, 0x00, 0xFF}}},
	{{{-4429, 1832, -4092}, 0, {-16, 1008}, {0x00, 0x00, 0x00, 0xFF}}},
	{{{-4429, 1820, -4135}, 0, {-16, 1008}, {0x00, 0x00, 0x00, 0xFF}}},
	{{{-4514, 1870, -4164}, 0, {-16, 1008}, {0x00, 0x00, 0x00, 0xFF}}},
	{{{-4429, 1798, -4163}, 0, {-16, 1008}, {0x00, 0x00, 0x00, 0xFF}}},
	{{{-4514, 1840, -4211}, 0, {-16, 1008}, {0x00, 0x00, 0x00, 0xFF}}},
	{{{-4429, 1759, -4186}, 0, {-16, 1008}, {0x00, 0x00, 0x00, 0xFF}}},
	{{{-4514, 1790, -4248}, 0, {-16, 1008}, {0x00, 0x00, 0x00, 0xFF}}},
	{{{-4514, 1390, -4248}, 0, {-16, 1008}, {0x00, 0x00, 0x00, 0xFF}}},
	{{{-4429, 1450, -4186}, 0, {-16, 1008}, {0x00, 0x00, 0x00, 0xFF}}},
	{{{-4514, 1390, -4092}, 0, {-16, 1008}, {0x00, 0x00, 0x00, 0xFF}}},
	{{{-4429, 1450, -4092}, 0, {-16, 1008}, {0x00, 0x00, 0x00, 0xFF}}},
	{{{-4429, 1450, -3998}, 0, {-16, 1008}, {0x00, 0x00, 0x00, 0xFF}}},
	{{{-4514, 1390, -3936}, 0, {-16, 1008}, {0x00, 0x00, 0x00, 0xFF}}},
	{{{-4324, 1617, -4092}, 0, {-16, 1008}, {0x00, 0x00, 0x00, 0xFF}}},
	{{{-3673, 1870, -4020}, 0, {-16, 1008}, {0x00, 0x00, 0x00, 0xFF}}},
	{{{-3673, 1840, -3973}, 0, {-16, 1008}, {0x00, 0x00, 0x00, 0xFF}}},
	{{{-3758, 1798, -4021}, 0, {-16, 1008}, {0x00, 0x00, 0x00, 0xFF}}},
	{{{-3758, 1759, -3998}, 0, {-16, 1008}, {0x00, 0x00, 0x00, 0xFF}}},
	{{{-3673, 1790, -3936}, 0, {-16, 1008}, {0x00, 0x00, 0x00, 0xFF}}},
	{{{-3673, 1390, -3936}, 0, {-16, 1008}, {0x00, 0x00, 0x00, 0xFF}}},
	{{{-3758, 1450, -3998}, 0, {-16, 1008}, {0x00, 0x00, 0x00, 0xFF}}},
	{{{-3673, 1390, -4092}, 0, {-16, 1008}, {0x00, 0x00, 0x00, 0xFF}}},
	{{{-3758, 1450, -4092}, 0, {-16, 1008}, {0x00, 0x00, 0x00, 0xFF}}},
	{{{-3758, 1450, -4186}, 0, {-16, 1008}, {0x00, 0x00, 0x00, 0xFF}}},
	{{{-3673, 1390, -4248}, 0, {-16, 1008}, {0x00, 0x00, 0x00, 0xFF}}},
	{{{-3758, 1759, -4186}, 0, {-16, 1008}, {0x00, 0x00, 0x00, 0xFF}}},
	{{{-3673, 1790, -4248}, 0, {-16, 1008}, {0x00, 0x00, 0x00, 0xFF}}},
	{{{-3673, 1840, -4211}, 0, {-16, 1008}, {0x00, 0x00, 0x00, 0xFF}}},
	{{{-3758, 1798, -4163}, 0, {-16, 1008}, {0x00, 0x00, 0x00, 0xFF}}},
	{{{-3673, 1870, -4164}, 0, {-16, 1008}, {0x00, 0x00, 0x00, 0xFF}}},
	{{{-3758, 1820, -4135}, 0, {-16, 1008}, {0x00, 0x00, 0x00, 0xFF}}},
	{{{-3673, 1884, -4092}, 0, {-16, 1008}, {0x00, 0x00, 0x00, 0xFF}}},
	{{{-3758, 1832, -4092}, 0, {-16, 1008}, {0x00, 0x00, 0x00, 0xFF}}},
	{{{-3758, 1820, -4049}, 0, {-16, 1008}, {0x00, 0x00, 0x00, 0xFF}}},
	{{{-3863, 1617, -4092}, 0, {-16, 1008}, {0x00, 0x00, 0x00, 0xFF}}},
	{{{-4512, 1390, 4250}, 0, {-16, 1008}, {0x00, 0x00, 0x00, 0xFF}}},
	{{{-4512, 1790, 4250}, 0, {-16, 1008}, {0x00, 0x00, 0x00, 0xFF}}},
	{{{-4427, 1759, 4187}, 0, {-16, 1008}, {0x00, 0x00, 0x00, 0xFF}}},
	{{{-4512, 1840, 4212}, 0, {-16, 1008}, {0x00, 0x00, 0x00, 0xFF}}},
	{{{-4427, 1798, 4165}, 0, {-16, 1008}, {0x00, 0x00, 0x00, 0xFF}}},
	{{{-4512, 1870, 4165}, 0, {-16, 1008}, {0x00, 0x00, 0x00, 0xFF}}},
	{{{-4427, 1820, 4137}, 0, {-16, 1008}, {0x00, 0x00, 0x00, 0xFF}}},
	{{{-4512, 1884, 4093}, 0, {-16, 1008}, {0x00, 0x00, 0x00, 0xFF}}},
	{{{-4427, 1832, 4093}, 0, {-16, 1008}, {0x00, 0x00, 0x00, 0xFF}}},
	{{{-4427, 1820, 4050}, 0, {-16, 1008}, {0x00, 0x00, 0x00, 0xFF}}},
	{{{-4512, 1870, 4021}, 0, {-16, 1008}, {0x00, 0x00, 0x00, 0xFF}}},
	{{{-4427, 1798, 4022}, 0, {-16, 1008}, {0x00, 0x00, 0x00, 0xFF}}},
	{{{-4512, 1840, 3975}, 0, {-16, 1008}, {0x00, 0x00, 0x00, 0xFF}}},
	{{{-4427, 1759, 3999}, 0, {-16, 1008}, {0x00, 0x00, 0x00, 0xFF}}},
	{{{-4512, 1790, 3937}, 0, {-16, 1008}, {0x00, 0x00, 0x00, 0xFF}}},
	{{{-4512, 1390, 3937}, 0, {-16, 1008}, {0x00, 0x00, 0x00, 0xFF}}},
	{{{-4427, 1450, 3999}, 0, {-16, 1008}, {0x00, 0x00, 0x00, 0xFF}}},
	{{{-4512, 1390, 4093}, 0, {-16, 1008}, {0x00, 0x00, 0x00, 0xFF}}},
	{{{-4427, 1450, 4093}, 0, {-16, 1008}, {0x00, 0x00, 0x00, 0xFF}}},
	{{{-4427, 1450, 4187}, 0, {-16, 1008}, {0x00, 0x00, 0x00, 0xFF}}},
	{{{-4323, 1617, 4093}, 0, {-16, 1008}, {0x00, 0x00, 0x00, 0xFF}}},
	{{{-3672, 1870, 4165}, 0, {-16, 1008}, {0x00, 0x00, 0x00, 0xFF}}},
	{{{-3672, 1840, 4212}, 0, {-16, 1008}, {0x00, 0x00, 0x00, 0xFF}}},
	{{{-3757, 1798, 4165}, 0, {-16, 1008}, {0x00, 0x00, 0x00, 0xFF}}},
	{{{-3757, 1759, 4187}, 0, {-16, 1008}, {0x00, 0x00, 0x00, 0xFF}}},
	{{{-3672, 1790, 4250}, 0, {-16, 1008}, {0x00, 0x00, 0x00, 0xFF}}},
	{{{-3672, 1390, 4250}, 0, {-16, 1008}, {0x00, 0x00, 0x00, 0xFF}}},
	{{{-3757, 1450, 4187}, 0, {-16, 1008}, {0x00, 0x00, 0x00, 0xFF}}},
	{{{-3672, 1390, 4093}, 0, {-16, 1008}, {0x00, 0x00, 0x00, 0xFF}}},
	{{{-3757, 1450, 4093}, 0, {-16, 1008}, {0x00, 0x00, 0x00, 0xFF}}},
	{{{-3757, 1450, 3999}, 0, {-16, 1008}, {0x00, 0x00, 0x00, 0xFF}}},
	{{{-3672, 1390, 3937}, 0, {-16, 1008}, {0x00, 0x00, 0x00, 0xFF}}},
	{{{-3757, 1759, 3999}, 0, {-16, 1008}, {0x00, 0x00, 0x00, 0xFF}}},
	{{{-3672, 1790, 3937}, 0, {-16, 1008}, {0x00, 0x00, 0x00, 0xFF}}},
	{{{-3672, 1840, 3975}, 0, {-16, 1008}, {0x00, 0x00, 0x00, 0xFF}}},
	{{{-3757, 1798, 4022}, 0, {-16, 1008}, {0x00, 0x00, 0x00, 0xFF}}},
	{{{-3672, 1870, 4021}, 0, {-16, 1008}, {0x00, 0x00, 0x00, 0xFF}}},
	{{{-3757, 1820, 4050}, 0, {-16, 1008}, {0x00, 0x00, 0x00, 0xFF}}},
	{{{-3672, 1884, 4093}, 0, {-16, 1008}, {0x00, 0x00, 0x00, 0xFF}}},
	{{{-3757, 1832, 4093}, 0, {-16, 1008}, {0x00, 0x00, 0x00, 0xFF}}},
	{{{-3757, 1820, 4137}, 0, {-16, 1008}, {0x00, 0x00, 0x00, 0xFF}}},
	{{{-3861, 1617, 4093}, 0, {-16, 1008}, {0x00, 0x00, 0x00, 0xFF}}},
	{{{-3936, 1390, 4514}, 0, {-16, 1008}, {0x00, 0x00, 0x00, 0xFF}}},
	{{{-3936, 1790, 4514}, 0, {-16, 1008}, {0x00, 0x00, 0x00, 0xFF}}},
	{{{-3998, 1759, 4429}, 0, {-16, 1008}, {0x00, 0x00, 0x00, 0xFF}}},
	{{{-3973, 1840, 4514}, 0, {-16, 1008}, {0x00, 0x00, 0x00, 0xFF}}},
	{{{-4021, 1798, 4429}, 0, {-16, 1008}, {0x00, 0x00, 0x00, 0xFF}}},
	{{{-4020, 1870, 4514}, 0, {-16, 1008}, {0x00, 0x00, 0x00, 0xFF}}},
	{{{-4049, 1820, 4429}, 0, {-16, 1008}, {0x00, 0x00, 0x00, 0xFF}}},
	{{{-4092, 1884, 4514}, 0, {-16, 1008}, {0x00, 0x00, 0x00, 0xFF}}},
	{{{-4092, 1832, 4429}, 0, {-16, 1008}, {0x00, 0x00, 0x00, 0xFF}}},
	{{{-4135, 1820, 4429}, 0, {-16, 1008}, {0x00, 0x00, 0x00, 0xFF}}},
	{{{-4164, 1870, 4514}, 0, {-16, 1008}, {0x00, 0x00, 0x00, 0xFF}}},
	{{{-4163, 1798, 4429}, 0, {-16, 1008}, {0x00, 0x00, 0x00, 0xFF}}},
	{{{-4211, 1840, 4514}, 0, {-16, 1008}, {0x00, 0x00, 0x00, 0xFF}}},
	{{{-4186, 1759, 4429}, 0, {-16, 1008}, {0x00, 0x00, 0x00, 0xFF}}},
	{{{-4248, 1790, 4514}, 0, {-16, 1008}, {0x00, 0x00, 0x00, 0xFF}}},
	{{{-4248, 1390, 4514}, 0, {-16, 1008}, {0x00, 0x00, 0x00, 0xFF}}},
	{{{-4186, 1450, 4429}, 0, {-16, 1008}, {0x00, 0x00, 0x00, 0xFF}}},
	{{{-4092, 1390, 4514}, 0, {-16, 1008}, {0x00, 0x00, 0x00, 0xFF}}},
	{{{-4092, 1450, 4429}, 0, {-16, 1008}, {0x00, 0x00, 0x00, 0xFF}}},
	{{{-3998, 1450, 4429}, 0, {-16, 1008}, {0x00, 0x00, 0x00, 0xFF}}},
	{{{-4092, 1617, 4324}, 0, {-16, 1008}, {0x00, 0x00, 0x00, 0xFF}}},
	{{{-4020, 1870, 3673}, 0, {-16, 1008}, {0x00, 0x00, 0x00, 0xFF}}},
	{{{-3973, 1840, 3673}, 0, {-16, 1008}, {0x00, 0x00, 0x00, 0xFF}}},
	{{{-4021, 1798, 3758}, 0, {-16, 1008}, {0x00, 0x00, 0x00, 0xFF}}},
	{{{-3998, 1759, 3758}, 0, {-16, 1008}, {0x00, 0x00, 0x00, 0xFF}}},
	{{{-3936, 1790, 3673}, 0, {-16, 1008}, {0x00, 0x00, 0x00, 0xFF}}},
	{{{-3936, 1390, 3673}, 0, {-16, 1008}, {0x00, 0x00, 0x00, 0xFF}}},
	{{{-3998, 1450, 3758}, 0, {-16, 1008}, {0x00, 0x00, 0x00, 0xFF}}},
	{{{-4092, 1390, 3673}, 0, {-16, 1008}, {0x00, 0x00, 0x00, 0xFF}}},
	{{{-4092, 1450, 3758}, 0, {-16, 1008}, {0x00, 0x00, 0x00, 0xFF}}},
	{{{-4186, 1450, 3758}, 0, {-16, 1008}, {0x00, 0x00, 0x00, 0xFF}}},
	{{{-4248, 1390, 3673}, 0, {-16, 1008}, {0x00, 0x00, 0x00, 0xFF}}},
	{{{-4186, 1759, 3758}, 0, {-16, 1008}, {0x00, 0x00, 0x00, 0xFF}}},
	{{{-4248, 1790, 3673}, 0, {-16, 1008}, {0x00, 0x00, 0x00, 0xFF}}},
	{{{-4211, 1840, 3673}, 0, {-16, 1008}, {0x00, 0x00, 0x00, 0xFF}}},
	{{{-4163, 1798, 3758}, 0, {-16, 1008}, {0x00, 0x00, 0x00, 0xFF}}},
	{{{-4164, 1870, 3673}, 0, {-16, 1008}, {0x00, 0x00, 0x00, 0xFF}}},
	{{{-4135, 1820, 3758}, 0, {-16, 1008}, {0x00, 0x00, 0x00, 0xFF}}},
	{{{-4092, 1884, 3673}, 0, {-16, 1008}, {0x00, 0x00, 0x00, 0xFF}}},
	{{{-4092, 1832, 3758}, 0, {-16, 1008}, {0x00, 0x00, 0x00, 0xFF}}},
	{{{-4049, 1820, 3758}, 0, {-16, 1008}, {0x00, 0x00, 0x00, 0xFF}}},
	{{{-4092, 1617, 3863}, 0, {-16, 1008}, {0x00, 0x00, 0x00, 0xFF}}},
	{{{4250, 1390, 4512}, 0, {-16, 1008}, {0x00, 0x00, 0x00, 0xFF}}},
	{{{4250, 1790, 4512}, 0, {-16, 1008}, {0x00, 0x00, 0x00, 0xFF}}},
	{{{4187, 1759, 4427}, 0, {-16, 1008}, {0x00, 0x00, 0x00, 0xFF}}},
	{{{4212, 1840, 4512}, 0, {-16, 1008}, {0x00, 0x00, 0x00, 0xFF}}},
	{{{4165, 1798, 4427}, 0, {-16, 1008}, {0x00, 0x00, 0x00, 0xFF}}},
	{{{4165, 1870, 4512}, 0, {-16, 1008}, {0x00, 0x00, 0x00, 0xFF}}},
	{{{4137, 1820, 4427}, 0, {-16, 1008}, {0x00, 0x00, 0x00, 0xFF}}},
	{{{4093, 1884, 4512}, 0, {-16, 1008}, {0x00, 0x00, 0x00, 0xFF}}},
	{{{4093, 1832, 4427}, 0, {-16, 1008}, {0x00, 0x00, 0x00, 0xFF}}},
	{{{4050, 1820, 4427}, 0, {-16, 1008}, {0x00, 0x00, 0x00, 0xFF}}},
	{{{4021, 1870, 4512}, 0, {-16, 1008}, {0x00, 0x00, 0x00, 0xFF}}},
	{{{4022, 1798, 4427}, 0, {-16, 1008}, {0x00, 0x00, 0x00, 0xFF}}},
	{{{3975, 1840, 4512}, 0, {-16, 1008}, {0x00, 0x00, 0x00, 0xFF}}},
	{{{3999, 1759, 4427}, 0, {-16, 1008}, {0x00, 0x00, 0x00, 0xFF}}},
	{{{3937, 1790, 4512}, 0, {-16, 1008}, {0x00, 0x00, 0x00, 0xFF}}},
	{{{3937, 1390, 4512}, 0, {-16, 1008}, {0x00, 0x00, 0x00, 0xFF}}},
	{{{3999, 1450, 4427}, 0, {-16, 1008}, {0x00, 0x00, 0x00, 0xFF}}},
	{{{4093, 1390, 4512}, 0, {-16, 1008}, {0x00, 0x00, 0x00, 0xFF}}},
	{{{4093, 1450, 4427}, 0, {-16, 1008}, {0x00, 0x00, 0x00, 0xFF}}},
	{{{4187, 1450, 4427}, 0, {-16, 1008}, {0x00, 0x00, 0x00, 0xFF}}},
	{{{4093, 1617, 4323}, 0, {-16, 1008}, {0x00, 0x00, 0x00, 0xFF}}},
	{{{4165, 1870, 3672}, 0, {-16, 1008}, {0x00, 0x00, 0x00, 0xFF}}},
	{{{4212, 1840, 3672}, 0, {-16, 1008}, {0x00, 0x00, 0x00, 0xFF}}},
	{{{4165, 1798, 3757}, 0, {-16, 1008}, {0x00, 0x00, 0x00, 0xFF}}},
	{{{4187, 1759, 3757}, 0, {-16, 1008}, {0x00, 0x00, 0x00, 0xFF}}},
	{{{4250, 1790, 3672}, 0, {-16, 1008}, {0x00, 0x00, 0x00, 0xFF}}},
	{{{4250, 1390, 3672}, 0, {-16, 1008}, {0x00, 0x00, 0x00, 0xFF}}},
	{{{4187, 1450, 3757}, 0, {-16, 1008}, {0x00, 0x00, 0x00, 0xFF}}},
	{{{4093, 1390, 3672}, 0, {-16, 1008}, {0x00, 0x00, 0x00, 0xFF}}},
	{{{4093, 1450, 3757}, 0, {-16, 1008}, {0x00, 0x00, 0x00, 0xFF}}},
	{{{3999, 1450, 3757}, 0, {-16, 1008}, {0x00, 0x00, 0x00, 0xFF}}},
	{{{3937, 1390, 3672}, 0, {-16, 1008}, {0x00, 0x00, 0x00, 0xFF}}},
	{{{3999, 1759, 3757}, 0, {-16, 1008}, {0x00, 0x00, 0x00, 0xFF}}},
	{{{3937, 1790, 3672}, 0, {-16, 1008}, {0x00, 0x00, 0x00, 0xFF}}},
	{{{3975, 1840, 3672}, 0, {-16, 1008}, {0x00, 0x00, 0x00, 0xFF}}},
	{{{4022, 1798, 3757}, 0, {-16, 1008}, {0x00, 0x00, 0x00, 0xFF}}},
	{{{4021, 1870, 3672}, 0, {-16, 1008}, {0x00, 0x00, 0x00, 0xFF}}},
	{{{4050, 1820, 3757}, 0, {-16, 1008}, {0x00, 0x00, 0x00, 0xFF}}},
	{{{4093, 1884, 3672}, 0, {-16, 1008}, {0x00, 0x00, 0x00, 0xFF}}},
	{{{4093, 1832, 3757}, 0, {-16, 1008}, {0x00, 0x00, 0x00, 0xFF}}},
	{{{4137, 1820, 3757}, 0, {-16, 1008}, {0x00, 0x00, 0x00, 0xFF}}},
	{{{4093, 1617, 3861}, 0, {-16, 1008}, {0x00, 0x00, 0x00, 0xFF}}},
	{{{4514, 1390, 3936}, 0, {-16, 1008}, {0x00, 0x00, 0x00, 0xFF}}},
	{{{4514, 1790, 3936}, 0, {-16, 1008}, {0x00, 0x00, 0x00, 0xFF}}},
	{{{4429, 1759, 3998}, 0, {-16, 1008}, {0x00, 0x00, 0x00, 0xFF}}},
	{{{4514, 1840, 3973}, 0, {-16, 1008}, {0x00, 0x00, 0x00, 0xFF}}},
	{{{4429, 1798, 4021}, 0, {-16, 1008}, {0x00, 0x00, 0x00, 0xFF}}},
	{{{4514, 1870, 4020}, 0, {-16, 1008}, {0x00, 0x00, 0x00, 0xFF}}},
	{{{4429, 1820, 4049}, 0, {-16, 1008}, {0x00, 0x00, 0x00, 0xFF}}},
	{{{4514, 1884, 4092}, 0, {-16, 1008}, {0x00, 0x00, 0x00, 0xFF}}},
	{{{4429, 1832, 4092}, 0, {-16, 1008}, {0x00, 0x00, 0x00, 0xFF}}},
	{{{4429, 1820, 4135}, 0, {-16, 1008}, {0x00, 0x00, 0x00, 0xFF}}},
	{{{4514, 1870, 4164}, 0, {-16, 1008}, {0x00, 0x00, 0x00, 0xFF}}},
	{{{4429, 1798, 4163}, 0, {-16, 1008}, {0x00, 0x00, 0x00, 0xFF}}},
	{{{4514, 1840, 4211}, 0, {-16, 1008}, {0x00, 0x00, 0x00, 0xFF}}},
	{{{4429, 1759, 4186}, 0, {-16, 1008}, {0x00, 0x00, 0x00, 0xFF}}},
	{{{4514, 1790, 4248}, 0, {-16, 1008}, {0x00, 0x00, 0x00, 0xFF}}},
	{{{4514, 1390, 4248}, 0, {-16, 1008}, {0x00, 0x00, 0x00, 0xFF}}},
	{{{4429, 1450, 4186}, 0, {-16, 1008}, {0x00, 0x00, 0x00, 0xFF}}},
	{{{4514, 1390, 4092}, 0, {-16, 1008}, {0x00, 0x00, 0x00, 0xFF}}},
	{{{4429, 1450, 4092}, 0, {-16, 1008}, {0x00, 0x00, 0x00, 0xFF}}},
	{{{4429, 1450, 3998}, 0, {-16, 1008}, {0x00, 0x00, 0x00, 0xFF}}},
	{{{4324, 1617, 4092}, 0, {-16, 1008}, {0x00, 0x00, 0x00, 0xFF}}},
	{{{3673, 1870, 4020}, 0, {-16, 1008}, {0x00, 0x00, 0x00, 0xFF}}},
	{{{3673, 1840, 3973}, 0, {-16, 1008}, {0x00, 0x00, 0x00, 0xFF}}},
	{{{3758, 1798, 4021}, 0, {-16, 1008}, {0x00, 0x00, 0x00, 0xFF}}},
	{{{3758, 1759, 3998}, 0, {-16, 1008}, {0x00, 0x00, 0x00, 0xFF}}},
	{{{3673, 1790, 3936}, 0, {-16, 1008}, {0x00, 0x00, 0x00, 0xFF}}},
	{{{3673, 1390, 3936}, 0, {-16, 1008}, {0x00, 0x00, 0x00, 0xFF}}},
	{{{3758, 1450, 3998}, 0, {-16, 1008}, {0x00, 0x00, 0x00, 0xFF}}},
	{{{3673, 1390, 4092}, 0, {-16, 1008}, {0x00, 0x00, 0x00, 0xFF}}},
	{{{3758, 1450, 4092}, 0, {-16, 1008}, {0x00, 0x00, 0x00, 0xFF}}},
	{{{3758, 1450, 4186}, 0, {-16, 1008}, {0x00, 0x00, 0x00, 0xFF}}},
	{{{3673, 1390, 4248}, 0, {-16, 1008}, {0x00, 0x00, 0x00, 0xFF}}},
	{{{3758, 1759, 4186}, 0, {-16, 1008}, {0x00, 0x00, 0x00, 0xFF}}},
	{{{3673, 1790, 4248}, 0, {-16, 1008}, {0x00, 0x00, 0x00, 0xFF}}},
	{{{3673, 1840, 4211}, 0, {-16, 1008}, {0x00, 0x00, 0x00, 0xFF}}},
	{{{3758, 1798, 4163}, 0, {-16, 1008}, {0x00, 0x00, 0x00, 0xFF}}},
	{{{3673, 1870, 4164}, 0, {-16, 1008}, {0x00, 0x00, 0x00, 0xFF}}},
	{{{3758, 1820, 4135}, 0, {-16, 1008}, {0x00, 0x00, 0x00, 0xFF}}},
	{{{3673, 1884, 4092}, 0, {-16, 1008}, {0x00, 0x00, 0x00, 0xFF}}},
	{{{3758, 1832, 4092}, 0, {-16, 1008}, {0x00, 0x00, 0x00, 0xFF}}},
	{{{3758, 1820, 4049}, 0, {-16, 1008}, {0x00, 0x00, 0x00, 0xFF}}},
	{{{3863, 1617, 4092}, 0, {-16, 1008}, {0x00, 0x00, 0x00, 0xFF}}},
};

Gfx totwc_dl_totwc_seg7_dl_07005D28_mesh_mesh_layer_1_tri_0[] = {
	gsSPVertex(totwc_dl_totwc_seg7_dl_07005D28_mesh_mesh_layer_1_vtx_0 + 0, 64, 0),
	gsSP2Triangles(0, 1, 2, 0, 3, 4, 5, 0),
	gsSP2Triangles(3, 6, 7, 0, 8, 9, 10, 0),
	gsSP2Triangles(11, 7, 12, 0, 1, 13, 14, 0),
	gsSP2Triangles(9, 15, 5, 0, 6, 16, 2, 0),
	gsSP2Triangles(17, 18, 19, 0, 20, 21, 22, 0),
	gsSP2Triangles(20, 23, 24, 0, 25, 26, 27, 0),
	gsSP2Triangles(28, 24, 29, 0, 18, 30, 31, 0),
	gsSP2Triangles(26, 32, 22, 0, 23, 33, 19, 0),
	gsSP2Triangles(34, 35, 36, 0, 37, 38, 39, 0),
	gsSP2Triangles(37, 40, 41, 0, 42, 43, 44, 0),
	gsSP2Triangles(45, 41, 46, 0, 35, 47, 48, 0),
	gsSP2Triangles(43, 49, 39, 0, 40, 50, 36, 0),
	gsSP2Triangles(51, 52, 53, 0, 54, 55, 56, 0),
	gsSP2Triangles(54, 57, 58, 0, 59, 60, 61, 0),
	gsSP1Triangle(62, 58, 63, 0),
	gsSPVertex(totwc_dl_totwc_seg7_dl_07005D28_mesh_mesh_layer_1_vtx_0 + 64, 64, 0),
	gsSP2Triangles(0, 1, 2, 0, 3, 4, 5, 0),
	gsSP2Triangles(6, 7, 8, 0, 9, 10, 11, 0),
	gsSP2Triangles(9, 11, 12, 0, 9, 12, 13, 0),
	gsSP2Triangles(9, 13, 14, 0, 15, 16, 17, 0),
	gsSP2Triangles(15, 17, 18, 0, 18, 17, 19, 0),
	gsSP2Triangles(17, 20, 19, 0, 17, 21, 20, 0),
	gsSP2Triangles(18, 19, 22, 0, 18, 22, 23, 0),
	gsSP2Triangles(18, 23, 24, 0, 15, 18, 24, 0),
	gsSP2Triangles(15, 24, 25, 0, 26, 27, 28, 0),
	gsSP2Triangles(26, 28, 29, 0, 16, 30, 31, 0),
	gsSP2Triangles(16, 31, 32, 0, 33, 34, 35, 0),
	gsSP2Triangles(33, 35, 36, 0, 37, 33, 36, 0),
	gsSP2Triangles(37, 36, 38, 0, 37, 38, 39, 0),
	gsSP2Triangles(37, 39, 40, 0, 41, 37, 40, 0),
	gsSP2Triangles(41, 40, 42, 0, 37, 41, 43, 0),
	gsSP2Triangles(37, 43, 33, 0, 44, 45, 46, 0),
	gsSP2Triangles(44, 47, 45, 0, 47, 44, 48, 0),
	gsSP2Triangles(47, 48, 49, 0, 50, 51, 52, 0),
	gsSP2Triangles(50, 53, 51, 0, 53, 50, 54, 0),
	gsSP2Triangles(53, 54, 55, 0, 55, 54, 56, 0),
	gsSP2Triangles(55, 56, 57, 0, 58, 59, 60, 0),
	gsSP2Triangles(58, 61, 59, 0, 61, 58, 62, 0),
	gsSP1Triangle(61, 62, 63, 0),
	gsSPVertex(totwc_dl_totwc_seg7_dl_07005D28_mesh_mesh_layer_1_vtx_0 + 128, 64, 0),
	gsSP2Triangles(0, 1, 2, 0, 0, 3, 1, 0),
	gsSP2Triangles(4, 3, 0, 0, 4, 0, 5, 0),
	gsSP2Triangles(4, 5, 6, 0, 4, 7, 3, 0),
	gsSP2Triangles(7, 4, 8, 0, 7, 8, 9, 0),
	gsSP2Triangles(10, 11, 12, 0, 10, 13, 11, 0),
	gsSP2Triangles(14, 13, 10, 0, 14, 10, 15, 0),
	gsSP2Triangles(14, 15, 16, 0, 17, 16, 15, 0),
	gsSP2Triangles(17, 15, 18, 0, 18, 15, 19, 0),
	gsSP2Triangles(18, 19, 20, 0, 17, 18, 21, 0),
	gsSP2Triangles(17, 21, 22, 0, 23, 22, 21, 0),
	gsSP2Triangles(23, 21, 24, 0, 24, 21, 25, 0),
	gsSP2Triangles(24, 25, 26, 0, 24, 26, 27, 0),
	gsSP2Triangles(24, 27, 28, 0, 29, 28, 27, 0),
	gsSP2Triangles(29, 27, 30, 0, 29, 30, 11, 0),
	gsSP2Triangles(29, 11, 13, 0, 13, 31, 29, 0),
	gsSP2Triangles(13, 32, 31, 0, 14, 32, 13, 0),
	gsSP2Triangles(31, 28, 29, 0, 31, 33, 28, 0),
	gsSP2Triangles(28, 33, 23, 0, 28, 23, 24, 0),
	gsSP2Triangles(34, 35, 36, 0, 36, 35, 37, 0),
	gsSP2Triangles(38, 37, 35, 0, 39, 38, 35, 0),
	gsSP2Triangles(39, 40, 38, 0, 41, 38, 40, 0),
	gsSP2Triangles(41, 40, 42, 0, 42, 43, 41, 0),
	gsSP2Triangles(43, 44, 41, 0, 43, 45, 44, 0),
	gsSP2Triangles(45, 46, 44, 0, 45, 47, 46, 0),
	gsSP2Triangles(48, 46, 47, 0, 48, 49, 46, 0),
	gsSP2Triangles(48, 50, 49, 0, 48, 51, 50, 0),
	gsSP2Triangles(52, 50, 51, 0, 52, 53, 50, 0),
	gsSP2Triangles(54, 53, 52, 0, 54, 55, 53, 0),
	gsSP2Triangles(55, 54, 56, 0, 56, 57, 55, 0),
	gsSP2Triangles(56, 58, 57, 0, 59, 57, 58, 0),
	gsSP2Triangles(59, 60, 57, 0, 57, 60, 37, 0),
	gsSP2Triangles(36, 37, 60, 0, 61, 36, 60, 0),
	gsSP2Triangles(57, 37, 62, 0, 38, 62, 37, 0),
	gsSP2Triangles(41, 62, 38, 0, 41, 63, 62, 0),
	gsSPVertex(totwc_dl_totwc_seg7_dl_07005D28_mesh_mesh_layer_1_vtx_0 + 192, 64, 0),
	gsSP2Triangles(0, 1, 2, 0, 0, 3, 1, 0),
	gsSP2Triangles(1, 3, 4, 0, 1, 4, 5, 0),
	gsSP2Triangles(1, 5, 6, 0, 1, 6, 7, 0),
	gsSP2Triangles(8, 1, 7, 0, 8, 2, 1, 0),
	gsSP2Triangles(8, 9, 2, 0, 8, 10, 9, 0),
	gsSP2Triangles(11, 12, 13, 0, 13, 12, 14, 0),
	gsSP2Triangles(15, 14, 12, 0, 16, 15, 12, 0),
	gsSP2Triangles(16, 17, 15, 0, 18, 15, 17, 0),
	gsSP2Triangles(18, 17, 19, 0, 19, 20, 18, 0),
	gsSP2Triangles(20, 21, 18, 0, 20, 22, 21, 0),
	gsSP2Triangles(22, 23, 21, 0, 22, 24, 23, 0),
	gsSP2Triangles(25, 23, 24, 0, 25, 26, 23, 0),
	gsSP2Triangles(25, 27, 26, 0, 25, 28, 27, 0),
	gsSP2Triangles(29, 27, 28, 0, 29, 30, 27, 0),
	gsSP2Triangles(31, 30, 29, 0, 31, 32, 30, 0),
	gsSP2Triangles(32, 31, 33, 0, 33, 34, 32, 0),
	gsSP2Triangles(33, 35, 34, 0, 36, 34, 35, 0),
	gsSP2Triangles(36, 37, 34, 0, 34, 37, 14, 0),
	gsSP2Triangles(13, 14, 37, 0, 38, 13, 37, 0),
	gsSP2Triangles(34, 14, 39, 0, 15, 39, 14, 0),
	gsSP2Triangles(18, 39, 15, 0, 18, 40, 39, 0),
	gsSP2Triangles(18, 41, 40, 0, 18, 21, 41, 0),
	gsSP2Triangles(41, 21, 23, 0, 41, 23, 26, 0),
	gsSP2Triangles(41, 26, 27, 0, 41, 27, 30, 0),
	gsSP2Triangles(32, 41, 30, 0, 32, 40, 41, 0),
	gsSP2Triangles(32, 39, 40, 0, 32, 34, 39, 0),
	gsSP2Triangles(42, 43, 44, 0, 44, 43, 45, 0),
	gsSP2Triangles(46, 45, 43, 0, 47, 46, 43, 0),
	gsSP2Triangles(47, 48, 46, 0, 49, 46, 48, 0),
	gsSP2Triangles(49, 48, 50, 0, 50, 51, 49, 0),
	gsSP2Triangles(51, 52, 49, 0, 51, 53, 52, 0),
	gsSP2Triangles(53, 54, 52, 0, 53, 55, 54, 0),
	gsSP2Triangles(56, 54, 55, 0, 56, 57, 54, 0),
	gsSP2Triangles(56, 58, 57, 0, 56, 59, 58, 0),
	gsSP2Triangles(60, 58, 59, 0, 60, 61, 58, 0),
	gsSP2Triangles(62, 61, 60, 0, 62, 63, 61, 0),
	gsSPVertex(totwc_dl_totwc_seg7_dl_07005D28_mesh_mesh_layer_1_vtx_0 + 256, 64, 0),
	gsSP2Triangles(0, 1, 2, 0, 2, 3, 0, 0),
	gsSP2Triangles(2, 4, 3, 0, 5, 3, 4, 0),
	gsSP2Triangles(5, 6, 3, 0, 3, 6, 7, 0),
	gsSP2Triangles(8, 7, 6, 0, 9, 8, 6, 0),
	gsSP2Triangles(3, 7, 10, 0, 11, 10, 7, 0),
	gsSP2Triangles(12, 10, 11, 0, 12, 13, 10, 0),
	gsSP2Triangles(12, 14, 13, 0, 12, 15, 14, 0),
	gsSP2Triangles(14, 15, 16, 0, 14, 16, 17, 0),
	gsSP2Triangles(14, 17, 18, 0, 14, 18, 19, 0),
	gsSP2Triangles(0, 14, 19, 0, 0, 13, 14, 0),
	gsSP2Triangles(0, 10, 13, 0, 0, 3, 10, 0),
	gsSP2Triangles(20, 21, 22, 0, 22, 21, 23, 0),
	gsSP2Triangles(24, 23, 21, 0, 25, 24, 21, 0),
	gsSP2Triangles(25, 26, 24, 0, 27, 24, 26, 0),
	gsSP2Triangles(27, 26, 28, 0, 28, 29, 27, 0),
	gsSP2Triangles(29, 30, 27, 0, 29, 31, 30, 0),
	gsSP2Triangles(31, 32, 30, 0, 31, 33, 32, 0),
	gsSP2Triangles(34, 32, 33, 0, 34, 35, 32, 0),
	gsSP2Triangles(34, 36, 35, 0, 34, 37, 36, 0),
	gsSP2Triangles(38, 36, 37, 0, 38, 39, 36, 0),
	gsSP2Triangles(40, 39, 38, 0, 40, 41, 39, 0),
	gsSP2Triangles(41, 40, 42, 0, 42, 43, 41, 0),
	gsSP2Triangles(42, 44, 43, 0, 45, 43, 44, 0),
	gsSP2Triangles(45, 46, 43, 0, 43, 46, 23, 0),
	gsSP2Triangles(22, 23, 46, 0, 47, 22, 46, 0),
	gsSP2Triangles(43, 23, 48, 0, 24, 48, 23, 0),
	gsSP2Triangles(27, 48, 24, 0, 27, 49, 48, 0),
	gsSP2Triangles(27, 50, 49, 0, 27, 30, 50, 0),
	gsSP2Triangles(50, 30, 32, 0, 50, 32, 35, 0),
	gsSP2Triangles(50, 35, 36, 0, 50, 36, 39, 0),
	gsSP2Triangles(41, 50, 39, 0, 41, 49, 50, 0),
	gsSP2Triangles(41, 48, 49, 0, 41, 43, 48, 0),
	gsSP2Triangles(51, 52, 53, 0, 51, 53, 54, 0),
	gsSP2Triangles(51, 54, 55, 0, 51, 55, 56, 0),
	gsSP2Triangles(57, 58, 59, 0, 57, 59, 60, 0),
	gsSP2Triangles(60, 59, 61, 0, 59, 62, 61, 0),
	gsSP1Triangle(59, 63, 62, 0),
	gsSPVertex(totwc_dl_totwc_seg7_dl_07005D28_mesh_mesh_layer_1_vtx_0 + 320, 64, 0),
	gsSP2Triangles(0, 1, 2, 0, 0, 2, 3, 0),
	gsSP2Triangles(0, 3, 4, 0, 5, 0, 4, 0),
	gsSP2Triangles(5, 4, 6, 0, 7, 8, 9, 0),
	gsSP2Triangles(7, 9, 10, 0, 11, 12, 13, 0),
	gsSP2Triangles(11, 13, 14, 0, 15, 16, 17, 0),
	gsSP2Triangles(15, 17, 18, 0, 19, 15, 18, 0),
	gsSP2Triangles(19, 18, 20, 0, 19, 20, 21, 0),
	gsSP2Triangles(19, 21, 22, 0, 23, 19, 22, 0),
	gsSP2Triangles(23, 22, 24, 0, 19, 23, 25, 0),
	gsSP2Triangles(19, 25, 15, 0, 26, 27, 28, 0),
	gsSP2Triangles(26, 29, 27, 0, 29, 26, 30, 0),
	gsSP2Triangles(29, 30, 31, 0, 32, 33, 34, 0),
	gsSP2Triangles(32, 35, 33, 0, 35, 32, 36, 0),
	gsSP2Triangles(35, 36, 37, 0, 37, 36, 38, 0),
	gsSP2Triangles(37, 38, 39, 0, 40, 41, 42, 0),
	gsSP2Triangles(40, 43, 41, 0, 43, 40, 44, 0),
	gsSP2Triangles(43, 44, 45, 0, 46, 47, 48, 0),
	gsSP2Triangles(46, 49, 47, 0, 50, 49, 46, 0),
	gsSP2Triangles(50, 46, 51, 0, 50, 51, 52, 0),
	gsSP2Triangles(50, 53, 49, 0, 53, 50, 54, 0),
	gsSP2Triangles(53, 54, 55, 0, 56, 57, 58, 0),
	gsSP2Triangles(56, 59, 57, 0, 60, 59, 56, 0),
	gsSP2Triangles(60, 56, 61, 0, 60, 61, 62, 0),
	gsSP1Triangle(63, 62, 61, 0),
	gsSPVertex(totwc_dl_totwc_seg7_dl_07005D28_mesh_mesh_layer_1_vtx_0 + 384, 64, 0),
	gsSP2Triangles(0, 1, 2, 0, 2, 1, 3, 0),
	gsSP2Triangles(2, 3, 4, 0, 0, 2, 5, 0),
	gsSP2Triangles(0, 5, 6, 0, 7, 6, 5, 0),
	gsSP2Triangles(7, 5, 8, 0, 8, 5, 9, 0),
	gsSP2Triangles(8, 9, 10, 0, 8, 10, 11, 0),
	gsSP2Triangles(8, 11, 12, 0, 13, 12, 11, 0),
	gsSP2Triangles(13, 11, 14, 0, 13, 14, 15, 0),
	gsSP2Triangles(13, 15, 16, 0, 16, 17, 13, 0),
	gsSP2Triangles(16, 18, 17, 0, 19, 18, 16, 0),
	gsSP2Triangles(17, 12, 13, 0, 17, 20, 12, 0),
	gsSP2Triangles(12, 20, 7, 0, 12, 7, 8, 0),
	gsSP2Triangles(21, 22, 23, 0, 23, 22, 24, 0),
	gsSP2Triangles(25, 24, 22, 0, 26, 25, 22, 0),
	gsSP2Triangles(26, 27, 25, 0, 28, 25, 27, 0),
	gsSP2Triangles(28, 27, 29, 0, 29, 30, 28, 0),
	gsSP2Triangles(30, 31, 28, 0, 30, 32, 31, 0),
	gsSP2Triangles(32, 33, 31, 0, 32, 34, 33, 0),
	gsSP2Triangles(35, 33, 34, 0, 35, 36, 33, 0),
	gsSP2Triangles(35, 37, 36, 0, 35, 38, 37, 0),
	gsSP2Triangles(39, 37, 38, 0, 39, 40, 37, 0),
	gsSP2Triangles(41, 40, 39, 0, 41, 42, 40, 0),
	gsSP2Triangles(42, 41, 43, 0, 43, 44, 42, 0),
	gsSP2Triangles(43, 45, 44, 0, 46, 44, 45, 0),
	gsSP2Triangles(46, 47, 44, 0, 44, 47, 24, 0),
	gsSP2Triangles(23, 24, 47, 0, 48, 23, 47, 0),
	gsSP2Triangles(44, 24, 49, 0, 25, 49, 24, 0),
	gsSP2Triangles(28, 49, 25, 0, 28, 50, 49, 0),
	gsSP2Triangles(28, 51, 50, 0, 28, 31, 51, 0),
	gsSP2Triangles(51, 31, 33, 0, 51, 33, 36, 0),
	gsSP2Triangles(51, 36, 37, 0, 51, 37, 40, 0),
	gsSP2Triangles(42, 51, 40, 0, 42, 50, 51, 0),
	gsSP2Triangles(42, 49, 50, 0, 42, 44, 49, 0),
	gsSP2Triangles(52, 53, 54, 0, 54, 53, 55, 0),
	gsSP2Triangles(56, 55, 53, 0, 57, 56, 53, 0),
	gsSP2Triangles(57, 58, 56, 0, 59, 56, 58, 0),
	gsSP2Triangles(59, 58, 60, 0, 60, 61, 59, 0),
	gsSP2Triangles(61, 62, 59, 0, 61, 63, 62, 0),
	gsSPVertex(totwc_dl_totwc_seg7_dl_07005D28_mesh_mesh_layer_1_vtx_0 + 448, 64, 0),
	gsSP2Triangles(0, 1, 2, 0, 0, 3, 1, 0),
	gsSP2Triangles(4, 1, 3, 0, 4, 5, 1, 0),
	gsSP2Triangles(4, 6, 5, 0, 4, 7, 6, 0),
	gsSP2Triangles(8, 6, 7, 0, 8, 9, 6, 0),
	gsSP2Triangles(10, 9, 8, 0, 10, 11, 9, 0),
	gsSP2Triangles(11, 10, 12, 0, 12, 13, 11, 0),
	gsSP2Triangles(12, 14, 13, 0, 15, 13, 14, 0),
	gsSP2Triangles(15, 16, 13, 0, 13, 16, 17, 0),
	gsSP2Triangles(18, 17, 16, 0, 19, 18, 16, 0),
	gsSP2Triangles(13, 17, 20, 0, 21, 20, 17, 0),
	gsSP2Triangles(22, 20, 21, 0, 22, 23, 20, 0),
	gsSP2Triangles(22, 24, 23, 0, 22, 2, 24, 0),
	gsSP2Triangles(24, 2, 1, 0, 24, 1, 5, 0),
	gsSP2Triangles(24, 5, 6, 0, 24, 6, 9, 0),
	gsSP2Triangles(11, 24, 9, 0, 11, 23, 24, 0),
	gsSP2Triangles(11, 20, 23, 0, 11, 13, 20, 0),
	gsSP2Triangles(25, 26, 27, 0, 27, 26, 28, 0),
	gsSP2Triangles(29, 28, 26, 0, 30, 29, 26, 0),
	gsSP2Triangles(30, 31, 29, 0, 32, 29, 31, 0),
	gsSP2Triangles(32, 31, 33, 0, 33, 34, 32, 0),
	gsSP2Triangles(34, 35, 32, 0, 34, 36, 35, 0),
	gsSP2Triangles(36, 37, 35, 0, 36, 38, 37, 0),
	gsSP2Triangles(39, 37, 38, 0, 39, 40, 37, 0),
	gsSP2Triangles(39, 41, 40, 0, 39, 42, 41, 0),
	gsSP2Triangles(43, 41, 42, 0, 43, 44, 41, 0),
	gsSP2Triangles(45, 44, 43, 0, 45, 46, 44, 0),
	gsSP2Triangles(46, 45, 47, 0, 47, 48, 46, 0),
	gsSP2Triangles(47, 49, 48, 0, 50, 48, 49, 0),
	gsSP2Triangles(50, 51, 48, 0, 48, 51, 28, 0),
	gsSP2Triangles(27, 28, 51, 0, 52, 27, 51, 0),
	gsSP2Triangles(48, 28, 53, 0, 29, 53, 28, 0),
	gsSP2Triangles(32, 53, 29, 0, 32, 54, 53, 0),
	gsSP2Triangles(32, 55, 54, 0, 32, 35, 55, 0),
	gsSP2Triangles(55, 35, 37, 0, 55, 37, 40, 0),
	gsSP2Triangles(55, 40, 41, 0, 55, 41, 44, 0),
	gsSP2Triangles(46, 55, 44, 0, 46, 54, 55, 0),
	gsSP2Triangles(46, 53, 54, 0, 46, 48, 53, 0),
	gsSP2Triangles(56, 57, 58, 0, 58, 57, 59, 0),
	gsSP2Triangles(60, 59, 57, 0, 61, 60, 57, 0),
	gsSP2Triangles(61, 62, 60, 0, 63, 60, 62, 0),
	gsSPVertex(totwc_dl_totwc_seg7_dl_07005D28_mesh_mesh_layer_1_vtx_0 + 512, 63, 0),
	gsSP2Triangles(0, 1, 2, 0, 2, 3, 0, 0),
	gsSP2Triangles(3, 4, 0, 0, 3, 5, 4, 0),
	gsSP2Triangles(5, 6, 4, 0, 5, 7, 6, 0),
	gsSP2Triangles(8, 6, 7, 0, 8, 9, 6, 0),
	gsSP2Triangles(8, 10, 9, 0, 8, 11, 10, 0),
	gsSP2Triangles(12, 10, 11, 0, 12, 13, 10, 0),
	gsSP2Triangles(14, 13, 12, 0, 14, 15, 13, 0),
	gsSP2Triangles(15, 14, 16, 0, 16, 17, 15, 0),
	gsSP2Triangles(16, 18, 17, 0, 19, 17, 18, 0),
	gsSP2Triangles(19, 20, 17, 0, 17, 20, 21, 0),
	gsSP2Triangles(22, 21, 20, 0, 23, 22, 20, 0),
	gsSP2Triangles(17, 21, 24, 0, 25, 24, 21, 0),
	gsSP2Triangles(0, 24, 25, 0, 0, 26, 24, 0),
	gsSP2Triangles(0, 27, 26, 0, 0, 4, 27, 0),
	gsSP2Triangles(27, 4, 6, 0, 27, 6, 9, 0),
	gsSP2Triangles(27, 9, 10, 0, 27, 10, 13, 0),
	gsSP2Triangles(15, 27, 13, 0, 15, 26, 27, 0),
	gsSP2Triangles(15, 24, 26, 0, 15, 17, 24, 0),
	gsSP2Triangles(28, 29, 30, 0, 28, 30, 31, 0),
	gsSP2Triangles(28, 31, 32, 0, 28, 32, 33, 0),
	gsSP2Triangles(34, 35, 36, 0, 34, 36, 37, 0),
	gsSP2Triangles(37, 36, 38, 0, 36, 39, 38, 0),
	gsSP2Triangles(36, 40, 39, 0, 37, 38, 41, 0),
	gsSP2Triangles(37, 41, 42, 0, 37, 42, 43, 0),
	gsSP2Triangles(34, 37, 43, 0, 34, 43, 44, 0),
	gsSP2Triangles(45, 46, 47, 0, 45, 47, 48, 0),
	gsSP2Triangles(35, 49, 50, 0, 35, 50, 51, 0),
	gsSP2Triangles(52, 53, 54, 0, 52, 54, 55, 0),
	gsSP2Triangles(56, 52, 55, 0, 56, 55, 57, 0),
	gsSP2Triangles(56, 57, 58, 0, 56, 58, 59, 0),
	gsSP2Triangles(60, 56, 59, 0, 60, 59, 61, 0),
	gsSP2Triangles(56, 60, 62, 0, 56, 62, 52, 0),
	gsSPVertex(totwc_dl_totwc_seg7_dl_07005D28_mesh_mesh_layer_1_vtx_0 + 575, 64, 0),
	gsSP2Triangles(0, 1, 2, 0, 0, 3, 1, 0),
	gsSP2Triangles(3, 0, 4, 0, 3, 4, 5, 0),
	gsSP2Triangles(6, 7, 8, 0, 6, 9, 7, 0),
	gsSP2Triangles(9, 6, 10, 0, 9, 10, 11, 0),
	gsSP2Triangles(11, 10, 12, 0, 11, 12, 13, 0),
	gsSP2Triangles(14, 15, 16, 0, 14, 17, 15, 0),
	gsSP2Triangles(17, 14, 18, 0, 17, 18, 19, 0),
	gsSP2Triangles(20, 21, 22, 0, 20, 23, 21, 0),
	gsSP2Triangles(24, 23, 20, 0, 24, 20, 25, 0),
	gsSP2Triangles(24, 25, 26, 0, 24, 27, 23, 0),
	gsSP2Triangles(27, 24, 28, 0, 27, 28, 29, 0),
	gsSP2Triangles(30, 31, 32, 0, 30, 33, 31, 0),
	gsSP2Triangles(34, 33, 30, 0, 34, 30, 35, 0),
	gsSP2Triangles(34, 35, 36, 0, 37, 36, 35, 0),
	gsSP2Triangles(37, 35, 38, 0, 38, 35, 39, 0),
	gsSP2Triangles(38, 39, 40, 0, 37, 38, 41, 0),
	gsSP2Triangles(37, 41, 42, 0, 43, 42, 41, 0),
	gsSP2Triangles(43, 41, 44, 0, 44, 41, 45, 0),
	gsSP2Triangles(44, 45, 46, 0, 44, 46, 47, 0),
	gsSP2Triangles(44, 47, 48, 0, 49, 48, 47, 0),
	gsSP2Triangles(49, 47, 50, 0, 49, 50, 31, 0),
	gsSP2Triangles(49, 31, 33, 0, 33, 51, 49, 0),
	gsSP2Triangles(33, 52, 51, 0, 34, 52, 33, 0),
	gsSP2Triangles(51, 48, 49, 0, 51, 53, 48, 0),
	gsSP2Triangles(48, 53, 43, 0, 48, 43, 44, 0),
	gsSP2Triangles(54, 55, 56, 0, 56, 55, 57, 0),
	gsSP2Triangles(58, 57, 55, 0, 59, 58, 55, 0),
	gsSP2Triangles(59, 60, 58, 0, 61, 58, 60, 0),
	gsSP2Triangles(61, 60, 62, 0, 62, 63, 61, 0),
	gsSPVertex(totwc_dl_totwc_seg7_dl_07005D28_mesh_mesh_layer_1_vtx_0 + 639, 64, 0),
	gsSP2Triangles(0, 1, 2, 0, 0, 3, 1, 0),
	gsSP2Triangles(3, 4, 1, 0, 3, 5, 4, 0),
	gsSP2Triangles(6, 4, 5, 0, 6, 7, 4, 0),
	gsSP2Triangles(6, 8, 7, 0, 6, 9, 8, 0),
	gsSP2Triangles(10, 8, 9, 0, 10, 11, 8, 0),
	gsSP2Triangles(12, 11, 10, 0, 12, 13, 11, 0),
	gsSP2Triangles(13, 12, 14, 0, 14, 15, 13, 0),
	gsSP2Triangles(14, 16, 15, 0, 17, 15, 16, 0),
	gsSP2Triangles(17, 18, 15, 0, 15, 18, 19, 0),
	gsSP2Triangles(20, 19, 18, 0, 21, 20, 18, 0),
	gsSP2Triangles(15, 19, 22, 0, 23, 22, 19, 0),
	gsSP2Triangles(2, 22, 23, 0, 2, 24, 22, 0),
	gsSP2Triangles(2, 25, 24, 0, 2, 1, 25, 0),
	gsSP2Triangles(25, 1, 4, 0, 25, 4, 7, 0),
	gsSP2Triangles(25, 7, 8, 0, 25, 8, 11, 0),
	gsSP2Triangles(13, 25, 11, 0, 13, 24, 25, 0),
	gsSP2Triangles(13, 22, 24, 0, 13, 15, 22, 0),
	gsSP2Triangles(26, 27, 28, 0, 28, 27, 29, 0),
	gsSP2Triangles(30, 29, 27, 0, 31, 30, 27, 0),
	gsSP2Triangles(31, 32, 30, 0, 33, 30, 32, 0),
	gsSP2Triangles(33, 32, 34, 0, 34, 35, 33, 0),
	gsSP2Triangles(35, 36, 33, 0, 35, 37, 36, 0),
	gsSP2Triangles(37, 38, 36, 0, 37, 39, 38, 0),
	gsSP2Triangles(40, 38, 39, 0, 40, 41, 38, 0),
	gsSP2Triangles(40, 42, 41, 0, 40, 43, 42, 0),
	gsSP2Triangles(44, 42, 43, 0, 44, 45, 42, 0),
	gsSP2Triangles(46, 45, 44, 0, 46, 47, 45, 0),
	gsSP2Triangles(47, 46, 48, 0, 48, 49, 47, 0),
	gsSP2Triangles(48, 50, 49, 0, 51, 49, 50, 0),
	gsSP2Triangles(51, 52, 49, 0, 49, 52, 29, 0),
	gsSP2Triangles(28, 29, 52, 0, 53, 28, 52, 0),
	gsSP2Triangles(49, 29, 54, 0, 30, 54, 29, 0),
	gsSP2Triangles(33, 54, 30, 0, 33, 55, 54, 0),
	gsSP2Triangles(33, 56, 55, 0, 33, 36, 56, 0),
	gsSP2Triangles(56, 36, 38, 0, 56, 38, 41, 0),
	gsSP2Triangles(56, 41, 42, 0, 56, 42, 45, 0),
	gsSP2Triangles(47, 56, 45, 0, 47, 55, 56, 0),
	gsSP2Triangles(47, 54, 55, 0, 47, 49, 54, 0),
	gsSP2Triangles(57, 58, 59, 0, 59, 58, 60, 0),
	gsSP2Triangles(61, 60, 58, 0, 62, 61, 58, 0),
	gsSP1Triangle(62, 63, 61, 0),
	gsSPVertex(totwc_dl_totwc_seg7_dl_07005D28_mesh_mesh_layer_1_vtx_0 + 703, 64, 0),
	gsSP2Triangles(0, 1, 2, 0, 0, 2, 3, 0),
	gsSP2Triangles(3, 4, 0, 0, 4, 5, 0, 0),
	gsSP2Triangles(4, 6, 5, 0, 6, 7, 5, 0),
	gsSP2Triangles(6, 8, 7, 0, 9, 7, 8, 0),
	gsSP2Triangles(9, 10, 7, 0, 9, 11, 10, 0),
	gsSP2Triangles(9, 12, 11, 0, 13, 11, 12, 0),
	gsSP2Triangles(13, 14, 11, 0, 15, 14, 13, 0),
	gsSP2Triangles(15, 16, 14, 0, 16, 15, 17, 0),
	gsSP2Triangles(17, 18, 16, 0, 17, 19, 18, 0),
	gsSP2Triangles(20, 18, 19, 0, 20, 21, 18, 0),
	gsSP2Triangles(18, 21, 22, 0, 23, 22, 21, 0),
	gsSP2Triangles(24, 23, 21, 0, 18, 22, 25, 0),
	gsSP2Triangles(1, 25, 22, 0, 0, 25, 1, 0),
	gsSP2Triangles(0, 26, 25, 0, 0, 27, 26, 0),
	gsSP2Triangles(0, 5, 27, 0, 27, 5, 7, 0),
	gsSP2Triangles(27, 7, 10, 0, 27, 10, 11, 0),
	gsSP2Triangles(27, 11, 14, 0, 16, 27, 14, 0),
	gsSP2Triangles(16, 26, 27, 0, 16, 25, 26, 0),
	gsSP2Triangles(16, 18, 25, 0, 28, 29, 30, 0),
	gsSP2Triangles(30, 29, 31, 0, 32, 31, 29, 0),
	gsSP2Triangles(33, 32, 29, 0, 33, 34, 32, 0),
	gsSP2Triangles(35, 32, 34, 0, 35, 34, 36, 0),
	gsSP2Triangles(36, 37, 35, 0, 37, 38, 35, 0),
	gsSP2Triangles(37, 39, 38, 0, 39, 40, 38, 0),
	gsSP2Triangles(39, 41, 40, 0, 42, 40, 41, 0),
	gsSP2Triangles(42, 43, 40, 0, 42, 44, 43, 0),
	gsSP2Triangles(42, 45, 44, 0, 46, 44, 45, 0),
	gsSP2Triangles(46, 47, 44, 0, 48, 47, 46, 0),
	gsSP2Triangles(48, 49, 47, 0, 49, 48, 50, 0),
	gsSP2Triangles(50, 51, 49, 0, 50, 52, 51, 0),
	gsSP2Triangles(53, 51, 52, 0, 53, 54, 51, 0),
	gsSP2Triangles(51, 54, 31, 0, 30, 31, 54, 0),
	gsSP2Triangles(55, 30, 54, 0, 51, 31, 56, 0),
	gsSP2Triangles(32, 56, 31, 0, 35, 56, 32, 0),
	gsSP2Triangles(35, 57, 56, 0, 35, 58, 57, 0),
	gsSP2Triangles(35, 38, 58, 0, 58, 38, 40, 0),
	gsSP2Triangles(58, 40, 43, 0, 58, 43, 44, 0),
	gsSP2Triangles(58, 44, 47, 0, 49, 58, 47, 0),
	gsSP2Triangles(49, 57, 58, 0, 49, 56, 57, 0),
	gsSP2Triangles(49, 51, 56, 0, 59, 60, 61, 0),
	gsSP2Triangles(59, 61, 62, 0, 59, 62, 63, 0),
	gsSPVertex(totwc_dl_totwc_seg7_dl_07005D28_mesh_mesh_layer_1_vtx_0 + 767, 62, 0),
	gsSP2Triangles(0, 1, 2, 0, 3, 4, 5, 0),
	gsSP2Triangles(3, 5, 6, 0, 6, 5, 7, 0),
	gsSP2Triangles(5, 8, 7, 0, 5, 9, 8, 0),
	gsSP2Triangles(6, 7, 10, 0, 6, 10, 11, 0),
	gsSP2Triangles(6, 11, 12, 0, 3, 6, 12, 0),
	gsSP2Triangles(3, 12, 13, 0, 14, 15, 16, 0),
	gsSP2Triangles(14, 16, 17, 0, 4, 18, 19, 0),
	gsSP2Triangles(4, 19, 20, 0, 21, 22, 23, 0),
	gsSP2Triangles(21, 23, 24, 0, 25, 21, 24, 0),
	gsSP2Triangles(25, 24, 26, 0, 25, 26, 27, 0),
	gsSP2Triangles(25, 27, 28, 0, 29, 25, 28, 0),
	gsSP2Triangles(29, 28, 30, 0, 25, 29, 31, 0),
	gsSP2Triangles(25, 31, 21, 0, 32, 33, 34, 0),
	gsSP2Triangles(32, 35, 33, 0, 35, 32, 36, 0),
	gsSP2Triangles(35, 36, 37, 0, 38, 39, 40, 0),
	gsSP2Triangles(38, 41, 39, 0, 41, 38, 42, 0),
	gsSP2Triangles(41, 42, 43, 0, 43, 42, 44, 0),
	gsSP2Triangles(43, 44, 45, 0, 46, 47, 48, 0),
	gsSP2Triangles(46, 49, 47, 0, 49, 46, 50, 0),
	gsSP2Triangles(49, 50, 51, 0, 52, 53, 54, 0),
	gsSP2Triangles(52, 55, 53, 0, 56, 55, 52, 0),
	gsSP2Triangles(56, 52, 57, 0, 56, 57, 58, 0),
	gsSP2Triangles(56, 59, 55, 0, 59, 56, 60, 0),
	gsSP1Triangle(59, 60, 61, 0),
	gsSPVertex(totwc_dl_totwc_seg7_dl_07005D28_mesh_mesh_layer_1_vtx_0 + 829, 64, 0),
	gsSP2Triangles(0, 1, 2, 0, 0, 3, 1, 0),
	gsSP2Triangles(4, 3, 0, 0, 4, 0, 5, 0),
	gsSP2Triangles(4, 5, 6, 0, 7, 6, 5, 0),
	gsSP2Triangles(7, 5, 8, 0, 8, 5, 9, 0),
	gsSP2Triangles(8, 9, 10, 0, 7, 8, 11, 0),
	gsSP2Triangles(7, 11, 12, 0, 13, 12, 11, 0),
	gsSP2Triangles(13, 11, 14, 0, 14, 11, 15, 0),
	gsSP2Triangles(14, 15, 16, 0, 14, 16, 17, 0),
	gsSP2Triangles(14, 17, 18, 0, 19, 18, 17, 0),
	gsSP2Triangles(19, 17, 20, 0, 19, 20, 1, 0),
	gsSP2Triangles(19, 1, 3, 0, 3, 21, 19, 0),
	gsSP2Triangles(3, 22, 21, 0, 4, 22, 3, 0),
	gsSP2Triangles(21, 18, 19, 0, 21, 23, 18, 0),
	gsSP2Triangles(18, 23, 13, 0, 18, 13, 14, 0),
	gsSP2Triangles(24, 25, 26, 0, 26, 25, 27, 0),
	gsSP2Triangles(28, 27, 25, 0, 29, 28, 25, 0),
	gsSP2Triangles(29, 30, 28, 0, 31, 28, 30, 0),
	gsSP2Triangles(31, 30, 32, 0, 32, 33, 31, 0),
	gsSP2Triangles(33, 34, 31, 0, 33, 35, 34, 0),
	gsSP2Triangles(35, 36, 34, 0, 35, 37, 36, 0),
	gsSP2Triangles(38, 36, 37, 0, 38, 39, 36, 0),
	gsSP2Triangles(38, 40, 39, 0, 38, 41, 40, 0),
	gsSP2Triangles(42, 40, 41, 0, 42, 43, 40, 0),
	gsSP2Triangles(44, 43, 42, 0, 44, 45, 43, 0),
	gsSP2Triangles(45, 44, 46, 0, 46, 47, 45, 0),
	gsSP2Triangles(46, 48, 47, 0, 49, 47, 48, 0),
	gsSP2Triangles(49, 50, 47, 0, 47, 50, 27, 0),
	gsSP2Triangles(26, 27, 50, 0, 51, 26, 50, 0),
	gsSP2Triangles(47, 27, 52, 0, 28, 52, 27, 0),
	gsSP2Triangles(31, 52, 28, 0, 31, 53, 52, 0),
	gsSP2Triangles(31, 54, 53, 0, 31, 34, 54, 0),
	gsSP2Triangles(54, 34, 36, 0, 54, 36, 39, 0),
	gsSP2Triangles(54, 39, 40, 0, 54, 40, 43, 0),
	gsSP2Triangles(45, 54, 43, 0, 45, 53, 54, 0),
	gsSP2Triangles(45, 52, 53, 0, 45, 47, 52, 0),
	gsSP2Triangles(55, 56, 57, 0, 57, 56, 58, 0),
	gsSP2Triangles(59, 58, 56, 0, 60, 59, 56, 0),
	gsSP2Triangles(60, 61, 59, 0, 62, 59, 61, 0),
	gsSP1Triangle(62, 61, 63, 0),
	gsSPVertex(totwc_dl_totwc_seg7_dl_07005D28_mesh_mesh_layer_1_vtx_0 + 893, 64, 0),
	gsSP2Triangles(0, 1, 2, 0, 1, 3, 2, 0),
	gsSP2Triangles(1, 4, 3, 0, 4, 5, 3, 0),
	gsSP2Triangles(4, 6, 5, 0, 7, 5, 6, 0),
	gsSP2Triangles(7, 8, 5, 0, 7, 9, 8, 0),
	gsSP2Triangles(7, 10, 9, 0, 11, 9, 10, 0),
	gsSP2Triangles(11, 12, 9, 0, 13, 12, 11, 0),
	gsSP2Triangles(13, 14, 12, 0, 14, 13, 15, 0),
	gsSP2Triangles(15, 16, 14, 0, 15, 17, 16, 0),
	gsSP2Triangles(18, 16, 17, 0, 18, 19, 16, 0),
	gsSP2Triangles(16, 19, 20, 0, 21, 20, 19, 0),
	gsSP2Triangles(22, 21, 19, 0, 16, 20, 23, 0),
	gsSP2Triangles(24, 23, 20, 0, 2, 23, 24, 0),
	gsSP2Triangles(2, 25, 23, 0, 2, 26, 25, 0),
	gsSP2Triangles(2, 3, 26, 0, 26, 3, 5, 0),
	gsSP2Triangles(26, 5, 8, 0, 26, 8, 9, 0),
	gsSP2Triangles(26, 9, 12, 0, 14, 26, 12, 0),
	gsSP2Triangles(14, 25, 26, 0, 14, 23, 25, 0),
	gsSP2Triangles(14, 16, 23, 0, 27, 28, 29, 0),
	gsSP2Triangles(29, 28, 30, 0, 31, 30, 28, 0),
	gsSP2Triangles(32, 31, 28, 0, 32, 33, 31, 0),
	gsSP2Triangles(34, 31, 33, 0, 34, 33, 35, 0),
	gsSP2Triangles(35, 36, 34, 0, 36, 37, 34, 0),
	gsSP2Triangles(36, 38, 37, 0, 38, 39, 37, 0),
	gsSP2Triangles(38, 40, 39, 0, 41, 39, 40, 0),
	gsSP2Triangles(41, 42, 39, 0, 41, 43, 42, 0),
	gsSP2Triangles(41, 44, 43, 0, 45, 43, 44, 0),
	gsSP2Triangles(45, 46, 43, 0, 47, 46, 45, 0),
	gsSP2Triangles(47, 48, 46, 0, 48, 47, 49, 0),
	gsSP2Triangles(49, 50, 48, 0, 49, 51, 50, 0),
	gsSP2Triangles(52, 50, 51, 0, 52, 53, 50, 0),
	gsSP2Triangles(50, 53, 30, 0, 29, 30, 53, 0),
	gsSP2Triangles(54, 29, 53, 0, 50, 30, 55, 0),
	gsSP2Triangles(31, 55, 30, 0, 34, 55, 31, 0),
	gsSP2Triangles(34, 56, 55, 0, 34, 57, 56, 0),
	gsSP2Triangles(34, 37, 57, 0, 57, 37, 39, 0),
	gsSP2Triangles(57, 39, 42, 0, 57, 42, 43, 0),
	gsSP2Triangles(57, 43, 46, 0, 48, 57, 46, 0),
	gsSP2Triangles(48, 56, 57, 0, 48, 55, 56, 0),
	gsSP2Triangles(48, 50, 55, 0, 58, 59, 60, 0),
	gsSP2Triangles(60, 59, 61, 0, 62, 61, 59, 0),
	gsSP1Triangle(63, 62, 59, 0),
	gsSPVertex(totwc_dl_totwc_seg7_dl_07005D28_mesh_mesh_layer_1_vtx_0 + 957, 64, 0),
	gsSP2Triangles(0, 1, 2, 0, 3, 2, 1, 0),
	gsSP2Triangles(3, 1, 4, 0, 4, 5, 3, 0),
	gsSP2Triangles(5, 6, 3, 0, 5, 7, 6, 0),
	gsSP2Triangles(7, 8, 6, 0, 7, 9, 8, 0),
	gsSP2Triangles(10, 8, 9, 0, 10, 11, 8, 0),
	gsSP2Triangles(10, 12, 11, 0, 10, 13, 12, 0),
	gsSP2Triangles(14, 12, 13, 0, 14, 15, 12, 0),
	gsSP2Triangles(16, 15, 14, 0, 16, 17, 15, 0),
	gsSP2Triangles(17, 16, 18, 0, 18, 19, 17, 0),
	gsSP2Triangles(18, 20, 19, 0, 21, 19, 20, 0),
	gsSP2Triangles(21, 22, 19, 0, 19, 22, 23, 0),
	gsSP2Triangles(24, 23, 22, 0, 25, 24, 22, 0),
	gsSP2Triangles(19, 23, 26, 0, 2, 26, 23, 0),
	gsSP2Triangles(3, 26, 2, 0, 3, 27, 26, 0),
	gsSP2Triangles(3, 28, 27, 0, 3, 6, 28, 0),
	gsSP2Triangles(28, 6, 8, 0, 28, 8, 11, 0),
	gsSP2Triangles(28, 11, 12, 0, 28, 12, 15, 0),
	gsSP2Triangles(17, 28, 15, 0, 17, 27, 28, 0),
	gsSP2Triangles(17, 26, 27, 0, 17, 19, 26, 0),
	gsSP2Triangles(29, 30, 31, 0, 29, 31, 32, 0),
	gsSP2Triangles(33, 34, 35, 0, 33, 35, 36, 0),
	gsSP2Triangles(37, 38, 39, 0, 37, 39, 40, 0),
	gsSP2Triangles(41, 42, 43, 0, 41, 43, 44, 0),
	gsSP2Triangles(45, 46, 47, 0, 48, 47, 46, 0),
	gsSP2Triangles(48, 49, 47, 0, 50, 49, 48, 0),
	gsSP2Triangles(50, 51, 49, 0, 52, 51, 50, 0),
	gsSP2Triangles(52, 53, 51, 0, 52, 54, 53, 0),
	gsSP2Triangles(52, 55, 54, 0, 55, 56, 54, 0),
	gsSP2Triangles(55, 57, 56, 0, 57, 58, 56, 0),
	gsSP2Triangles(57, 59, 58, 0, 60, 58, 59, 0),
	gsSP2Triangles(60, 61, 58, 0, 62, 61, 60, 0),
	gsSP1Triangle(62, 63, 61, 0),
	gsSPVertex(totwc_dl_totwc_seg7_dl_07005D28_mesh_mesh_layer_1_vtx_0 + 1021, 64, 0),
	gsSP2Triangles(0, 1, 2, 0, 0, 3, 1, 0),
	gsSP2Triangles(3, 4, 1, 0, 1, 4, 5, 0),
	gsSP2Triangles(5, 4, 6, 0, 7, 5, 6, 0),
	gsSP2Triangles(8, 5, 7, 0, 8, 9, 5, 0),
	gsSP2Triangles(9, 10, 5, 0, 5, 10, 11, 0),
	gsSP2Triangles(12, 5, 11, 0, 2, 5, 12, 0),
	gsSP2Triangles(2, 1, 5, 0, 13, 14, 15, 0),
	gsSP2Triangles(14, 16, 15, 0, 14, 17, 16, 0),
	gsSP2Triangles(18, 16, 17, 0, 18, 19, 16, 0),
	gsSP2Triangles(20, 19, 18, 0, 20, 21, 19, 0),
	gsSP2Triangles(20, 22, 21, 0, 20, 23, 22, 0),
	gsSP2Triangles(23, 24, 22, 0, 23, 25, 24, 0),
	gsSP2Triangles(26, 24, 25, 0, 26, 27, 24, 0),
	gsSP2Triangles(28, 27, 26, 0, 28, 29, 27, 0),
	gsSP2Triangles(30, 29, 28, 0, 30, 31, 29, 0),
	gsSP2Triangles(30, 32, 31, 0, 30, 13, 32, 0),
	gsSP2Triangles(13, 15, 32, 0, 32, 15, 33, 0),
	gsSP2Triangles(33, 15, 16, 0, 19, 33, 16, 0),
	gsSP2Triangles(21, 33, 19, 0, 21, 22, 33, 0),
	gsSP2Triangles(22, 24, 33, 0, 33, 24, 27, 0),
	gsSP2Triangles(29, 33, 27, 0, 31, 33, 29, 0),
	gsSP2Triangles(31, 32, 33, 0, 34, 35, 36, 0),
	gsSP2Triangles(37, 36, 35, 0, 37, 38, 36, 0),
	gsSP2Triangles(39, 38, 37, 0, 39, 40, 38, 0),
	gsSP2Triangles(41, 40, 39, 0, 41, 42, 40, 0),
	gsSP2Triangles(41, 43, 42, 0, 41, 44, 43, 0),
	gsSP2Triangles(44, 45, 43, 0, 44, 46, 45, 0),
	gsSP2Triangles(46, 47, 45, 0, 46, 48, 47, 0),
	gsSP2Triangles(49, 47, 48, 0, 49, 50, 47, 0),
	gsSP2Triangles(51, 50, 49, 0, 51, 52, 50, 0),
	gsSP2Triangles(51, 53, 52, 0, 51, 34, 53, 0),
	gsSP2Triangles(34, 36, 53, 0, 53, 36, 54, 0),
	gsSP2Triangles(54, 36, 38, 0, 40, 54, 38, 0),
	gsSP2Triangles(42, 54, 40, 0, 42, 43, 54, 0),
	gsSP2Triangles(43, 45, 54, 0, 54, 45, 47, 0),
	gsSP2Triangles(50, 54, 47, 0, 52, 54, 50, 0),
	gsSP2Triangles(52, 53, 54, 0, 55, 56, 57, 0),
	gsSP2Triangles(56, 58, 57, 0, 56, 59, 58, 0),
	gsSP2Triangles(60, 58, 59, 0, 60, 61, 58, 0),
	gsSP2Triangles(62, 61, 60, 0, 62, 63, 61, 0),
	gsSPVertex(totwc_dl_totwc_seg7_dl_07005D28_mesh_mesh_layer_1_vtx_0 + 1085, 64, 0),
	gsSP2Triangles(0, 1, 2, 0, 0, 3, 1, 0),
	gsSP2Triangles(3, 4, 1, 0, 3, 5, 4, 0),
	gsSP2Triangles(6, 4, 5, 0, 6, 7, 4, 0),
	gsSP2Triangles(8, 7, 6, 0, 8, 9, 7, 0),
	gsSP2Triangles(10, 9, 8, 0, 10, 11, 9, 0),
	gsSP2Triangles(10, 12, 11, 0, 10, 13, 12, 0),
	gsSP2Triangles(13, 14, 12, 0, 12, 14, 15, 0),
	gsSP2Triangles(15, 14, 16, 0, 17, 15, 16, 0),
	gsSP2Triangles(2, 15, 17, 0, 2, 1, 15, 0),
	gsSP2Triangles(1, 4, 15, 0, 15, 4, 7, 0),
	gsSP2Triangles(9, 15, 7, 0, 11, 15, 9, 0),
	gsSP2Triangles(11, 12, 15, 0, 18, 19, 20, 0),
	gsSP2Triangles(21, 20, 19, 0, 21, 22, 20, 0),
	gsSP2Triangles(23, 22, 21, 0, 23, 24, 22, 0),
	gsSP2Triangles(25, 24, 23, 0, 25, 26, 24, 0),
	gsSP2Triangles(25, 27, 26, 0, 25, 28, 27, 0),
	gsSP2Triangles(28, 29, 27, 0, 28, 30, 29, 0),
	gsSP2Triangles(30, 31, 29, 0, 30, 32, 31, 0),
	gsSP2Triangles(33, 31, 32, 0, 33, 34, 31, 0),
	gsSP2Triangles(35, 34, 33, 0, 35, 36, 34, 0),
	gsSP2Triangles(35, 37, 36, 0, 35, 18, 37, 0),
	gsSP2Triangles(18, 20, 37, 0, 37, 20, 38, 0),
	gsSP2Triangles(38, 20, 22, 0, 24, 38, 22, 0),
	gsSP2Triangles(26, 38, 24, 0, 26, 27, 38, 0),
	gsSP2Triangles(27, 29, 38, 0, 38, 29, 31, 0),
	gsSP2Triangles(34, 38, 31, 0, 36, 38, 34, 0),
	gsSP2Triangles(36, 37, 38, 0, 39, 40, 41, 0),
	gsSP2Triangles(40, 42, 41, 0, 40, 43, 42, 0),
	gsSP2Triangles(44, 42, 43, 0, 44, 45, 42, 0),
	gsSP2Triangles(46, 45, 44, 0, 46, 47, 45, 0),
	gsSP2Triangles(46, 48, 47, 0, 46, 49, 48, 0),
	gsSP2Triangles(49, 50, 48, 0, 49, 51, 50, 0),
	gsSP2Triangles(52, 50, 51, 0, 52, 53, 50, 0),
	gsSP2Triangles(54, 53, 52, 0, 54, 55, 53, 0),
	gsSP2Triangles(56, 55, 54, 0, 56, 57, 55, 0),
	gsSP2Triangles(56, 58, 57, 0, 56, 39, 58, 0),
	gsSP2Triangles(39, 41, 58, 0, 58, 41, 59, 0),
	gsSP2Triangles(59, 41, 42, 0, 45, 59, 42, 0),
	gsSP2Triangles(47, 59, 45, 0, 47, 48, 59, 0),
	gsSP2Triangles(48, 50, 59, 0, 59, 50, 53, 0),
	gsSP2Triangles(55, 59, 53, 0, 57, 59, 55, 0),
	gsSP2Triangles(57, 58, 59, 0, 60, 61, 62, 0),
	gsSP1Triangle(63, 62, 61, 0),
	gsSPVertex(totwc_dl_totwc_seg7_dl_07005D28_mesh_mesh_layer_1_vtx_0 + 1149, 62, 0),
	gsSP2Triangles(0, 1, 2, 0, 3, 1, 0, 0),
	gsSP2Triangles(3, 4, 1, 0, 5, 4, 3, 0),
	gsSP2Triangles(5, 6, 4, 0, 5, 7, 6, 0),
	gsSP2Triangles(5, 8, 7, 0, 8, 9, 7, 0),
	gsSP2Triangles(8, 10, 9, 0, 10, 11, 9, 0),
	gsSP2Triangles(10, 12, 11, 0, 13, 11, 12, 0),
	gsSP2Triangles(13, 14, 11, 0, 15, 14, 13, 0),
	gsSP2Triangles(15, 16, 14, 0, 15, 17, 16, 0),
	gsSP2Triangles(15, 18, 17, 0, 18, 2, 17, 0),
	gsSP2Triangles(17, 2, 19, 0, 19, 2, 1, 0),
	gsSP2Triangles(4, 19, 1, 0, 6, 19, 4, 0),
	gsSP2Triangles(6, 7, 19, 0, 7, 9, 19, 0),
	gsSP2Triangles(19, 9, 11, 0, 14, 19, 11, 0),
	gsSP2Triangles(16, 19, 14, 0, 16, 17, 19, 0),
	gsSP2Triangles(20, 21, 22, 0, 21, 23, 22, 0),
	gsSP2Triangles(21, 24, 23, 0, 25, 23, 24, 0),
	gsSP2Triangles(25, 26, 23, 0, 27, 26, 25, 0),
	gsSP2Triangles(27, 28, 26, 0, 27, 29, 28, 0),
	gsSP2Triangles(27, 30, 29, 0, 30, 31, 29, 0),
	gsSP2Triangles(30, 32, 31, 0, 33, 31, 32, 0),
	gsSP2Triangles(33, 34, 31, 0, 35, 34, 33, 0),
	gsSP2Triangles(35, 36, 34, 0, 37, 36, 35, 0),
	gsSP2Triangles(37, 38, 36, 0, 37, 39, 38, 0),
	gsSP2Triangles(37, 20, 39, 0, 20, 22, 39, 0),
	gsSP2Triangles(39, 22, 40, 0, 40, 22, 23, 0),
	gsSP2Triangles(26, 40, 23, 0, 28, 40, 26, 0),
	gsSP2Triangles(28, 29, 40, 0, 29, 31, 40, 0),
	gsSP2Triangles(40, 31, 34, 0, 36, 40, 34, 0),
	gsSP2Triangles(38, 40, 36, 0, 38, 39, 40, 0),
	gsSP2Triangles(41, 42, 43, 0, 44, 43, 42, 0),
	gsSP2Triangles(44, 45, 43, 0, 46, 45, 44, 0),
	gsSP2Triangles(46, 47, 45, 0, 48, 47, 46, 0),
	gsSP2Triangles(48, 49, 47, 0, 48, 50, 49, 0),
	gsSP2Triangles(48, 51, 50, 0, 51, 52, 50, 0),
	gsSP2Triangles(51, 53, 52, 0, 53, 54, 52, 0),
	gsSP2Triangles(53, 55, 54, 0, 56, 54, 55, 0),
	gsSP2Triangles(56, 57, 54, 0, 58, 57, 56, 0),
	gsSP2Triangles(58, 59, 57, 0, 58, 60, 59, 0),
	gsSP2Triangles(58, 41, 60, 0, 41, 43, 60, 0),
	gsSP2Triangles(60, 43, 61, 0, 61, 43, 45, 0),
	gsSP2Triangles(47, 61, 45, 0, 49, 61, 47, 0),
	gsSP2Triangles(49, 50, 61, 0, 50, 52, 61, 0),
	gsSP2Triangles(61, 52, 54, 0, 57, 61, 54, 0),
	gsSP2Triangles(59, 61, 57, 0, 59, 60, 61, 0),
	gsSPVertex(totwc_dl_totwc_seg7_dl_07005D28_mesh_mesh_layer_1_vtx_0 + 1211, 63, 0),
	gsSP2Triangles(0, 1, 2, 0, 1, 3, 2, 0),
	gsSP2Triangles(1, 4, 3, 0, 5, 3, 4, 0),
	gsSP2Triangles(5, 6, 3, 0, 7, 6, 5, 0),
	gsSP2Triangles(7, 8, 6, 0, 7, 9, 8, 0),
	gsSP2Triangles(7, 10, 9, 0, 10, 11, 9, 0),
	gsSP2Triangles(10, 12, 11, 0, 13, 11, 12, 0),
	gsSP2Triangles(13, 14, 11, 0, 15, 14, 13, 0),
	gsSP2Triangles(15, 16, 14, 0, 17, 16, 15, 0),
	gsSP2Triangles(17, 18, 16, 0, 17, 19, 18, 0),
	gsSP2Triangles(17, 0, 19, 0, 0, 2, 19, 0),
	gsSP2Triangles(19, 2, 20, 0, 20, 2, 3, 0),
	gsSP2Triangles(6, 20, 3, 0, 8, 20, 6, 0),
	gsSP2Triangles(8, 9, 20, 0, 9, 11, 20, 0),
	gsSP2Triangles(20, 11, 14, 0, 16, 20, 14, 0),
	gsSP2Triangles(18, 20, 16, 0, 18, 19, 20, 0),
	gsSP2Triangles(21, 22, 23, 0, 24, 23, 22, 0),
	gsSP2Triangles(24, 25, 23, 0, 26, 25, 24, 0),
	gsSP2Triangles(26, 27, 25, 0, 28, 27, 26, 0),
	gsSP2Triangles(28, 29, 27, 0, 28, 30, 29, 0),
	gsSP2Triangles(28, 31, 30, 0, 31, 32, 30, 0),
	gsSP2Triangles(31, 33, 32, 0, 33, 34, 32, 0),
	gsSP2Triangles(33, 35, 34, 0, 36, 34, 35, 0),
	gsSP2Triangles(36, 37, 34, 0, 38, 37, 36, 0),
	gsSP2Triangles(38, 39, 37, 0, 38, 40, 39, 0),
	gsSP2Triangles(38, 21, 40, 0, 21, 23, 40, 0),
	gsSP2Triangles(40, 23, 41, 0, 41, 23, 25, 0),
	gsSP2Triangles(27, 41, 25, 0, 29, 41, 27, 0),
	gsSP2Triangles(29, 30, 41, 0, 30, 32, 41, 0),
	gsSP2Triangles(41, 32, 34, 0, 37, 41, 34, 0),
	gsSP2Triangles(39, 41, 37, 0, 39, 40, 41, 0),
	gsSP2Triangles(42, 43, 44, 0, 43, 45, 44, 0),
	gsSP2Triangles(43, 46, 45, 0, 47, 45, 46, 0),
	gsSP2Triangles(47, 48, 45, 0, 49, 48, 47, 0),
	gsSP2Triangles(49, 50, 48, 0, 49, 51, 50, 0),
	gsSP2Triangles(49, 52, 51, 0, 52, 53, 51, 0),
	gsSP2Triangles(52, 54, 53, 0, 55, 53, 54, 0),
	gsSP2Triangles(55, 56, 53, 0, 57, 56, 55, 0),
	gsSP2Triangles(57, 58, 56, 0, 59, 58, 57, 0),
	gsSP2Triangles(59, 60, 58, 0, 59, 61, 60, 0),
	gsSP2Triangles(59, 42, 61, 0, 42, 44, 61, 0),
	gsSP2Triangles(61, 44, 62, 0, 62, 44, 45, 0),
	gsSP2Triangles(48, 62, 45, 0, 50, 62, 48, 0),
	gsSP2Triangles(50, 51, 62, 0, 51, 53, 62, 0),
	gsSP2Triangles(62, 53, 56, 0, 58, 62, 56, 0),
	gsSP2Triangles(60, 62, 58, 0, 60, 61, 62, 0),
	gsSPVertex(totwc_dl_totwc_seg7_dl_07005D28_mesh_mesh_layer_1_vtx_0 + 1274, 63, 0),
	gsSP2Triangles(0, 1, 2, 0, 3, 2, 1, 0),
	gsSP2Triangles(3, 4, 2, 0, 5, 4, 3, 0),
	gsSP2Triangles(5, 6, 4, 0, 7, 6, 5, 0),
	gsSP2Triangles(7, 8, 6, 0, 7, 9, 8, 0),
	gsSP2Triangles(7, 10, 9, 0, 10, 11, 9, 0),
	gsSP2Triangles(10, 12, 11, 0, 12, 13, 11, 0),
	gsSP2Triangles(12, 14, 13, 0, 15, 13, 14, 0),
	gsSP2Triangles(15, 16, 13, 0, 17, 16, 15, 0),
	gsSP2Triangles(17, 18, 16, 0, 17, 19, 18, 0),
	gsSP2Triangles(17, 0, 19, 0, 0, 2, 19, 0),
	gsSP2Triangles(19, 2, 20, 0, 20, 2, 4, 0),
	gsSP2Triangles(6, 20, 4, 0, 8, 20, 6, 0),
	gsSP2Triangles(8, 9, 20, 0, 9, 11, 20, 0),
	gsSP2Triangles(20, 11, 13, 0, 16, 20, 13, 0),
	gsSP2Triangles(18, 20, 16, 0, 18, 19, 20, 0),
	gsSP2Triangles(21, 22, 23, 0, 22, 24, 23, 0),
	gsSP2Triangles(22, 25, 24, 0, 26, 24, 25, 0),
	gsSP2Triangles(26, 27, 24, 0, 28, 27, 26, 0),
	gsSP2Triangles(28, 29, 27, 0, 28, 30, 29, 0),
	gsSP2Triangles(28, 31, 30, 0, 31, 32, 30, 0),
	gsSP2Triangles(31, 33, 32, 0, 34, 32, 33, 0),
	gsSP2Triangles(34, 35, 32, 0, 36, 35, 34, 0),
	gsSP2Triangles(36, 37, 35, 0, 38, 37, 36, 0),
	gsSP2Triangles(38, 39, 37, 0, 38, 40, 39, 0),
	gsSP2Triangles(38, 21, 40, 0, 21, 23, 40, 0),
	gsSP2Triangles(40, 23, 41, 0, 41, 23, 24, 0),
	gsSP2Triangles(27, 41, 24, 0, 29, 41, 27, 0),
	gsSP2Triangles(29, 30, 41, 0, 30, 32, 41, 0),
	gsSP2Triangles(41, 32, 35, 0, 37, 41, 35, 0),
	gsSP2Triangles(39, 41, 37, 0, 39, 40, 41, 0),
	gsSP2Triangles(42, 43, 44, 0, 45, 44, 43, 0),
	gsSP2Triangles(45, 46, 44, 0, 47, 46, 45, 0),
	gsSP2Triangles(47, 48, 46, 0, 49, 48, 47, 0),
	gsSP2Triangles(49, 50, 48, 0, 49, 51, 50, 0),
	gsSP2Triangles(49, 52, 51, 0, 52, 53, 51, 0),
	gsSP2Triangles(52, 54, 53, 0, 54, 55, 53, 0),
	gsSP2Triangles(54, 56, 55, 0, 57, 55, 56, 0),
	gsSP2Triangles(57, 58, 55, 0, 59, 58, 57, 0),
	gsSP2Triangles(59, 60, 58, 0, 59, 61, 60, 0),
	gsSP2Triangles(59, 42, 61, 0, 42, 44, 61, 0),
	gsSP2Triangles(61, 44, 62, 0, 62, 44, 46, 0),
	gsSP2Triangles(48, 62, 46, 0, 50, 62, 48, 0),
	gsSP2Triangles(50, 51, 62, 0, 51, 53, 62, 0),
	gsSP2Triangles(62, 53, 55, 0, 58, 62, 55, 0),
	gsSP2Triangles(60, 62, 58, 0, 60, 61, 62, 0),
	gsSPVertex(totwc_dl_totwc_seg7_dl_07005D28_mesh_mesh_layer_1_vtx_0 + 1337, 21, 0),
	gsSP2Triangles(0, 1, 2, 0, 1, 3, 2, 0),
	gsSP2Triangles(1, 4, 3, 0, 5, 3, 4, 0),
	gsSP2Triangles(5, 6, 3, 0, 7, 6, 5, 0),
	gsSP2Triangles(7, 8, 6, 0, 7, 9, 8, 0),
	gsSP2Triangles(7, 10, 9, 0, 10, 11, 9, 0),
	gsSP2Triangles(10, 12, 11, 0, 13, 11, 12, 0),
	gsSP2Triangles(13, 14, 11, 0, 15, 14, 13, 0),
	gsSP2Triangles(15, 16, 14, 0, 17, 16, 15, 0),
	gsSP2Triangles(17, 18, 16, 0, 17, 19, 18, 0),
	gsSP2Triangles(17, 0, 19, 0, 0, 2, 19, 0),
	gsSP2Triangles(19, 2, 20, 0, 20, 2, 3, 0),
	gsSP2Triangles(6, 20, 3, 0, 8, 20, 6, 0),
	gsSP2Triangles(8, 9, 20, 0, 9, 11, 20, 0),
	gsSP2Triangles(20, 11, 14, 0, 16, 20, 14, 0),
	gsSP2Triangles(18, 20, 16, 0, 18, 19, 20, 0),
	gsSPEndDisplayList(),
};

Vtx totwc_dl_totwc_seg7_dl_07005D28_mesh_mesh_layer_1_vtx_1[487] = {
	{{{4168, 3579, -4169}, 0, {827, -859}, {0xFF, 0xA2, 0x19, 0xFF}}},
	{{{4092, 3982, -4093}, 0, {496, -1790}, {0xFF, 0xA2, 0x19, 0xFF}}},
	{{{4168, 3579, -4017}, 0, {165, -859}, {0xFF, 0xA2, 0x19, 0xFF}}},
	{{{4237, 3387, -4238}, 0, {974, -445}, {0xFF, 0xA2, 0x19, 0xFF}}},
	{{{4237, 3387, -3948}, 0, {18, -445}, {0xFF, 0xA2, 0x19, 0xFF}}},
	{{{4212, 3380, -4213}, 0, {1009, -344}, {0xFF, 0xA2, 0x19, 0xFF}}},
	{{{4212, 3380, -3973}, 0, {-17, -344}, {0xFF, 0xA2, 0x19, 0xFF}}},
	{{{4260, 3182, -4262}, 0, {1152, 57}, {0xFF, 0xA2, 0x19, 0xFF}}},
	{{{4260, 3182, -3925}, 0, {-160, 57}, {0xFF, 0xA2, 0x19, 0xFF}}},
	{{{4245, 3169, -4246}, 0, {1162, 86}, {0xFF, 0xA2, 0x19, 0xFF}}},
	{{{4245, 3169, -3940}, 0, {-170, 86}, {0xFF, 0xA2, 0x19, 0xFF}}},
	{{{4312, 2961, -4313}, 0, {1302, 480}, {0xFF, 0xA2, 0x19, 0xFF}}},
	{{{4312, 2961, -3874}, 0, {-310, 480}, {0xFF, 0xA2, 0x19, 0xFF}}},
	{{{4286, 2950, -4288}, 0, {1342, 594}, {0xFF, 0xA2, 0x19, 0xFF}}},
	{{{4286, 2950, -3899}, 0, {-350, 594}, {0xFF, 0xA2, 0x19, 0xFF}}},
	{{{4343, 2747, -4344}, 0, {1454, 910}, {0xFF, 0xA2, 0x19, 0xFF}}},
	{{{4343, 2747, -3842}, 0, {-462, 910}, {0xFF, 0xA2, 0x19, 0xFF}}},
	{{{4330, 2733, -4331}, 0, {1519, 1093}, {0xFF, 0xA2, 0x19, 0xFF}}},
	{{{4330, 2733, -3856}, 0, {-527, 1093}, {0xFF, 0xA2, 0x19, 0xFF}}},
	{{{4409, 2493, -4410}, 0, {1730, 1611}, {0xFF, 0xA2, 0x19, 0xFF}}},
	{{{4409, 2493, -3776}, 0, {-738, 1611}, {0xFF, 0xA2, 0x19, 0xFF}}},
	{{{4382, 2486, -4384}, 0, {1759, 1664}, {0xFF, 0xA2, 0x19, 0xFF}}},
	{{{4382, 2486, -3803}, 0, {-767, 1664}, {0xFF, 0xA2, 0x19, 0xFF}}},
	{{{4472, 2291, -4473}, 0, {2064, 2115}, {0xFF, 0xA2, 0x19, 0xFF}}},
	{{{4472, 2291, -3713}, 0, {-1072, 2115}, {0xFF, 0xA2, 0x19, 0xFF}}},
	{{{4459, 2278, -4460}, 0, {2093, 2145}, {0xFF, 0xA2, 0x19, 0xFF}}},
	{{{4459, 2278, -3726}, 0, {-1101, 2145}, {0xFF, 0xA2, 0x19, 0xFF}}},
	{{{4606, 2046, -4607}, 0, {2731, 2681}, {0xFF, 0xA2, 0x19, 0xFF}}},
	{{{4606, 2046, -3580}, 0, {-1739, 2681}, {0xFF, 0xA2, 0x19, 0xFF}}},
	{{{4092, 2082, -4091}, 0, {2731, 2681}, {0xFF, 0xA2, 0x19, 0xFF}}},
	{{{4016, 3579, -4169}, 0, {165, -859}, {0xFF, 0xA2, 0x19, 0xFF}}},
	{{{4092, 3982, -4093}, 0, {496, -1790}, {0xFF, 0xA2, 0x19, 0xFF}}},
	{{{4168, 3579, -4169}, 0, {827, -859}, {0xFF, 0xA2, 0x19, 0xFF}}},
	{{{3947, 3387, -4238}, 0, {18, -445}, {0xFF, 0xA2, 0x19, 0xFF}}},
	{{{4237, 3387, -4238}, 0, {974, -445}, {0xFF, 0xA2, 0x19, 0xFF}}},
	{{{3972, 3380, -4213}, 0, {-17, -344}, {0xFF, 0xA2, 0x19, 0xFF}}},
	{{{4212, 3380, -4213}, 0, {1009, -344}, {0xFF, 0xA2, 0x19, 0xFF}}},
	{{{3923, 3182, -4262}, 0, {-160, 57}, {0xFF, 0xA2, 0x19, 0xFF}}},
	{{{4260, 3182, -4262}, 0, {1152, 57}, {0xFF, 0xA2, 0x19, 0xFF}}},
	{{{3939, 3169, -4246}, 0, {-170, 86}, {0xFF, 0xA2, 0x19, 0xFF}}},
	{{{4245, 3169, -4246}, 0, {1162, 86}, {0xFF, 0xA2, 0x19, 0xFF}}},
	{{{3872, 2961, -4313}, 0, {-310, 480}, {0xFF, 0xA2, 0x19, 0xFF}}},
	{{{4312, 2961, -4313}, 0, {1302, 480}, {0xFF, 0xA2, 0x19, 0xFF}}},
	{{{3897, 2950, -4288}, 0, {-350, 594}, {0xFF, 0xA2, 0x19, 0xFF}}},
	{{{4286, 2950, -4288}, 0, {1342, 594}, {0xFF, 0xA2, 0x19, 0xFF}}},
	{{{3841, 2747, -4344}, 0, {-462, 910}, {0xFF, 0xA2, 0x19, 0xFF}}},
	{{{3854, 2733, -4331}, 0, {-527, 1093}, {0xFF, 0xA2, 0x19, 0xFF}}},
	{{{4330, 2733, -4331}, 0, {1519, 1093}, {0xFF, 0xA2, 0x19, 0xFF}}},
	{{{3775, 2493, -4410}, 0, {-738, 1611}, {0xFF, 0xA2, 0x19, 0xFF}}},
	{{{4409, 2493, -4410}, 0, {1730, 1611}, {0xFF, 0xA2, 0x19, 0xFF}}},
	{{{3802, 2486, -4384}, 0, {-767, 1664}, {0xFF, 0xA2, 0x19, 0xFF}}},
	{{{4382, 2486, -4384}, 0, {1759, 1664}, {0xFF, 0xA2, 0x19, 0xFF}}},
	{{{3712, 2291, -4473}, 0, {-1072, 2115}, {0xFF, 0xA2, 0x19, 0xFF}}},
	{{{4472, 2291, -4473}, 0, {2064, 2115}, {0xFF, 0xA2, 0x19, 0xFF}}},
	{{{3725, 2278, -4460}, 0, {-1101, 2145}, {0xFF, 0xA2, 0x19, 0xFF}}},
	{{{4459, 2278, -4460}, 0, {2093, 2145}, {0xFF, 0xA2, 0x19, 0xFF}}},
	{{{3578, 2046, -4607}, 0, {-1739, 2681}, {0xFF, 0xA2, 0x19, 0xFF}}},
	{{{4606, 2046, -4607}, 0, {2731, 2681}, {0xFF, 0xA2, 0x19, 0xFF}}},
	{{{4092, 2082, -4091}, 0, {-1739, 2681}, {0xFF, 0xA2, 0x19, 0xFF}}},
	{{{4016, 3579, -4017}, 0, {165, -859}, {0xFF, 0xA2, 0x19, 0xFF}}},
	{{{4016, 3579, -4169}, 0, {827, -859}, {0xFF, 0xA2, 0x19, 0xFF}}},
	{{{3947, 3387, -3948}, 0, {18, -445}, {0xFF, 0xA2, 0x19, 0xFF}}},
	{{{3947, 3387, -4238}, 0, {974, -445}, {0xFF, 0xA2, 0x19, 0xFF}}},
	{{{3972, 3380, -3973}, 0, {-17, -344}, {0xFF, 0xA2, 0x19, 0xFF}}},
	{{{3947, 3387, -4238}, 0, {974, -445}, {0xFF, 0xA2, 0x19, 0xFF}}},
	{{{3972, 3380, -4213}, 0, {1009, -344}, {0xFF, 0xA2, 0x19, 0xFF}}},
	{{{3972, 3380, -3973}, 0, {-17, -344}, {0xFF, 0xA2, 0x19, 0xFF}}},
	{{{3923, 3182, -3925}, 0, {-160, 57}, {0xFF, 0xA2, 0x19, 0xFF}}},
	{{{3923, 3182, -4262}, 0, {1152, 57}, {0xFF, 0xA2, 0x19, 0xFF}}},
	{{{3939, 3169, -3940}, 0, {-170, 86}, {0xFF, 0xA2, 0x19, 0xFF}}},
	{{{3939, 3169, -4246}, 0, {1162, 86}, {0xFF, 0xA2, 0x19, 0xFF}}},
	{{{3872, 2961, -3874}, 0, {-310, 480}, {0xFF, 0xA2, 0x19, 0xFF}}},
	{{{3872, 2961, -4313}, 0, {1302, 480}, {0xFF, 0xA2, 0x19, 0xFF}}},
	{{{3897, 2950, -3899}, 0, {-350, 594}, {0xFF, 0xA2, 0x19, 0xFF}}},
	{{{3897, 2950, -4288}, 0, {1342, 594}, {0xFF, 0xA2, 0x19, 0xFF}}},
	{{{3841, 2747, -3842}, 0, {-462, 910}, {0xFF, 0xA2, 0x19, 0xFF}}},
	{{{3841, 2747, -4344}, 0, {1454, 910}, {0xFF, 0xA2, 0x19, 0xFF}}},
	{{{3854, 2733, -3856}, 0, {-527, 1093}, {0xFF, 0xA2, 0x19, 0xFF}}},
	{{{3854, 2733, -4331}, 0, {1519, 1093}, {0xFF, 0xA2, 0x19, 0xFF}}},
	{{{3775, 2493, -3776}, 0, {-738, 1611}, {0xFF, 0xA2, 0x19, 0xFF}}},
	{{{3775, 2493, -4410}, 0, {1730, 1611}, {0xFF, 0xA2, 0x19, 0xFF}}},
	{{{3802, 2486, -3803}, 0, {-767, 1664}, {0xFF, 0xA2, 0x19, 0xFF}}},
	{{{3802, 2486, -4384}, 0, {1759, 1664}, {0xFF, 0xA2, 0x19, 0xFF}}},
	{{{3712, 2291, -3713}, 0, {-1072, 2115}, {0xFF, 0xA2, 0x19, 0xFF}}},
	{{{3712, 2291, -4473}, 0, {2064, 2115}, {0xFF, 0xA2, 0x19, 0xFF}}},
	{{{3725, 2278, -3726}, 0, {-1101, 2145}, {0xFF, 0xA2, 0x19, 0xFF}}},
	{{{3725, 2278, -4460}, 0, {2093, 2145}, {0xFF, 0xA2, 0x19, 0xFF}}},
	{{{3578, 2046, -3580}, 0, {-1739, 2681}, {0xFF, 0xA2, 0x19, 0xFF}}},
	{{{3578, 2046, -4607}, 0, {2731, 2681}, {0xFF, 0xA2, 0x19, 0xFF}}},
	{{{4092, 2082, -4091}, 0, {-1739, 2681}, {0xFF, 0xA2, 0x19, 0xFF}}},
	{{{3578, 2046, -3580}, 0, {-1739, 2681}, {0xFF, 0xA2, 0x19, 0xFF}}},
	{{{4092, 2082, -4091}, 0, {2731, 2681}, {0xFF, 0xA2, 0x19, 0xFF}}},
	{{{4606, 2046, -3580}, 0, {2731, 2681}, {0xFF, 0xA2, 0x19, 0xFF}}},
	{{{3725, 2278, -3726}, 0, {-1101, 2145}, {0xFF, 0xA2, 0x19, 0xFF}}},
	{{{4459, 2278, -3726}, 0, {2093, 2145}, {0xFF, 0xA2, 0x19, 0xFF}}},
	{{{3712, 2291, -3713}, 0, {-1072, 2115}, {0xFF, 0xA2, 0x19, 0xFF}}},
	{{{4472, 2291, -3713}, 0, {2064, 2115}, {0xFF, 0xA2, 0x19, 0xFF}}},
	{{{3802, 2486, -3803}, 0, {-767, 1664}, {0xFF, 0xA2, 0x19, 0xFF}}},
	{{{4382, 2486, -3803}, 0, {1759, 1664}, {0xFF, 0xA2, 0x19, 0xFF}}},
	{{{3775, 2493, -3776}, 0, {-738, 1611}, {0xFF, 0xA2, 0x19, 0xFF}}},
	{{{4409, 2493, -3776}, 0, {1730, 1611}, {0xFF, 0xA2, 0x19, 0xFF}}},
	{{{3854, 2733, -3856}, 0, {-527, 1093}, {0xFF, 0xA2, 0x19, 0xFF}}},
	{{{4330, 2733, -3856}, 0, {1519, 1093}, {0xFF, 0xA2, 0x19, 0xFF}}},
	{{{3841, 2747, -3842}, 0, {-462, 910}, {0xFF, 0xA2, 0x19, 0xFF}}},
	{{{4343, 2747, -3842}, 0, {1454, 910}, {0xFF, 0xA2, 0x19, 0xFF}}},
	{{{3897, 2950, -3899}, 0, {-350, 594}, {0xFF, 0xA2, 0x19, 0xFF}}},
	{{{4286, 2950, -3899}, 0, {1342, 594}, {0xFF, 0xA2, 0x19, 0xFF}}},
	{{{3872, 2961, -3874}, 0, {-310, 480}, {0xFF, 0xA2, 0x19, 0xFF}}},
	{{{4312, 2961, -3874}, 0, {1302, 480}, {0xFF, 0xA2, 0x19, 0xFF}}},
	{{{3939, 3169, -3940}, 0, {-170, 86}, {0xFF, 0xA2, 0x19, 0xFF}}},
	{{{4245, 3169, -3940}, 0, {1162, 86}, {0xFF, 0xA2, 0x19, 0xFF}}},
	{{{3923, 3182, -3925}, 0, {-160, 57}, {0xFF, 0xA2, 0x19, 0xFF}}},
	{{{4260, 3182, -3925}, 0, {1152, 57}, {0xFF, 0xA2, 0x19, 0xFF}}},
	{{{3972, 3380, -3973}, 0, {-17, -344}, {0xFF, 0xA2, 0x19, 0xFF}}},
	{{{4212, 3380, -3973}, 0, {1009, -344}, {0xFF, 0xA2, 0x19, 0xFF}}},
	{{{3947, 3387, -3948}, 0, {18, -445}, {0xFF, 0xA2, 0x19, 0xFF}}},
	{{{4237, 3387, -3948}, 0, {974, -445}, {0xFF, 0xA2, 0x19, 0xFF}}},
	{{{4016, 3579, -4017}, 0, {165, -859}, {0xFF, 0xA2, 0x19, 0xFF}}},
	{{{4168, 3579, -4017}, 0, {827, -859}, {0xFF, 0xA2, 0x19, 0xFF}}},
	{{{4092, 3982, -4093}, 0, {496, -1790}, {0xFF, 0xA2, 0x19, 0xFF}}},
	{{{4169, 3579, 4168}, 0, {827, -859}, {0xFF, 0x34, 0x57, 0xFF}}},
	{{{4093, 3982, 4092}, 0, {496, -1790}, {0xFF, 0x34, 0x57, 0xFF}}},
	{{{4017, 3579, 4168}, 0, {165, -859}, {0xFF, 0x34, 0x57, 0xFF}}},
	{{{4238, 3387, 4237}, 0, {974, -445}, {0xFF, 0x34, 0x57, 0xFF}}},
	{{{3948, 3387, 4237}, 0, {18, -445}, {0xFF, 0x34, 0x57, 0xFF}}},
	{{{4213, 3380, 4212}, 0, {1009, -344}, {0xFF, 0x34, 0x57, 0xFF}}},
	{{{3973, 3380, 4212}, 0, {-17, -344}, {0xFF, 0x34, 0x57, 0xFF}}},
	{{{4262, 3182, 4260}, 0, {1152, 57}, {0xFF, 0x34, 0x57, 0xFF}}},
	{{{4262, 3182, 4260}, 0, {1152, 57}, {0xFF, 0x34, 0x57, 0xFF}}},
	{{{3973, 3380, 4212}, 0, {-17, -344}, {0xFF, 0x34, 0x57, 0xFF}}},
	{{{3925, 3182, 4260}, 0, {-160, 57}, {0xFF, 0x34, 0x57, 0xFF}}},
	{{{4246, 3169, 4245}, 0, {1162, 86}, {0xFF, 0x34, 0x57, 0xFF}}},
	{{{3940, 3169, 4245}, 0, {-170, 86}, {0xFF, 0x34, 0x57, 0xFF}}},
	{{{4313, 2961, 4312}, 0, {1302, 480}, {0xFF, 0x34, 0x57, 0xFF}}},
	{{{3874, 2961, 4312}, 0, {-310, 480}, {0xFF, 0x34, 0x57, 0xFF}}},
	{{{4288, 2950, 4286}, 0, {1342, 594}, {0xFF, 0x34, 0x57, 0xFF}}},
	{{{3899, 2950, 4286}, 0, {-350, 594}, {0xFF, 0x34, 0x57, 0xFF}}},
	{{{4344, 2747, 4343}, 0, {1454, 910}, {0xFF, 0x34, 0x57, 0xFF}}},
	{{{3842, 2747, 4343}, 0, {-462, 910}, {0xFF, 0x34, 0x57, 0xFF}}},
	{{{4331, 2733, 4330}, 0, {1519, 1093}, {0xFF, 0x34, 0x57, 0xFF}}},
	{{{3856, 2733, 4330}, 0, {-527, 1093}, {0xFF, 0x34, 0x57, 0xFF}}},
	{{{4410, 2493, 4409}, 0, {1730, 1611}, {0xFF, 0x34, 0x57, 0xFF}}},
	{{{3776, 2493, 4409}, 0, {-738, 1611}, {0xFF, 0x34, 0x57, 0xFF}}},
	{{{4384, 2486, 4382}, 0, {1759, 1664}, {0xFF, 0x34, 0x57, 0xFF}}},
	{{{3803, 2486, 4382}, 0, {-767, 1664}, {0xFF, 0x34, 0x57, 0xFF}}},
	{{{4473, 2291, 4472}, 0, {2064, 2115}, {0xFF, 0x34, 0x57, 0xFF}}},
	{{{3713, 2291, 4472}, 0, {-1072, 2115}, {0xFF, 0x34, 0x57, 0xFF}}},
	{{{4460, 2278, 4459}, 0, {2093, 2145}, {0xFF, 0x34, 0x57, 0xFF}}},
	{{{3726, 2278, 4459}, 0, {-1101, 2145}, {0xFF, 0x34, 0x57, 0xFF}}},
	{{{4607, 2046, 4606}, 0, {2731, 2681}, {0xFF, 0x34, 0x57, 0xFF}}},
	{{{3580, 2046, 4606}, 0, {-1739, 2681}, {0xFF, 0x34, 0x57, 0xFF}}},
	{{{4091, 2082, 4092}, 0, {2731, 2681}, {0xFF, 0x34, 0x57, 0xFF}}},
	{{{4169, 3579, 4016}, 0, {165, -859}, {0xFF, 0x34, 0x57, 0xFF}}},
	{{{4093, 3982, 4092}, 0, {496, -1790}, {0xFF, 0x34, 0x57, 0xFF}}},
	{{{4169, 3579, 4168}, 0, {827, -859}, {0xFF, 0x34, 0x57, 0xFF}}},
	{{{4238, 3387, 3947}, 0, {18, -445}, {0xFF, 0x34, 0x57, 0xFF}}},
	{{{4238, 3387, 4237}, 0, {974, -445}, {0xFF, 0x34, 0x57, 0xFF}}},
	{{{4213, 3380, 3972}, 0, {-17, -344}, {0xFF, 0x34, 0x57, 0xFF}}},
	{{{4213, 3380, 4212}, 0, {1009, -344}, {0xFF, 0x34, 0x57, 0xFF}}},
	{{{4262, 3182, 3923}, 0, {-160, 57}, {0xFF, 0x34, 0x57, 0xFF}}},
	{{{4262, 3182, 4260}, 0, {1152, 57}, {0xFF, 0x34, 0x57, 0xFF}}},
	{{{4246, 3169, 3939}, 0, {-170, 86}, {0xFF, 0x34, 0x57, 0xFF}}},
	{{{4246, 3169, 4245}, 0, {1162, 86}, {0xFF, 0x34, 0x57, 0xFF}}},
	{{{4313, 2961, 3872}, 0, {-310, 480}, {0xFF, 0x34, 0x57, 0xFF}}},
	{{{4313, 2961, 4312}, 0, {1302, 480}, {0xFF, 0x34, 0x57, 0xFF}}},
	{{{4288, 2950, 3897}, 0, {-350, 594}, {0xFF, 0x34, 0x57, 0xFF}}},
	{{{4288, 2950, 4286}, 0, {1342, 594}, {0xFF, 0x34, 0x57, 0xFF}}},
	{{{4344, 2747, 3841}, 0, {-462, 910}, {0xFF, 0x34, 0x57, 0xFF}}},
	{{{4331, 2733, 3854}, 0, {-527, 1093}, {0xFF, 0x34, 0x57, 0xFF}}},
	{{{4331, 2733, 4330}, 0, {1519, 1093}, {0xFF, 0x34, 0x57, 0xFF}}},
	{{{4410, 2493, 3775}, 0, {-738, 1611}, {0xFF, 0x34, 0x57, 0xFF}}},
	{{{4410, 2493, 4409}, 0, {1730, 1611}, {0xFF, 0x34, 0x57, 0xFF}}},
	{{{4384, 2486, 3802}, 0, {-767, 1664}, {0xFF, 0x34, 0x57, 0xFF}}},
	{{{4384, 2486, 4382}, 0, {1759, 1664}, {0xFF, 0x34, 0x57, 0xFF}}},
	{{{4473, 2291, 3712}, 0, {-1072, 2115}, {0xFF, 0x34, 0x57, 0xFF}}},
	{{{4473, 2291, 4472}, 0, {2064, 2115}, {0xFF, 0x34, 0x57, 0xFF}}},
	{{{4460, 2278, 3725}, 0, {-1101, 2145}, {0xFF, 0x34, 0x57, 0xFF}}},
	{{{4460, 2278, 4459}, 0, {2093, 2145}, {0xFF, 0x34, 0x57, 0xFF}}},
	{{{4607, 2046, 3578}, 0, {-1739, 2681}, {0xFF, 0x34, 0x57, 0xFF}}},
	{{{4607, 2046, 4606}, 0, {2731, 2681}, {0xFF, 0x34, 0x57, 0xFF}}},
	{{{4091, 2082, 4092}, 0, {-1739, 2681}, {0xFF, 0x34, 0x57, 0xFF}}},
	{{{4017, 3579, 4016}, 0, {165, -859}, {0xFF, 0x34, 0x57, 0xFF}}},
	{{{4169, 3579, 4016}, 0, {827, -859}, {0xFF, 0x34, 0x57, 0xFF}}},
	{{{3948, 3387, 3947}, 0, {18, -445}, {0xFF, 0x34, 0x57, 0xFF}}},
	{{{4238, 3387, 3947}, 0, {974, -445}, {0xFF, 0x34, 0x57, 0xFF}}},
	{{{3973, 3380, 3972}, 0, {-17, -344}, {0xFF, 0x34, 0x57, 0xFF}}},
	{{{4213, 3380, 3972}, 0, {1009, -344}, {0xFF, 0x34, 0x57, 0xFF}}},
	{{{3925, 3182, 3923}, 0, {-160, 57}, {0xFF, 0x34, 0x57, 0xFF}}},
	{{{4262, 3182, 3923}, 0, {1152, 57}, {0xFF, 0x34, 0x57, 0xFF}}},
	{{{3940, 3169, 3939}, 0, {-170, 86}, {0xFF, 0x34, 0x57, 0xFF}}},
	{{{4246, 3169, 3939}, 0, {1162, 86}, {0xFF, 0x34, 0x57, 0xFF}}},
	{{{3874, 2961, 3872}, 0, {-310, 480}, {0xFF, 0x34, 0x57, 0xFF}}},
	{{{3874, 2961, 3872}, 0, {-310, 480}, {0xFF, 0x34, 0x57, 0xFF}}},
	{{{4246, 3169, 3939}, 0, {1162, 86}, {0xFF, 0x34, 0x57, 0xFF}}},
	{{{4313, 2961, 3872}, 0, {1302, 480}, {0xFF, 0x34, 0x57, 0xFF}}},
	{{{3899, 2950, 3897}, 0, {-350, 594}, {0xFF, 0x34, 0x57, 0xFF}}},
	{{{4288, 2950, 3897}, 0, {1342, 594}, {0xFF, 0x34, 0x57, 0xFF}}},
	{{{3842, 2747, 3841}, 0, {-462, 910}, {0xFF, 0x34, 0x57, 0xFF}}},
	{{{4344, 2747, 3841}, 0, {1454, 910}, {0xFF, 0x34, 0x57, 0xFF}}},
	{{{3856, 2733, 3854}, 0, {-527, 1093}, {0xFF, 0x34, 0x57, 0xFF}}},
	{{{4331, 2733, 3854}, 0, {1519, 1093}, {0xFF, 0x34, 0x57, 0xFF}}},
	{{{3776, 2493, 3775}, 0, {-738, 1611}, {0xFF, 0x34, 0x57, 0xFF}}},
	{{{4410, 2493, 3775}, 0, {1730, 1611}, {0xFF, 0x34, 0x57, 0xFF}}},
	{{{3803, 2486, 3802}, 0, {-767, 1664}, {0xFF, 0x34, 0x57, 0xFF}}},
	{{{4384, 2486, 3802}, 0, {1759, 1664}, {0xFF, 0x34, 0x57, 0xFF}}},
	{{{3713, 2291, 3712}, 0, {-1072, 2115}, {0xFF, 0x34, 0x57, 0xFF}}},
	{{{4473, 2291, 3712}, 0, {2064, 2115}, {0xFF, 0x34, 0x57, 0xFF}}},
	{{{3726, 2278, 3725}, 0, {-1101, 2145}, {0xFF, 0x34, 0x57, 0xFF}}},
	{{{4460, 2278, 3725}, 0, {2093, 2145}, {0xFF, 0x34, 0x57, 0xFF}}},
	{{{3580, 2046, 3578}, 0, {-1739, 2681}, {0xFF, 0x34, 0x57, 0xFF}}},
	{{{4607, 2046, 3578}, 0, {2731, 2681}, {0xFF, 0x34, 0x57, 0xFF}}},
	{{{4091, 2082, 4092}, 0, {-1739, 2681}, {0xFF, 0x34, 0x57, 0xFF}}},
	{{{3580, 2046, 3578}, 0, {-1739, 2681}, {0xFF, 0x34, 0x57, 0xFF}}},
	{{{4091, 2082, 4092}, 0, {2731, 2681}, {0xFF, 0x34, 0x57, 0xFF}}},
	{{{3580, 2046, 4606}, 0, {2731, 2681}, {0xFF, 0x34, 0x57, 0xFF}}},
	{{{3726, 2278, 3725}, 0, {-1101, 2145}, {0xFF, 0x34, 0x57, 0xFF}}},
	{{{3726, 2278, 4459}, 0, {2093, 2145}, {0xFF, 0x34, 0x57, 0xFF}}},
	{{{3713, 2291, 3712}, 0, {-1072, 2115}, {0xFF, 0x34, 0x57, 0xFF}}},
	{{{3713, 2291, 4472}, 0, {2064, 2115}, {0xFF, 0x34, 0x57, 0xFF}}},
	{{{3803, 2486, 3802}, 0, {-767, 1664}, {0xFF, 0x34, 0x57, 0xFF}}},
	{{{3803, 2486, 4382}, 0, {1759, 1664}, {0xFF, 0x34, 0x57, 0xFF}}},
	{{{3776, 2493, 3775}, 0, {-738, 1611}, {0xFF, 0x34, 0x57, 0xFF}}},
	{{{3776, 2493, 4409}, 0, {1730, 1611}, {0xFF, 0x34, 0x57, 0xFF}}},
	{{{3856, 2733, 3854}, 0, {-527, 1093}, {0xFF, 0x34, 0x57, 0xFF}}},
	{{{3856, 2733, 4330}, 0, {1519, 1093}, {0xFF, 0x34, 0x57, 0xFF}}},
	{{{3842, 2747, 3841}, 0, {-462, 910}, {0xFF, 0x34, 0x57, 0xFF}}},
	{{{3842, 2747, 4343}, 0, {1454, 910}, {0xFF, 0x34, 0x57, 0xFF}}},
	{{{3899, 2950, 3897}, 0, {-350, 594}, {0xFF, 0x34, 0x57, 0xFF}}},
	{{{3899, 2950, 4286}, 0, {1342, 594}, {0xFF, 0x34, 0x57, 0xFF}}},
	{{{3874, 2961, 3872}, 0, {-310, 480}, {0xFF, 0x34, 0x57, 0xFF}}},
	{{{3874, 2961, 4312}, 0, {1302, 480}, {0xFF, 0x34, 0x57, 0xFF}}},
	{{{3940, 3169, 3939}, 0, {-170, 86}, {0xFF, 0x34, 0x57, 0xFF}}},
	{{{3940, 3169, 4245}, 0, {1162, 86}, {0xFF, 0x34, 0x57, 0xFF}}},
	{{{3925, 3182, 3923}, 0, {-160, 57}, {0xFF, 0x34, 0x57, 0xFF}}},
	{{{3925, 3182, 4260}, 0, {1152, 57}, {0xFF, 0x34, 0x57, 0xFF}}},
	{{{3973, 3380, 3972}, 0, {-17, -344}, {0xFF, 0x34, 0x57, 0xFF}}},
	{{{3973, 3380, 4212}, 0, {1009, -344}, {0xFF, 0x34, 0x57, 0xFF}}},
	{{{3948, 3387, 3947}, 0, {18, -445}, {0xFF, 0x34, 0x57, 0xFF}}},
	{{{3948, 3387, 4237}, 0, {974, -445}, {0xFF, 0x34, 0x57, 0xFF}}},
	{{{4017, 3579, 4016}, 0, {165, -859}, {0xFF, 0x34, 0x57, 0xFF}}},
	{{{4017, 3579, 4168}, 0, {827, -859}, {0xFF, 0x34, 0x57, 0xFF}}},
	{{{4093, 3982, 4092}, 0, {496, -1790}, {0xFF, 0x34, 0x57, 0xFF}}},
	{{{-4168, 3579, 4169}, 0, {827, -859}, {0x49, 0x79, 0xBF, 0xFF}}},
	{{{-4092, 3982, 4093}, 0, {496, -1790}, {0x49, 0x79, 0xBF, 0xFF}}},
	{{{-4168, 3579, 4017}, 0, {165, -859}, {0x49, 0x79, 0xBF, 0xFF}}},
	{{{-4237, 3387, 4238}, 0, {974, -445}, {0x49, 0x79, 0xBF, 0xFF}}},
	{{{-4237, 3387, 3948}, 0, {18, -445}, {0x49, 0x79, 0xBF, 0xFF}}},
	{{{-4212, 3380, 4213}, 0, {1009, -344}, {0x49, 0x79, 0xBF, 0xFF}}},
	{{{-4212, 3380, 3973}, 0, {-17, -344}, {0x49, 0x79, 0xBF, 0xFF}}},
	{{{-4260, 3182, 4262}, 0, {1152, 57}, {0x49, 0x79, 0xBF, 0xFF}}},
	{{{-4260, 3182, 3925}, 0, {-160, 57}, {0x49, 0x79, 0xBF, 0xFF}}},
	{{{-4245, 3169, 4246}, 0, {1162, 86}, {0x49, 0x79, 0xBF, 0xFF}}},
	{{{-4245, 3169, 3940}, 0, {-170, 86}, {0x49, 0x79, 0xBF, 0xFF}}},
	{{{-4312, 2961, 4313}, 0, {1302, 480}, {0x49, 0x79, 0xBF, 0xFF}}},
	{{{-4312, 2961, 3874}, 0, {-310, 480}, {0x49, 0x79, 0xBF, 0xFF}}},
	{{{-4286, 2950, 4288}, 0, {1342, 594}, {0x49, 0x79, 0xBF, 0xFF}}},
	{{{-4312, 2961, 3874}, 0, {-310, 480}, {0x49, 0x79, 0xBF, 0xFF}}},
	{{{-4286, 2950, 3899}, 0, {-350, 594}, {0x49, 0x79, 0xBF, 0xFF}}},
	{{{-4286, 2950, 4288}, 0, {1342, 594}, {0x49, 0x79, 0xBF, 0xFF}}},
	{{{-4343, 2747, 4344}, 0, {1454, 910}, {0x49, 0x79, 0xBF, 0xFF}}},
	{{{-4343, 2747, 3842}, 0, {-462, 910}, {0x49, 0x79, 0xBF, 0xFF}}},
	{{{-4330, 2733, 4331}, 0, {1519, 1093}, {0x49, 0x79, 0xBF, 0xFF}}},
	{{{-4330, 2733, 3856}, 0, {-527, 1093}, {0x49, 0x79, 0xBF, 0xFF}}},
	{{{-4409, 2493, 4410}, 0, {1730, 1611}, {0x49, 0x79, 0xBF, 0xFF}}},
	{{{-4409, 2493, 3776}, 0, {-738, 1611}, {0x49, 0x79, 0xBF, 0xFF}}},
	{{{-4382, 2486, 4384}, 0, {1759, 1664}, {0x49, 0x79, 0xBF, 0xFF}}},
	{{{-4382, 2486, 3803}, 0, {-767, 1664}, {0x49, 0x79, 0xBF, 0xFF}}},
	{{{-4472, 2291, 4473}, 0, {2064, 2115}, {0x49, 0x79, 0xBF, 0xFF}}},
	{{{-4472, 2291, 3713}, 0, {-1072, 2115}, {0x49, 0x79, 0xBF, 0xFF}}},
	{{{-4459, 2278, 4460}, 0, {2093, 2145}, {0x49, 0x79, 0xBF, 0xFF}}},
	{{{-4459, 2278, 3726}, 0, {-1101, 2145}, {0x49, 0x79, 0xBF, 0xFF}}},
	{{{-4606, 2046, 4607}, 0, {2731, 2681}, {0x49, 0x79, 0xBF, 0xFF}}},
	{{{-4606, 2046, 3580}, 0, {-1739, 2681}, {0x49, 0x79, 0xBF, 0xFF}}},
	{{{-4092, 2082, 4091}, 0, {2731, 2681}, {0x49, 0x79, 0xBF, 0xFF}}},
	{{{-4016, 3579, 4169}, 0, {165, -859}, {0x49, 0x79, 0xBF, 0xFF}}},
	{{{-4092, 3982, 4093}, 0, {496, -1790}, {0x49, 0x79, 0xBF, 0xFF}}},
	{{{-4168, 3579, 4169}, 0, {827, -859}, {0x49, 0x79, 0xBF, 0xFF}}},
	{{{-3947, 3387, 4238}, 0, {18, -445}, {0x49, 0x79, 0xBF, 0xFF}}},
	{{{-4237, 3387, 4238}, 0, {974, -445}, {0x49, 0x79, 0xBF, 0xFF}}},
	{{{-3972, 3380, 4213}, 0, {-17, -344}, {0x49, 0x79, 0xBF, 0xFF}}},
	{{{-4212, 3380, 4213}, 0, {1009, -344}, {0x49, 0x79, 0xBF, 0xFF}}},
	{{{-3923, 3182, 4262}, 0, {-160, 57}, {0x49, 0x79, 0xBF, 0xFF}}},
	{{{-4260, 3182, 4262}, 0, {1152, 57}, {0x49, 0x79, 0xBF, 0xFF}}},
	{{{-3939, 3169, 4246}, 0, {-170, 86}, {0x49, 0x79, 0xBF, 0xFF}}},
	{{{-4245, 3169, 4246}, 0, {1162, 86}, {0x49, 0x79, 0xBF, 0xFF}}},
	{{{-3872, 2961, 4313}, 0, {-310, 480}, {0x49, 0x79, 0xBF, 0xFF}}},
	{{{-4312, 2961, 4313}, 0, {1302, 480}, {0x49, 0x79, 0xBF, 0xFF}}},
	{{{-3897, 2950, 4288}, 0, {-350, 594}, {0x49, 0x79, 0xBF, 0xFF}}},
	{{{-4286, 2950, 4288}, 0, {1342, 594}, {0x49, 0x79, 0xBF, 0xFF}}},
	{{{-3841, 2747, 4344}, 0, {-462, 910}, {0x49, 0x79, 0xBF, 0xFF}}},
	{{{-3854, 2733, 4331}, 0, {-527, 1093}, {0x49, 0x79, 0xBF, 0xFF}}},
	{{{-4330, 2733, 4331}, 0, {1519, 1093}, {0x49, 0x79, 0xBF, 0xFF}}},
	{{{-3775, 2493, 4410}, 0, {-738, 1611}, {0x49, 0x79, 0xBF, 0xFF}}},
	{{{-4409, 2493, 4410}, 0, {1730, 1611}, {0x49, 0x79, 0xBF, 0xFF}}},
	{{{-3802, 2486, 4384}, 0, {-767, 1664}, {0x49, 0x79, 0xBF, 0xFF}}},
	{{{-4382, 2486, 4384}, 0, {1759, 1664}, {0x49, 0x79, 0xBF, 0xFF}}},
	{{{-3712, 2291, 4473}, 0, {-1072, 2115}, {0x49, 0x79, 0xBF, 0xFF}}},
	{{{-4472, 2291, 4473}, 0, {2064, 2115}, {0x49, 0x79, 0xBF, 0xFF}}},
	{{{-3725, 2278, 4460}, 0, {-1101, 2145}, {0x49, 0x79, 0xBF, 0xFF}}},
	{{{-4459, 2278, 4460}, 0, {2093, 2145}, {0x49, 0x79, 0xBF, 0xFF}}},
	{{{-3578, 2046, 4607}, 0, {-1739, 2681}, {0x49, 0x79, 0xBF, 0xFF}}},
	{{{-4606, 2046, 4607}, 0, {2731, 2681}, {0x49, 0x79, 0xBF, 0xFF}}},
	{{{-4092, 2082, 4091}, 0, {-1739, 2681}, {0x49, 0x79, 0xBF, 0xFF}}},
	{{{-4016, 3579, 4017}, 0, {165, -859}, {0x49, 0x79, 0xBF, 0xFF}}},
	{{{-4016, 3579, 4169}, 0, {827, -859}, {0x49, 0x79, 0xBF, 0xFF}}},
	{{{-3947, 3387, 3948}, 0, {18, -445}, {0x49, 0x79, 0xBF, 0xFF}}},
	{{{-3947, 3387, 4238}, 0, {974, -445}, {0x49, 0x79, 0xBF, 0xFF}}},
	{{{-3972, 3380, 3973}, 0, {-17, -344}, {0x49, 0x79, 0xBF, 0xFF}}},
	{{{-3972, 3380, 4213}, 0, {1009, -344}, {0x49, 0x79, 0xBF, 0xFF}}},
	{{{-3923, 3182, 3925}, 0, {-160, 57}, {0x49, 0x79, 0xBF, 0xFF}}},
	{{{-3923, 3182, 4262}, 0, {1152, 57}, {0x49, 0x79, 0xBF, 0xFF}}},
	{{{-3939, 3169, 3940}, 0, {-170, 86}, {0x49, 0x79, 0xBF, 0xFF}}},
	{{{-3939, 3169, 4246}, 0, {1162, 86}, {0x49, 0x79, 0xBF, 0xFF}}},
	{{{-3872, 2961, 3874}, 0, {-310, 480}, {0x49, 0x79, 0xBF, 0xFF}}},
	{{{-3872, 2961, 4313}, 0, {1302, 480}, {0x49, 0x79, 0xBF, 0xFF}}},
	{{{-3897, 2950, 3899}, 0, {-350, 594}, {0x49, 0x79, 0xBF, 0xFF}}},
	{{{-3897, 2950, 4288}, 0, {1342, 594}, {0x49, 0x79, 0xBF, 0xFF}}},
	{{{-3841, 2747, 3842}, 0, {-462, 910}, {0x49, 0x79, 0xBF, 0xFF}}},
	{{{-3841, 2747, 4344}, 0, {1454, 910}, {0x49, 0x79, 0xBF, 0xFF}}},
	{{{-3854, 2733, 3856}, 0, {-527, 1093}, {0x49, 0x79, 0xBF, 0xFF}}},
	{{{-3841, 2747, 4344}, 0, {1454, 910}, {0x49, 0x79, 0xBF, 0xFF}}},
	{{{-3854, 2733, 4331}, 0, {1519, 1093}, {0x49, 0x79, 0xBF, 0xFF}}},
	{{{-3854, 2733, 3856}, 0, {-527, 1093}, {0x49, 0x79, 0xBF, 0xFF}}},
	{{{-3775, 2493, 3776}, 0, {-738, 1611}, {0x49, 0x79, 0xBF, 0xFF}}},
	{{{-3775, 2493, 4410}, 0, {1730, 1611}, {0x49, 0x79, 0xBF, 0xFF}}},
	{{{-3802, 2486, 3803}, 0, {-767, 1664}, {0x49, 0x79, 0xBF, 0xFF}}},
	{{{-3802, 2486, 4384}, 0, {1759, 1664}, {0x49, 0x79, 0xBF, 0xFF}}},
	{{{-3712, 2291, 3713}, 0, {-1072, 2115}, {0x49, 0x79, 0xBF, 0xFF}}},
	{{{-3712, 2291, 4473}, 0, {2064, 2115}, {0x49, 0x79, 0xBF, 0xFF}}},
	{{{-3725, 2278, 3726}, 0, {-1101, 2145}, {0x49, 0x79, 0xBF, 0xFF}}},
	{{{-3725, 2278, 4460}, 0, {2093, 2145}, {0x49, 0x79, 0xBF, 0xFF}}},
	{{{-3578, 2046, 3580}, 0, {-1739, 2681}, {0x49, 0x79, 0xBF, 0xFF}}},
	{{{-3578, 2046, 4607}, 0, {2731, 2681}, {0x49, 0x79, 0xBF, 0xFF}}},
	{{{-4092, 2082, 4091}, 0, {-1739, 2681}, {0x49, 0x79, 0xBF, 0xFF}}},
	{{{-3578, 2046, 3580}, 0, {-1739, 2681}, {0x49, 0x79, 0xBF, 0xFF}}},
	{{{-4092, 2082, 4091}, 0, {2731, 2681}, {0x49, 0x79, 0xBF, 0xFF}}},
	{{{-4606, 2046, 3580}, 0, {2731, 2681}, {0x49, 0x79, 0xBF, 0xFF}}},
	{{{-3725, 2278, 3726}, 0, {-1101, 2145}, {0x49, 0x79, 0xBF, 0xFF}}},
	{{{-4459, 2278, 3726}, 0, {2093, 2145}, {0x49, 0x79, 0xBF, 0xFF}}},
	{{{-3712, 2291, 3713}, 0, {-1072, 2115}, {0x49, 0x79, 0xBF, 0xFF}}},
	{{{-4472, 2291, 3713}, 0, {2064, 2115}, {0x49, 0x79, 0xBF, 0xFF}}},
	{{{-3802, 2486, 3803}, 0, {-767, 1664}, {0x49, 0x79, 0xBF, 0xFF}}},
	{{{-4382, 2486, 3803}, 0, {1759, 1664}, {0x49, 0x79, 0xBF, 0xFF}}},
	{{{-3775, 2493, 3776}, 0, {-738, 1611}, {0x49, 0x79, 0xBF, 0xFF}}},
	{{{-4409, 2493, 3776}, 0, {1730, 1611}, {0x49, 0x79, 0xBF, 0xFF}}},
	{{{-3854, 2733, 3856}, 0, {-527, 1093}, {0x49, 0x79, 0xBF, 0xFF}}},
	{{{-4330, 2733, 3856}, 0, {1519, 1093}, {0x49, 0x79, 0xBF, 0xFF}}},
	{{{-3841, 2747, 3842}, 0, {-462, 910}, {0x49, 0x79, 0xBF, 0xFF}}},
	{{{-4343, 2747, 3842}, 0, {1454, 910}, {0x49, 0x79, 0xBF, 0xFF}}},
	{{{-3897, 2950, 3899}, 0, {-350, 594}, {0x49, 0x79, 0xBF, 0xFF}}},
	{{{-4286, 2950, 3899}, 0, {1342, 594}, {0x49, 0x79, 0xBF, 0xFF}}},
	{{{-3872, 2961, 3874}, 0, {-310, 480}, {0x49, 0x79, 0xBF, 0xFF}}},
	{{{-4312, 2961, 3874}, 0, {1302, 480}, {0x49, 0x79, 0xBF, 0xFF}}},
	{{{-3939, 3169, 3940}, 0, {-170, 86}, {0x49, 0x79, 0xBF, 0xFF}}},
	{{{-4245, 3169, 3940}, 0, {1162, 86}, {0x49, 0x79, 0xBF, 0xFF}}},
	{{{-3923, 3182, 3925}, 0, {-160, 57}, {0x49, 0x79, 0xBF, 0xFF}}},
	{{{-4260, 3182, 3925}, 0, {1152, 57}, {0x49, 0x79, 0xBF, 0xFF}}},
	{{{-3972, 3380, 3973}, 0, {-17, -344}, {0x49, 0x79, 0xBF, 0xFF}}},
	{{{-4212, 3380, 3973}, 0, {1009, -344}, {0x49, 0x79, 0xBF, 0xFF}}},
	{{{-3947, 3387, 3948}, 0, {18, -445}, {0x49, 0x79, 0xBF, 0xFF}}},
	{{{-4237, 3387, 3948}, 0, {974, -445}, {0x49, 0x79, 0xBF, 0xFF}}},
	{{{-4016, 3579, 4017}, 0, {165, -859}, {0x49, 0x79, 0xBF, 0xFF}}},
	{{{-4168, 3579, 4017}, 0, {827, -859}, {0x49, 0x79, 0xBF, 0xFF}}},
	{{{-4092, 3982, 4093}, 0, {496, -1790}, {0x49, 0x79, 0xBF, 0xFF}}},
	{{{-4169, 3579, -4168}, 0, {827, -859}, {0x01, 0xD2, 0xC2, 0xFF}}},
	{{{-4093, 3982, -4092}, 0, {496, -1790}, {0x01, 0xD2, 0xC2, 0xFF}}},
	{{{-4017, 3579, -4168}, 0, {165, -859}, {0x01, 0xD2, 0xC2, 0xFF}}},
	{{{-4238, 3387, -4237}, 0, {974, -445}, {0x01, 0xD2, 0xC2, 0xFF}}},
	{{{-3948, 3387, -4237}, 0, {18, -445}, {0x01, 0xD2, 0xC2, 0xFF}}},
	{{{-4213, 3380, -4212}, 0, {1009, -344}, {0x01, 0xD2, 0xC2, 0xFF}}},
	{{{-3973, 3380, -4212}, 0, {-17, -344}, {0x01, 0xD2, 0xC2, 0xFF}}},
	{{{-4262, 3182, -4260}, 0, {1152, 57}, {0x01, 0xD2, 0xC2, 0xFF}}},
	{{{-3925, 3182, -4260}, 0, {-160, 57}, {0x01, 0xD2, 0xC2, 0xFF}}},
	{{{-4246, 3169, -4245}, 0, {1162, 86}, {0x01, 0xD2, 0xC2, 0xFF}}},
	{{{-3940, 3169, -4245}, 0, {-170, 86}, {0x01, 0xD2, 0xC2, 0xFF}}},
	{{{-4313, 2961, -4312}, 0, {1302, 480}, {0x01, 0xD2, 0xC2, 0xFF}}},
	{{{-3874, 2961, -4312}, 0, {-310, 480}, {0x01, 0xD2, 0xC2, 0xFF}}},
	{{{-4288, 2950, -4286}, 0, {1342, 594}, {0x01, 0xD2, 0xC2, 0xFF}}},
	{{{-3899, 2950, -4286}, 0, {-350, 594}, {0x01, 0xD2, 0xC2, 0xFF}}},
	{{{-4344, 2747, -4343}, 0, {1454, 910}, {0x01, 0xD2, 0xC2, 0xFF}}},
	{{{-3842, 2747, -4343}, 0, {-462, 910}, {0x01, 0xD2, 0xC2, 0xFF}}},
	{{{-4331, 2733, -4330}, 0, {1519, 1093}, {0x01, 0xD2, 0xC2, 0xFF}}},
	{{{-3856, 2733, -4330}, 0, {-527, 1093}, {0x01, 0xD2, 0xC2, 0xFF}}},
	{{{-4410, 2493, -4409}, 0, {1730, 1611}, {0x01, 0xD2, 0xC2, 0xFF}}},
	{{{-4410, 2493, -4409}, 0, {1730, 1611}, {0x01, 0xD2, 0xC2, 0xFF}}},
	{{{-3856, 2733, -4330}, 0, {-527, 1093}, {0x01, 0xD2, 0xC2, 0xFF}}},
	{{{-3776, 2493, -4409}, 0, {-738, 1611}, {0x01, 0xD2, 0xC2, 0xFF}}},
	{{{-4384, 2486, -4382}, 0, {1759, 1664}, {0x01, 0xD2, 0xC2, 0xFF}}},
	{{{-3803, 2486, -4382}, 0, {-767, 1664}, {0x01, 0xD2, 0xC2, 0xFF}}},
	{{{-4473, 2291, -4472}, 0, {2064, 2115}, {0x01, 0xD2, 0xC2, 0xFF}}},
	{{{-3713, 2291, -4472}, 0, {-1072, 2115}, {0x01, 0xD2, 0xC2, 0xFF}}},
	{{{-4460, 2278, -4459}, 0, {2093, 2145}, {0x01, 0xD2, 0xC2, 0xFF}}},
	{{{-3726, 2278, -4459}, 0, {-1101, 2145}, {0x01, 0xD2, 0xC2, 0xFF}}},
	{{{-4607, 2046, -4606}, 0, {2731, 2681}, {0x01, 0xD2, 0xC2, 0xFF}}},
	{{{-3580, 2046, -4606}, 0, {-1739, 2681}, {0x01, 0xD2, 0xC2, 0xFF}}},
	{{{-4091, 2082, -4092}, 0, {2731, 2681}, {0x01, 0xD2, 0xC2, 0xFF}}},
	{{{-4169, 3579, -4016}, 0, {165, -859}, {0x01, 0xD2, 0xC2, 0xFF}}},
	{{{-4093, 3982, -4092}, 0, {496, -1790}, {0x01, 0xD2, 0xC2, 0xFF}}},
	{{{-4169, 3579, -4168}, 0, {827, -859}, {0x01, 0xD2, 0xC2, 0xFF}}},
	{{{-4238, 3387, -3947}, 0, {18, -445}, {0x01, 0xD2, 0xC2, 0xFF}}},
	{{{-4238, 3387, -4237}, 0, {974, -445}, {0x01, 0xD2, 0xC2, 0xFF}}},
	{{{-4213, 3380, -3972}, 0, {-17, -344}, {0x01, 0xD2, 0xC2, 0xFF}}},
	{{{-4213, 3380, -4212}, 0, {1009, -344}, {0x01, 0xD2, 0xC2, 0xFF}}},
	{{{-4262, 3182, -3923}, 0, {-160, 57}, {0x01, 0xD2, 0xC2, 0xFF}}},
	{{{-4262, 3182, -4260}, 0, {1152, 57}, {0x01, 0xD2, 0xC2, 0xFF}}},
	{{{-4246, 3169, -3939}, 0, {-170, 86}, {0x01, 0xD2, 0xC2, 0xFF}}},
	{{{-4246, 3169, -4245}, 0, {1162, 86}, {0x01, 0xD2, 0xC2, 0xFF}}},
	{{{-4313, 2961, -3872}, 0, {-310, 480}, {0x01, 0xD2, 0xC2, 0xFF}}},
	{{{-4313, 2961, -4312}, 0, {1302, 480}, {0x01, 0xD2, 0xC2, 0xFF}}},
	{{{-4288, 2950, -3897}, 0, {-350, 594}, {0x01, 0xD2, 0xC2, 0xFF}}},
	{{{-4288, 2950, -4286}, 0, {1342, 594}, {0x01, 0xD2, 0xC2, 0xFF}}},
	{{{-4344, 2747, -3841}, 0, {-462, 910}, {0x01, 0xD2, 0xC2, 0xFF}}},
	{{{-4344, 2747, -4343}, 0, {1454, 910}, {0x01, 0xD2, 0xC2, 0xFF}}},
	{{{-4331, 2733, -3854}, 0, {-527, 1093}, {0x01, 0xD2, 0xC2, 0xFF}}},
	{{{-4331, 2733, -4330}, 0, {1519, 1093}, {0x01, 0xD2, 0xC2, 0xFF}}},
	{{{-4410, 2493, -3775}, 0, {-738, 1611}, {0x01, 0xD2, 0xC2, 0xFF}}},
	{{{-4410, 2493, -4409}, 0, {1730, 1611}, {0x01, 0xD2, 0xC2, 0xFF}}},
	{{{-4384, 2486, -3802}, 0, {-767, 1664}, {0x01, 0xD2, 0xC2, 0xFF}}},
	{{{-4384, 2486, -4382}, 0, {1759, 1664}, {0x01, 0xD2, 0xC2, 0xFF}}},
	{{{-4473, 2291, -3712}, 0, {-1072, 2115}, {0x01, 0xD2, 0xC2, 0xFF}}},
	{{{-4473, 2291, -4472}, 0, {2064, 2115}, {0x01, 0xD2, 0xC2, 0xFF}}},
	{{{-4460, 2278, -3725}, 0, {-1101, 2145}, {0x01, 0xD2, 0xC2, 0xFF}}},
	{{{-4460, 2278, -4459}, 0, {2093, 2145}, {0x01, 0xD2, 0xC2, 0xFF}}},
	{{{-4607, 2046, -3578}, 0, {-1739, 2681}, {0x01, 0xD2, 0xC2, 0xFF}}},
	{{{-4607, 2046, -4606}, 0, {2731, 2681}, {0x01, 0xD2, 0xC2, 0xFF}}},
	{{{-4091, 2082, -4092}, 0, {-1739, 2681}, {0x01, 0xD2, 0xC2, 0xFF}}},
	{{{-4017, 3579, -4016}, 0, {165, -859}, {0x01, 0xD2, 0xC2, 0xFF}}},
	{{{-4169, 3579, -4016}, 0, {827, -859}, {0x01, 0xD2, 0xC2, 0xFF}}},
	{{{-3948, 3387, -3947}, 0, {18, -445}, {0x01, 0xD2, 0xC2, 0xFF}}},
	{{{-4238, 3387, -3947}, 0, {974, -445}, {0x01, 0xD2, 0xC2, 0xFF}}},
	{{{-3973, 3380, -3972}, 0, {-17, -344}, {0x01, 0xD2, 0xC2, 0xFF}}},
	{{{-4213, 3380, -3972}, 0, {1009, -344}, {0x01, 0xD2, 0xC2, 0xFF}}},
	{{{-3925, 3182, -3923}, 0, {-160, 57}, {0x01, 0xD2, 0xC2, 0xFF}}},
	{{{-4262, 3182, -3923}, 0, {1152, 57}, {0x01, 0xD2, 0xC2, 0xFF}}},
	{{{-3940, 3169, -3939}, 0, {-170, 86}, {0x01, 0xD2, 0xC2, 0xFF}}},
	{{{-4246, 3169, -3939}, 0, {1162, 86}, {0x01, 0xD2, 0xC2, 0xFF}}},
	{{{-3874, 2961, -3872}, 0, {-310, 480}, {0x01, 0xD2, 0xC2, 0xFF}}},
	{{{-4313, 2961, -3872}, 0, {1302, 480}, {0x01, 0xD2, 0xC2, 0xFF}}},
	{{{-3899, 2950, -3897}, 0, {-350, 594}, {0x01, 0xD2, 0xC2, 0xFF}}},
	{{{-4288, 2950, -3897}, 0, {1342, 594}, {0x01, 0xD2, 0xC2, 0xFF}}},
	{{{-3842, 2747, -3841}, 0, {-462, 910}, {0x01, 0xD2, 0xC2, 0xFF}}},
	{{{-4344, 2747, -3841}, 0, {1454, 910}, {0x01, 0xD2, 0xC2, 0xFF}}},
	{{{-3856, 2733, -3854}, 0, {-527, 1093}, {0x01, 0xD2, 0xC2, 0xFF}}},
	{{{-4331, 2733, -3854}, 0, {1519, 1093}, {0x01, 0xD2, 0xC2, 0xFF}}},
	{{{-3776, 2493, -3775}, 0, {-738, 1611}, {0x01, 0xD2, 0xC2, 0xFF}}},
	{{{-4410, 2493, -3775}, 0, {1730, 1611}, {0x01, 0xD2, 0xC2, 0xFF}}},
	{{{-3803, 2486, -3802}, 0, {-767, 1664}, {0x01, 0xD2, 0xC2, 0xFF}}},
	{{{-4384, 2486, -3802}, 0, {1759, 1664}, {0x01, 0xD2, 0xC2, 0xFF}}},
	{{{-3713, 2291, -3712}, 0, {-1072, 2115}, {0x01, 0xD2, 0xC2, 0xFF}}},
	{{{-3803, 2486, -3802}, 0, {-767, 1664}, {0x01, 0xD2, 0xC2, 0xFF}}},
	{{{-4384, 2486, -3802}, 0, {1759, 1664}, {0x01, 0xD2, 0xC2, 0xFF}}},
	{{{-4473, 2291, -3712}, 0, {2064, 2115}, {0x01, 0xD2, 0xC2, 0xFF}}},
	{{{-3726, 2278, -3725}, 0, {-1101, 2145}, {0x01, 0xD2, 0xC2, 0xFF}}},
	{{{-4460, 2278, -3725}, 0, {2093, 2145}, {0x01, 0xD2, 0xC2, 0xFF}}},
	{{{-3580, 2046, -3578}, 0, {-1739, 2681}, {0x01, 0xD2, 0xC2, 0xFF}}},
	{{{-4607, 2046, -3578}, 0, {2731, 2681}, {0x01, 0xD2, 0xC2, 0xFF}}},
	{{{-4091, 2082, -4092}, 0, {-1739, 2681}, {0x01, 0xD2, 0xC2, 0xFF}}},
	{{{-3580, 2046, -3578}, 0, {-1739, 2681}, {0x01, 0xD2, 0xC2, 0xFF}}},
	{{{-4091, 2082, -4092}, 0, {2731, 2681}, {0x01, 0xD2, 0xC2, 0xFF}}},
	{{{-3580, 2046, -4606}, 0, {2731, 2681}, {0x01, 0xD2, 0xC2, 0xFF}}},
	{{{-3726, 2278, -3725}, 0, {-1101, 2145}, {0x01, 0xD2, 0xC2, 0xFF}}},
	{{{-3726, 2278, -4459}, 0, {2093, 2145}, {0x01, 0xD2, 0xC2, 0xFF}}},
	{{{-3713, 2291, -3712}, 0, {-1072, 2115}, {0x01, 0xD2, 0xC2, 0xFF}}},
	{{{-3713, 2291, -4472}, 0, {2064, 2115}, {0x01, 0xD2, 0xC2, 0xFF}}},
	{{{-3803, 2486, -3802}, 0, {-767, 1664}, {0x01, 0xD2, 0xC2, 0xFF}}},
	{{{-3803, 2486, -4382}, 0, {1759, 1664}, {0x01, 0xD2, 0xC2, 0xFF}}},
	{{{-3776, 2493, -3775}, 0, {-738, 1611}, {0x01, 0xD2, 0xC2, 0xFF}}},
	{{{-3776, 2493, -4409}, 0, {1730, 1611}, {0x01, 0xD2, 0xC2, 0xFF}}},
	{{{-3856, 2733, -3854}, 0, {-527, 1093}, {0x01, 0xD2, 0xC2, 0xFF}}},
	{{{-3856, 2733, -4330}, 0, {1519, 1093}, {0x01, 0xD2, 0xC2, 0xFF}}},
	{{{-3842, 2747, -3841}, 0, {-462, 910}, {0x01, 0xD2, 0xC2, 0xFF}}},
	{{{-3842, 2747, -4343}, 0, {1454, 910}, {0x01, 0xD2, 0xC2, 0xFF}}},
	{{{-3899, 2950, -3897}, 0, {-350, 594}, {0x01, 0xD2, 0xC2, 0xFF}}},
	{{{-3899, 2950, -4286}, 0, {1342, 594}, {0x01, 0xD2, 0xC2, 0xFF}}},
	{{{-3874, 2961, -3872}, 0, {-310, 480}, {0x01, 0xD2, 0xC2, 0xFF}}},
	{{{-3874, 2961, -4312}, 0, {1302, 480}, {0x01, 0xD2, 0xC2, 0xFF}}},
	{{{-3940, 3169, -3939}, 0, {-170, 86}, {0x01, 0xD2, 0xC2, 0xFF}}},
	{{{-3940, 3169, -4245}, 0, {1162, 86}, {0x01, 0xD2, 0xC2, 0xFF}}},
	{{{-3925, 3182, -3923}, 0, {-160, 57}, {0x01, 0xD2, 0xC2, 0xFF}}},
	{{{-3925, 3182, -4260}, 0, {1152, 57}, {0x01, 0xD2, 0xC2, 0xFF}}},
	{{{-3973, 3380, -3972}, 0, {-17, -344}, {0x01, 0xD2, 0xC2, 0xFF}}},
	{{{-3973, 3380, -4212}, 0, {1009, -344}, {0x01, 0xD2, 0xC2, 0xFF}}},
	{{{-3948, 3387, -3947}, 0, {18, -445}, {0x01, 0xD2, 0xC2, 0xFF}}},
	{{{-3948, 3387, -4237}, 0, {974, -445}, {0x01, 0xD2, 0xC2, 0xFF}}},
	{{{-4017, 3579, -4016}, 0, {165, -859}, {0x01, 0xD2, 0xC2, 0xFF}}},
	{{{-4017, 3579, -4168}, 0, {827, -859}, {0x01, 0xD2, 0xC2, 0xFF}}},
	{{{-4093, 3982, -4092}, 0, {496, -1790}, {0x01, 0xD2, 0xC2, 0xFF}}},
};

Gfx totwc_dl_totwc_seg7_dl_07005D28_mesh_mesh_layer_1_tri_1[] = {
	gsSPVertex(totwc_dl_totwc_seg7_dl_07005D28_mesh_mesh_layer_1_vtx_1 + 0, 64, 0),
	gsSP2Triangles(0, 1, 2, 0, 3, 0, 2, 0),
	gsSP2Triangles(3, 2, 4, 0, 4, 5, 3, 0),
	gsSP2Triangles(4, 6, 5, 0, 7, 5, 6, 0),
	gsSP2Triangles(7, 6, 8, 0, 8, 9, 7, 0),
	gsSP2Triangles(8, 10, 9, 0, 11, 9, 10, 0),
	gsSP2Triangles(11, 10, 12, 0, 12, 13, 11, 0),
	gsSP2Triangles(12, 14, 13, 0, 15, 13, 14, 0),
	gsSP2Triangles(15, 14, 16, 0, 16, 17, 15, 0),
	gsSP2Triangles(16, 18, 17, 0, 19, 17, 18, 0),
	gsSP2Triangles(19, 18, 20, 0, 21, 19, 20, 0),
	gsSP2Triangles(21, 20, 22, 0, 23, 21, 22, 0),
	gsSP2Triangles(23, 22, 24, 0, 25, 23, 24, 0),
	gsSP2Triangles(25, 24, 26, 0, 27, 25, 26, 0),
	gsSP2Triangles(27, 26, 28, 0, 28, 29, 27, 0),
	gsSP2Triangles(30, 31, 32, 0, 33, 30, 32, 0),
	gsSP2Triangles(33, 32, 34, 0, 34, 35, 33, 0),
	gsSP2Triangles(34, 36, 35, 0, 37, 35, 36, 0),
	gsSP2Triangles(37, 36, 38, 0, 38, 39, 37, 0),
	gsSP2Triangles(38, 40, 39, 0, 41, 39, 40, 0),
	gsSP2Triangles(41, 40, 42, 0, 42, 43, 41, 0),
	gsSP2Triangles(42, 44, 43, 0, 45, 43, 44, 0),
	gsSP2Triangles(45, 44, 15, 0, 15, 46, 45, 0),
	gsSP2Triangles(15, 47, 46, 0, 48, 46, 47, 0),
	gsSP2Triangles(48, 47, 49, 0, 50, 48, 49, 0),
	gsSP2Triangles(50, 49, 51, 0, 51, 52, 50, 0),
	gsSP2Triangles(51, 53, 52, 0, 54, 52, 53, 0),
	gsSP2Triangles(54, 53, 55, 0, 56, 54, 55, 0),
	gsSP2Triangles(56, 55, 57, 0, 57, 58, 56, 0),
	gsSP2Triangles(59, 31, 60, 0, 61, 59, 60, 0),
	gsSP2Triangles(61, 60, 62, 0, 62, 63, 61, 0),
	gsSPVertex(totwc_dl_totwc_seg7_dl_07005D28_mesh_mesh_layer_1_vtx_1 + 64, 64, 0),
	gsSP2Triangles(0, 1, 2, 0, 3, 2, 1, 0),
	gsSP2Triangles(3, 1, 4, 0, 4, 5, 3, 0),
	gsSP2Triangles(4, 6, 5, 0, 7, 5, 6, 0),
	gsSP2Triangles(7, 6, 8, 0, 8, 9, 7, 0),
	gsSP2Triangles(8, 10, 9, 0, 11, 9, 10, 0),
	gsSP2Triangles(11, 10, 12, 0, 12, 13, 11, 0),
	gsSP2Triangles(12, 14, 13, 0, 15, 13, 14, 0),
	gsSP2Triangles(15, 14, 16, 0, 17, 15, 16, 0),
	gsSP2Triangles(17, 16, 18, 0, 19, 17, 18, 0),
	gsSP2Triangles(19, 18, 20, 0, 21, 19, 20, 0),
	gsSP2Triangles(21, 20, 22, 0, 23, 21, 22, 0),
	gsSP2Triangles(23, 22, 24, 0, 24, 25, 23, 0),
	gsSP2Triangles(26, 27, 28, 0, 28, 29, 26, 0),
	gsSP2Triangles(28, 30, 29, 0, 30, 31, 29, 0),
	gsSP2Triangles(30, 32, 31, 0, 32, 33, 31, 0),
	gsSP2Triangles(32, 34, 33, 0, 34, 35, 33, 0),
	gsSP2Triangles(34, 36, 35, 0, 36, 37, 35, 0),
	gsSP2Triangles(36, 38, 37, 0, 39, 37, 38, 0),
	gsSP2Triangles(39, 38, 40, 0, 40, 41, 39, 0),
	gsSP2Triangles(40, 42, 41, 0, 43, 41, 42, 0),
	gsSP2Triangles(43, 42, 44, 0, 44, 45, 43, 0),
	gsSP2Triangles(44, 46, 45, 0, 47, 45, 46, 0),
	gsSP2Triangles(47, 46, 48, 0, 48, 49, 47, 0),
	gsSP2Triangles(48, 50, 49, 0, 51, 49, 50, 0),
	gsSP2Triangles(51, 50, 52, 0, 52, 53, 51, 0),
	gsSP2Triangles(52, 54, 53, 0, 54, 55, 53, 0),
	gsSP2Triangles(56, 57, 58, 0, 59, 56, 58, 0),
	gsSP2Triangles(59, 58, 60, 0, 60, 61, 59, 0),
	gsSP2Triangles(60, 62, 61, 0, 63, 61, 62, 0),
	gsSPVertex(totwc_dl_totwc_seg7_dl_07005D28_mesh_mesh_layer_1_vtx_1 + 128, 64, 0),
	gsSP2Triangles(0, 1, 2, 0, 2, 3, 0, 0),
	gsSP2Triangles(2, 4, 3, 0, 5, 3, 4, 0),
	gsSP2Triangles(5, 4, 6, 0, 6, 7, 5, 0),
	gsSP2Triangles(6, 8, 7, 0, 9, 7, 8, 0),
	gsSP2Triangles(9, 8, 10, 0, 10, 11, 9, 0),
	gsSP2Triangles(10, 12, 11, 0, 13, 11, 12, 0),
	gsSP2Triangles(13, 12, 14, 0, 15, 13, 14, 0),
	gsSP2Triangles(15, 14, 16, 0, 17, 15, 16, 0),
	gsSP2Triangles(17, 16, 18, 0, 19, 17, 18, 0),
	gsSP2Triangles(19, 18, 20, 0, 21, 19, 20, 0),
	gsSP2Triangles(21, 20, 22, 0, 22, 23, 21, 0),
	gsSP2Triangles(24, 25, 26, 0, 27, 24, 26, 0),
	gsSP2Triangles(27, 26, 28, 0, 28, 29, 27, 0),
	gsSP2Triangles(28, 30, 29, 0, 31, 29, 30, 0),
	gsSP2Triangles(31, 30, 32, 0, 32, 33, 31, 0),
	gsSP2Triangles(32, 34, 33, 0, 35, 33, 34, 0),
	gsSP2Triangles(35, 34, 36, 0, 36, 37, 35, 0),
	gsSP2Triangles(36, 38, 37, 0, 39, 37, 38, 0),
	gsSP2Triangles(39, 38, 9, 0, 9, 40, 39, 0),
	gsSP2Triangles(9, 41, 40, 0, 42, 40, 41, 0),
	gsSP2Triangles(42, 41, 43, 0, 44, 42, 43, 0),
	gsSP2Triangles(44, 43, 45, 0, 45, 46, 44, 0),
	gsSP2Triangles(45, 47, 46, 0, 48, 46, 47, 0),
	gsSP2Triangles(48, 47, 49, 0, 50, 48, 49, 0),
	gsSP2Triangles(50, 49, 51, 0, 51, 52, 50, 0),
	gsSP2Triangles(53, 25, 54, 0, 55, 53, 54, 0),
	gsSP2Triangles(55, 54, 56, 0, 56, 57, 55, 0),
	gsSP2Triangles(56, 58, 57, 0, 59, 57, 58, 0),
	gsSP2Triangles(59, 58, 60, 0, 60, 61, 59, 0),
	gsSP2Triangles(60, 62, 61, 0, 63, 61, 62, 0),
	gsSPVertex(totwc_dl_totwc_seg7_dl_07005D28_mesh_mesh_layer_1_vtx_1 + 192, 64, 0),
	gsSP2Triangles(0, 1, 2, 0, 2, 3, 0, 0),
	gsSP2Triangles(2, 4, 3, 0, 5, 3, 4, 0),
	gsSP2Triangles(5, 4, 6, 0, 6, 7, 5, 0),
	gsSP2Triangles(6, 8, 7, 0, 9, 7, 8, 0),
	gsSP2Triangles(9, 8, 10, 0, 11, 9, 10, 0),
	gsSP2Triangles(11, 10, 12, 0, 13, 11, 12, 0),
	gsSP2Triangles(13, 12, 14, 0, 15, 13, 14, 0),
	gsSP2Triangles(15, 14, 16, 0, 17, 15, 16, 0),
	gsSP2Triangles(17, 16, 18, 0, 18, 19, 17, 0),
	gsSP2Triangles(20, 21, 22, 0, 22, 23, 20, 0),
	gsSP2Triangles(22, 24, 23, 0, 24, 25, 23, 0),
	gsSP2Triangles(24, 26, 25, 0, 26, 27, 25, 0),
	gsSP2Triangles(26, 28, 27, 0, 28, 29, 27, 0),
	gsSP2Triangles(28, 30, 29, 0, 30, 31, 29, 0),
	gsSP2Triangles(30, 32, 31, 0, 33, 31, 32, 0),
	gsSP2Triangles(33, 32, 34, 0, 34, 35, 33, 0),
	gsSP2Triangles(34, 36, 35, 0, 37, 35, 36, 0),
	gsSP2Triangles(37, 36, 38, 0, 38, 39, 37, 0),
	gsSP2Triangles(38, 40, 39, 0, 41, 39, 40, 0),
	gsSP2Triangles(41, 40, 42, 0, 42, 43, 41, 0),
	gsSP2Triangles(42, 44, 43, 0, 45, 43, 44, 0),
	gsSP2Triangles(45, 44, 46, 0, 46, 47, 45, 0),
	gsSP2Triangles(46, 48, 47, 0, 48, 49, 47, 0),
	gsSP2Triangles(50, 51, 52, 0, 53, 50, 52, 0),
	gsSP2Triangles(53, 52, 54, 0, 54, 55, 53, 0),
	gsSP2Triangles(54, 56, 55, 0, 57, 55, 56, 0),
	gsSP2Triangles(57, 56, 58, 0, 58, 59, 57, 0),
	gsSP2Triangles(58, 60, 59, 0, 61, 59, 60, 0),
	gsSP2Triangles(61, 60, 62, 0, 62, 63, 61, 0),
	gsSPVertex(totwc_dl_totwc_seg7_dl_07005D28_mesh_mesh_layer_1_vtx_1 + 256, 64, 0),
	gsSP2Triangles(0, 1, 2, 0, 3, 2, 1, 0),
	gsSP2Triangles(3, 1, 4, 0, 4, 5, 3, 0),
	gsSP2Triangles(4, 6, 5, 0, 7, 5, 6, 0),
	gsSP2Triangles(7, 6, 8, 0, 9, 7, 8, 0),
	gsSP2Triangles(9, 8, 10, 0, 11, 9, 10, 0),
	gsSP2Triangles(11, 10, 12, 0, 13, 11, 12, 0),
	gsSP2Triangles(13, 12, 14, 0, 15, 13, 14, 0),
	gsSP2Triangles(15, 14, 16, 0, 16, 17, 15, 0),
	gsSP2Triangles(18, 19, 20, 0, 21, 18, 20, 0),
	gsSP2Triangles(21, 20, 22, 0, 22, 23, 21, 0),
	gsSP2Triangles(22, 24, 23, 0, 25, 23, 24, 0),
	gsSP2Triangles(25, 24, 26, 0, 26, 27, 25, 0),
	gsSP2Triangles(26, 28, 27, 0, 29, 27, 28, 0),
	gsSP2Triangles(29, 28, 30, 0, 30, 31, 29, 0),
	gsSP2Triangles(30, 32, 31, 0, 33, 31, 32, 0),
	gsSP2Triangles(33, 32, 3, 0, 3, 34, 33, 0),
	gsSP2Triangles(3, 35, 34, 0, 36, 34, 35, 0),
	gsSP2Triangles(36, 35, 37, 0, 38, 36, 37, 0),
	gsSP2Triangles(38, 37, 39, 0, 39, 40, 38, 0),
	gsSP2Triangles(39, 41, 40, 0, 42, 40, 41, 0),
	gsSP2Triangles(42, 41, 43, 0, 44, 42, 43, 0),
	gsSP2Triangles(44, 43, 45, 0, 45, 46, 44, 0),
	gsSP2Triangles(47, 19, 48, 0, 49, 47, 48, 0),
	gsSP2Triangles(49, 48, 50, 0, 50, 51, 49, 0),
	gsSP2Triangles(50, 52, 51, 0, 53, 51, 52, 0),
	gsSP2Triangles(53, 52, 54, 0, 54, 55, 53, 0),
	gsSP2Triangles(54, 56, 55, 0, 57, 55, 56, 0),
	gsSP2Triangles(57, 56, 58, 0, 58, 59, 57, 0),
	gsSP2Triangles(58, 60, 59, 0, 61, 59, 60, 0),
	gsSP2Triangles(61, 60, 62, 0, 62, 63, 61, 0),
	gsSPVertex(totwc_dl_totwc_seg7_dl_07005D28_mesh_mesh_layer_1_vtx_1 + 320, 64, 0),
	gsSP2Triangles(0, 1, 2, 0, 3, 2, 1, 0),
	gsSP2Triangles(3, 1, 4, 0, 5, 3, 4, 0),
	gsSP2Triangles(5, 4, 6, 0, 7, 5, 6, 0),
	gsSP2Triangles(7, 6, 8, 0, 9, 7, 8, 0),
	gsSP2Triangles(9, 8, 10, 0, 11, 9, 10, 0),
	gsSP2Triangles(11, 10, 12, 0, 12, 13, 11, 0),
	gsSP2Triangles(14, 15, 16, 0, 16, 17, 14, 0),
	gsSP2Triangles(16, 18, 17, 0, 18, 19, 17, 0),
	gsSP2Triangles(18, 20, 19, 0, 20, 21, 19, 0),
	gsSP2Triangles(20, 22, 21, 0, 22, 23, 21, 0),
	gsSP2Triangles(22, 24, 23, 0, 24, 25, 23, 0),
	gsSP2Triangles(24, 26, 25, 0, 27, 25, 26, 0),
	gsSP2Triangles(27, 26, 28, 0, 28, 29, 27, 0),
	gsSP2Triangles(28, 30, 29, 0, 31, 29, 30, 0),
	gsSP2Triangles(31, 30, 32, 0, 32, 33, 31, 0),
	gsSP2Triangles(32, 34, 33, 0, 35, 33, 34, 0),
	gsSP2Triangles(35, 34, 36, 0, 36, 37, 35, 0),
	gsSP2Triangles(36, 38, 37, 0, 39, 37, 38, 0),
	gsSP2Triangles(39, 38, 40, 0, 40, 41, 39, 0),
	gsSP2Triangles(40, 42, 41, 0, 42, 43, 41, 0),
	gsSP2Triangles(44, 45, 46, 0, 47, 44, 46, 0),
	gsSP2Triangles(47, 46, 48, 0, 48, 49, 47, 0),
	gsSP2Triangles(48, 50, 49, 0, 51, 49, 50, 0),
	gsSP2Triangles(51, 50, 52, 0, 52, 53, 51, 0),
	gsSP2Triangles(52, 54, 53, 0, 55, 53, 54, 0),
	gsSP2Triangles(55, 54, 56, 0, 56, 57, 55, 0),
	gsSP2Triangles(56, 58, 57, 0, 59, 57, 58, 0),
	gsSP2Triangles(59, 58, 60, 0, 60, 61, 59, 0),
	gsSP2Triangles(60, 62, 61, 0, 63, 61, 62, 0),
	gsSPVertex(totwc_dl_totwc_seg7_dl_07005D28_mesh_mesh_layer_1_vtx_1 + 384, 64, 0),
	gsSP2Triangles(0, 1, 2, 0, 3, 0, 2, 0),
	gsSP2Triangles(3, 2, 4, 0, 5, 3, 4, 0),
	gsSP2Triangles(5, 4, 6, 0, 7, 5, 6, 0),
	gsSP2Triangles(7, 6, 8, 0, 9, 7, 8, 0),
	gsSP2Triangles(9, 8, 10, 0, 10, 11, 9, 0),
	gsSP2Triangles(12, 13, 14, 0, 15, 12, 14, 0),
	gsSP2Triangles(15, 14, 16, 0, 16, 17, 15, 0),
	gsSP2Triangles(16, 18, 17, 0, 19, 17, 18, 0),
	gsSP2Triangles(19, 18, 20, 0, 20, 21, 19, 0),
	gsSP2Triangles(20, 22, 21, 0, 23, 21, 22, 0),
	gsSP2Triangles(23, 22, 24, 0, 24, 25, 23, 0),
	gsSP2Triangles(24, 26, 25, 0, 27, 25, 26, 0),
	gsSP2Triangles(27, 26, 28, 0, 28, 29, 27, 0),
	gsSP2Triangles(28, 30, 29, 0, 31, 29, 30, 0),
	gsSP2Triangles(31, 30, 32, 0, 33, 31, 32, 0),
	gsSP2Triangles(33, 32, 34, 0, 34, 35, 33, 0),
	gsSP2Triangles(34, 36, 35, 0, 37, 35, 36, 0),
	gsSP2Triangles(37, 36, 38, 0, 39, 37, 38, 0),
	gsSP2Triangles(39, 38, 40, 0, 40, 41, 39, 0),
	gsSP2Triangles(42, 13, 43, 0, 44, 42, 43, 0),
	gsSP2Triangles(44, 43, 45, 0, 45, 46, 44, 0),
	gsSP2Triangles(45, 47, 46, 0, 48, 46, 47, 0),
	gsSP2Triangles(48, 47, 49, 0, 49, 50, 48, 0),
	gsSP2Triangles(49, 51, 50, 0, 52, 50, 51, 0),
	gsSP2Triangles(52, 51, 53, 0, 53, 54, 52, 0),
	gsSP2Triangles(53, 55, 54, 0, 56, 54, 55, 0),
	gsSP2Triangles(56, 55, 57, 0, 57, 58, 56, 0),
	gsSP2Triangles(57, 59, 58, 0, 60, 58, 59, 0),
	gsSP2Triangles(60, 59, 61, 0, 62, 60, 61, 0),
	gsSP1Triangle(62, 61, 63, 0),
	gsSPVertex(totwc_dl_totwc_seg7_dl_07005D28_mesh_mesh_layer_1_vtx_1 + 448, 39, 0),
	gsSP2Triangles(0, 1, 2, 0, 0, 2, 3, 0),
	gsSP2Triangles(4, 0, 3, 0, 4, 3, 5, 0),
	gsSP2Triangles(6, 4, 5, 0, 6, 5, 7, 0),
	gsSP2Triangles(7, 8, 6, 0, 9, 10, 11, 0),
	gsSP2Triangles(11, 12, 9, 0, 11, 13, 12, 0),
	gsSP2Triangles(13, 14, 12, 0, 13, 15, 14, 0),
	gsSP2Triangles(15, 16, 14, 0, 15, 17, 16, 0),
	gsSP2Triangles(17, 18, 16, 0, 17, 19, 18, 0),
	gsSP2Triangles(19, 20, 18, 0, 19, 21, 20, 0),
	gsSP2Triangles(22, 20, 21, 0, 22, 21, 23, 0),
	gsSP2Triangles(23, 24, 22, 0, 23, 25, 24, 0),
	gsSP2Triangles(26, 24, 25, 0, 26, 25, 27, 0),
	gsSP2Triangles(27, 28, 26, 0, 27, 29, 28, 0),
	gsSP2Triangles(30, 28, 29, 0, 30, 29, 31, 0),
	gsSP2Triangles(31, 32, 30, 0, 31, 33, 32, 0),
	gsSP2Triangles(34, 32, 33, 0, 34, 33, 35, 0),
	gsSP2Triangles(35, 36, 34, 0, 35, 37, 36, 0),
	gsSP1Triangle(37, 38, 36, 0),
	gsSPEndDisplayList(),
};

Vtx totwc_dl_totwc_seg7_dl_07005D28_mesh_mesh_layer_1_vtx_2[1178] = {
	{{{-1230, -2013, 895}, 0, {673, 224}, {0xF6, 0xA1, 0x5B, 0xFF}}},
	{{{-1242, -2035, 892}, 0, {646, 278}, {0xF6, 0xA1, 0x5B, 0xFF}}},
	{{{-1213, -2038, 921}, 0, {714, 285}, {0xF6, 0xA1, 0x5B, 0xFF}}},
	{{{-1511, -2038, 197}, 0, {1057, 285}, {0xF6, 0xA1, 0x5B, 0xFF}}},
	{{{-1510, -2035, 239}, 0, {958, 278}, {0xF6, 0xA1, 0x5B, 0xFF}}},
	{{{-1505, -2013, 226}, 0, {988, 224}, {0xF6, 0xA1, 0x5B, 0xFF}}},
	{{{198, -2013, 1511}, 0, {962, 224}, {0xF6, 0xA1, 0x5B, 0xFF}}},
	{{{172, -2038, 1516}, 0, {901, 285}, {0xF6, 0xA1, 0x5B, 0xFF}}},
	{{{213, -2035, 1516}, 0, {997, 278}, {0xF6, 0xA1, 0x5B, 0xFF}}},
	{{{930, -2038, 1207}, 0, {729, 285}, {0xF6, 0xA1, 0x5B, 0xFF}}},
	{{{905, -2013, 1224}, 0, {689, 224}, {0xF6, 0xA1, 0x5B, 0xFF}}},
	{{{900, -2035, 1237}, 0, {659, 278}, {0xF6, 0xA1, 0x5B, 0xFF}}},
	{{{1230, -2013, 895}, 0, {319, 224}, {0xF6, 0xA1, 0x5B, 0xFF}}},
	{{{1213, -2038, 921}, 0, {278, 285}, {0xF6, 0xA1, 0x5B, 0xFF}}},
	{{{1242, -2035, 892}, 0, {346, 278}, {0xF6, 0xA1, 0x5B, 0xFF}}},
	{{{1511, -2038, 197}, 0, {1057, 285}, {0xF6, 0xA1, 0x5B, 0xFF}}},
	{{{1505, -2013, 226}, 0, {988, 224}, {0xF6, 0xA1, 0x5B, 0xFF}}},
	{{{1510, -2035, 239}, 0, {958, 278}, {0xF6, 0xA1, 0x5B, 0xFF}}},
	{{{-198, -2013, -1511}, 0, {30, 224}, {0xF6, 0xA1, 0x5B, 0xFF}}},
	{{{-172, -2038, -1516}, 0, {91, 285}, {0xF6, 0xA1, 0x5B, 0xFF}}},
	{{{-213, -2035, -1516}, 0, {-5, 278}, {0xF6, 0xA1, 0x5B, 0xFF}}},
	{{{-930, -2038, -1207}, 0, {263, 285}, {0xF6, 0xA1, 0x5B, 0xFF}}},
	{{{-905, -2013, -1224}, 0, {303, 224}, {0xF6, 0xA1, 0x5B, 0xFF}}},
	{{{-900, -2035, -1237}, 0, {333, 278}, {0xF6, 0xA1, 0x5B, 0xFF}}},
	{{{-1230, -2013, -895}, 0, {673, 224}, {0xF6, 0xA1, 0x5B, 0xFF}}},
	{{{-1213, -2038, -921}, 0, {714, 285}, {0xF6, 0xA1, 0x5B, 0xFF}}},
	{{{-1242, -2035, -892}, 0, {646, 278}, {0xF6, 0xA1, 0x5B, 0xFF}}},
	{{{-1511, -2038, -197}, 0, {-65, 285}, {0xF6, 0xA1, 0x5B, 0xFF}}},
	{{{-1505, -2013, -226}, 0, {4, 224}, {0xF6, 0xA1, 0x5B, 0xFF}}},
	{{{-1510, -2035, -239}, 0, {34, 278}, {0xF6, 0xA1, 0x5B, 0xFF}}},
	{{{198, -2013, -1511}, 0, {962, 224}, {0xF6, 0xA1, 0x5B, 0xFF}}},
	{{{213, -2035, -1516}, 0, {997, 278}, {0xF6, 0xA1, 0x5B, 0xFF}}},
	{{{172, -2038, -1516}, 0, {901, 285}, {0xF6, 0xA1, 0x5B, 0xFF}}},
	{{{930, -2038, -1207}, 0, {263, 285}, {0xF6, 0xA1, 0x5B, 0xFF}}},
	{{{900, -2035, -1237}, 0, {333, 278}, {0xF6, 0xA1, 0x5B, 0xFF}}},
	{{{905, -2013, -1224}, 0, {303, 224}, {0xF6, 0xA1, 0x5B, 0xFF}}},
	{{{1230, -2013, -895}, 0, {319, 224}, {0xF6, 0xA1, 0x5B, 0xFF}}},
	{{{1242, -2035, -892}, 0, {346, 278}, {0xF6, 0xA1, 0x5B, 0xFF}}},
	{{{1213, -2038, -921}, 0, {278, 285}, {0xF6, 0xA1, 0x5B, 0xFF}}},
	{{{1511, -2038, -197}, 0, {-65, 285}, {0xF6, 0xA1, 0x5B, 0xFF}}},
	{{{1510, -2035, -239}, 0, {34, 278}, {0xF6, 0xA1, 0x5B, 0xFF}}},
	{{{1505, -2013, -226}, 0, {4, 224}, {0xF6, 0xA1, 0x5B, 0xFF}}},
	{{{-1048, -2887, 433}, 0, {484, 281}, {0xF6, 0xA1, 0x5B, 0xFF}}},
	{{{-943, -2966, 672}, 0, {-39, 474}, {0xF6, 0xA1, 0x5B, 0xFF}}},
	{{{-916, -2887, 654}, 0, {-44, 281}, {0xF6, 0xA1, 0x5B, 0xFF}}},
	{{{-1078, -2966, 445}, 0, {487, 474}, {0xF6, 0xA1, 0x5B, 0xFF}}},
	{{{-1112, -2887, 180}, 0, {1090, 281}, {0xF6, 0xA1, 0x5B, 0xFF}}},
	{{{-1143, -2966, 185}, 0, {1091, 474}, {0xF6, 0xA1, 0x5B, 0xFF}}},
	{{{-982, -3615, 159}, 0, {1101, 3324}, {0xF6, 0xA1, 0x5B, 0xFF}}},
	{{{-926, -3615, 383}, 0, {512, 3324}, {0xF6, 0xA1, 0x5B, 0xFF}}},
	{{{-937, -4117, 152}, 0, {1107, 4848}, {0xF6, 0xA1, 0x5B, 0xFF}}},
	{{{-884, -4117, 365}, 0, {524, 4848}, {0xF6, 0xA1, 0x5B, 0xFF}}},
	{{{-1052, -4138, 170}, 0, {1107, 4872}, {0xF6, 0xA1, 0x5B, 0xFF}}},
	{{{-992, -4138, 410}, 0, {525, 4872}, {0xF6, 0xA1, 0x5B, 0xFF}}},
	{{{-1067, -4192, 173}, 0, {1107, 4902}, {0xF6, 0xA1, 0x5B, 0xFF}}},
	{{{-1006, -4192, 416}, 0, {525, 4902}, {0xF6, 0xA1, 0x5B, 0xFF}}},
	{{{-1072, -5288, 173}, 0, {1113, 6683}, {0xF6, 0xA1, 0x5B, 0xFF}}},
	{{{-1011, -5288, 418}, 0, {540, 6683}, {0xF6, 0xA1, 0x5B, 0xFF}}},
	{{{-1112, -6383, 180}, 0, {1119, 8464}, {0xF6, 0xA1, 0x5B, 0xFF}}},
	{{{-1048, -6383, 433}, 0, {555, 8464}, {0xF6, 0xA1, 0x5B, 0xFF}}},
	{{{-884, -5288, 630}, 0, {40, 6683}, {0xF6, 0xA1, 0x5B, 0xFF}}},
	{{{-917, -6383, 654}, 0, {63, 8464}, {0xF6, 0xA1, 0x5B, 0xFF}}},
	{{{-880, -4192, 628}, 0, {17, 4902}, {0xF6, 0xA1, 0x5B, 0xFF}}},
	{{{-1006, -4192, 416}, 0, {525, 4902}, {0xF6, 0xA1, 0x5B, 0xFF}}},
	{{{-1006, -4192, 416}, 0, {525, 4902}, {0xF6, 0xA1, 0x5B, 0xFF}}},
	{{{-880, -4192, 628}, 0, {17, 4902}, {0xF6, 0xA1, 0x5B, 0xFF}}},
	{{{-867, -4138, 619}, 0, {17, 4872}, {0xF6, 0xA1, 0x5B, 0xFF}}},
	{{{-992, -4138, 410}, 0, {525, 4872}, {0xF6, 0xA1, 0x5B, 0xFF}}},
	{{{-773, -4117, 551}, 0, {17, 4848}, {0xF6, 0xA1, 0x5B, 0xFF}}},
	{{{-884, -4117, 365}, 0, {524, 4848}, {0xF6, 0xA1, 0x5B, 0xFF}}},
	{{{-810, -3615, 578}, 0, {-3, 3324}, {0xF6, 0xA1, 0x5B, 0xFF}}},
	{{{-926, -3615, 383}, 0, {512, 3324}, {0xF6, 0xA1, 0x5B, 0xFF}}},
	{{{-943, -2966, 672}, 0, {-39, 474}, {0xF6, 0xA1, 0x5B, 0xFF}}},
	{{{-1078, -2966, 445}, 0, {487, 474}, {0xF6, 0xA1, 0x5B, 0xFF}}},
	{{{-806, -2887, 804}, 0, {616, 281}, {0xF6, 0xA1, 0x5B, 0xFF}}},
	{{{-678, -2966, 939}, 0, {971, 474}, {0xF6, 0xA1, 0x5B, 0xFF}}},
	{{{-659, -2887, 913}, 0, {967, 281}, {0xF6, 0xA1, 0x5B, 0xFF}}},
	{{{-829, -2966, 828}, 0, {622, 474}, {0xF6, 0xA1, 0x5B, 0xFF}}},
	{{{-712, -3615, 711}, 0, {667, 3324}, {0xF6, 0xA1, 0x5B, 0xFF}}},
	{{{-583, -3615, 807}, 0, {1008, 3324}, {0xF6, 0xA1, 0x5B, 0xFF}}},
	{{{-680, -4117, 678}, 0, {691, 4848}, {0xF6, 0xA1, 0x5B, 0xFF}}},
	{{{-556, -4117, 770}, 0, {1028, 4848}, {0xF6, 0xA1, 0x5B, 0xFF}}},
	{{{-763, -4138, 761}, 0, {691, 4872}, {0xF6, 0xA1, 0x5B, 0xFF}}},
	{{{-624, -4138, 864}, 0, {1028, 4872}, {0xF6, 0xA1, 0x5B, 0xFF}}},
	{{{-774, -4192, 772}, 0, {691, 4902}, {0xF6, 0xA1, 0x5B, 0xFF}}},
	{{{-633, -4192, 876}, 0, {1028, 4902}, {0xF6, 0xA1, 0x5B, 0xFF}}},
	{{{-777, -5288, 776}, 0, {719, 6683}, {0xF6, 0xA1, 0x5B, 0xFF}}},
	{{{-636, -5288, 880}, 0, {1051, 6683}, {0xF6, 0xA1, 0x5B, 0xFF}}},
	{{{-806, -6383, 805}, 0, {747, 8464}, {0xF6, 0xA1, 0x5B, 0xFF}}},
	{{{-660, -6383, 913}, 0, {1074, 8464}, {0xF6, 0xA1, 0x5B, 0xFF}}},
	{{{614, -1827, 1500}, 0, {510, -528}, {0xF6, 0xA1, 0x5B, 0xFF}}},
	{{{199, -1844, 1510}, 0, {-260, -491}, {0xF6, 0xA1, 0x5B, 0xFF}}},
	{{{198, -2013, 1511}, 0, {-265, -88}, {0xF6, 0xA1, 0x5B, 0xFF}}},
	{{{614, -2022, 1502}, 0, {510, -62}, {0xF6, 0xA1, 0x5B, 0xFF}}},
	{{{213, -2035, 1516}, 0, {-236, -34}, {0xF6, 0xA1, 0x5B, 0xFF}}},
	{{{904, -1844, 1224}, 0, {1253, -491}, {0xF6, 0xA1, 0x5B, 0xFF}}},
	{{{905, -2013, 1224}, 0, {1259, -88}, {0xF6, 0xA1, 0x5B, 0xFF}}},
	{{{900, -2035, 1237}, 0, {1234, -34}, {0xF6, 0xA1, 0x5B, 0xFF}}},
	{{{-1504, -1844, 227}, 0, {29, 841}, {0xF6, 0xA1, 0x5B, 0xFF}}},
	{{{-1390, -1844, 210}, 0, {298, 841}, {0xF6, 0xA1, 0x5B, 0xFF}}},
	{{{-1389, -2010, 209}, 0, {300, 217}, {0xF6, 0xA1, 0x5B, 0xFF}}},
	{{{-1505, -2013, 226}, 0, {27, 224}, {0xF6, 0xA1, 0x5B, 0xFF}}},
	{{{-1394, -2036, 180}, 0, {289, 920}, {0xF6, 0xA1, 0x5B, 0xFF}}},
	{{{-1389, -2036, 207}, 0, {300, 984}, {0xF6, 0xA1, 0x5B, 0xFF}}},
	{{{-1389, -2128, 207}, 0, {300, 984}, {0xF6, 0xA1, 0x5B, 0xFF}}},
	{{{-1394, -2128, 180}, 0, {289, 920}, {0xF6, 0xA1, 0x5B, 0xFF}}},
	{{{-1419, -2128, 0}, 0, {229, 496}, {0xF6, 0xA1, 0x5B, 0xFF}}},
	{{{-1419, -2036, 0}, 0, {229, 496}, {0xF6, 0xA1, 0x5B, 0xFF}}},
	{{{-1394, -2036, -180}, 0, {289, 72}, {0xF6, 0xA1, 0x5B, 0xFF}}},
	{{{-1394, -2128, -180}, 0, {289, 72}, {0xF6, 0xA1, 0x5B, 0xFF}}},
	{{{-1389, -2036, -207}, 0, {300, 8}, {0xF6, 0xA1, 0x5B, 0xFF}}},
	{{{-1389, -2128, -207}, 0, {300, 8}, {0xF6, 0xA1, 0x5B, 0xFF}}},
	{{{-1511, -2038, -197}, 0, {1037, 33}, {0xF6, 0xA1, 0x5B, 0xFF}}},
	{{{-1539, -2038, 0}, 0, {971, 496}, {0xF6, 0xA1, 0x5B, 0xFF}}},
	{{{-1511, -2038, 197}, 0, {1037, 959}, {0xF6, 0xA1, 0x5B, 0xFF}}},
	{{{-1511, -2038, 197}, 0, {13, -65}, {0xF6, 0xA1, 0x5B, 0xFF}}},
	{{{-1504, -1844, 227}, 0, {29, 7}, {0xF6, 0xA1, 0x5B, 0xFF}}},
	{{{-1490, -1827, 626}, 0, {62, 945}, {0xF6, 0xA1, 0x5B, 0xFF}}},
	{{{-1307, -1843, 540}, 0, {492, 743}, {0xF6, 0xA1, 0x5B, 0xFF}}},
	{{{-1390, -1844, 210}, 0, {298, 991}, {0xF6, 0xA1, 0x5B, 0xFF}}},
	{{{-1307, -1843, 540}, 0, {1273, 840}, {0xF6, 0xA1, 0x5B, 0xFF}}},
	{{{-1137, -1844, 826}, 0, {602, 841}, {0xF6, 0xA1, 0x5B, 0xFF}}},
	{{{-1136, -2010, 826}, 0, {601, 217}, {0xF6, 0xA1, 0x5B, 0xFF}}},
	{{{-1305, -2010, 539}, 0, {1275, 218}, {0xF6, 0xA1, 0x5B, 0xFF}}},
	{{{-1135, -2036, 827}, 0, {599, 281}, {0xF6, 0xA1, 0x5B, 0xFF}}},
	{{{-1304, -2036, 539}, 0, {1277, 281}, {0xF6, 0xA1, 0x5B, 0xFF}}},
	{{{-1304, -2128, 539}, 0, {1277, 281}, {0xF6, 0xA1, 0x5B, 0xFF}}},
	{{{-1135, -2128, 827}, 0, {599, 281}, {0xF6, 0xA1, 0x5B, 0xFF}}},
	{{{-184, -1844, 1395}, 0, {749, 397}, {0xF6, 0xA1, 0x5B, 0xFF}}},
	{{{-199, -1844, 1510}, 0, {701, 422}, {0xF6, 0xA1, 0x5B, 0xFF}}},
	{{{-198, -2013, 1511}, 0, {715, 559}, {0xF6, 0xA1, 0x5B, 0xFF}}},
	{{{-183, -2010, 1394}, 0, {764, 541}, {0xF6, 0xA1, 0x5B, 0xFF}}},
	{{{-172, -2038, 1516}, 0, {719, 574}, {0xF6, 0xA1, 0x5B, 0xFF}}},
	{{{-213, -2035, 1516}, 0, {712, 581}, {0xF6, 0xA1, 0x5B, 0xFF}}},
	{{{-157, -2036, 1398}, 0, {766, 558}, {0xF6, 0xA1, 0x5B, 0xFF}}},
	{{{-181, -2036, 1394}, 0, {767, 563}, {0xF6, 0xA1, 0x5B, 0xFF}}},
	{{{-537, -2010, 1305}, 0, {1023, 827}, {0xF6, 0xA1, 0x5B, 0xFF}}},
	{{{-537, -2036, 1304}, 0, {1019, 856}, {0xF6, 0xA1, 0x5B, 0xFF}}},
	{{{-538, -1843, 1307}, 0, {275, 2}, {0xF6, 0xA1, 0x5B, 0xFF}}},
	{{{-1390, -1844, 210}, 0, {1, 841}, {0xF6, 0xA1, 0x5B, 0xFF}}},
	{{{-1307, -1843, 540}, 0, {249, 840}, {0xF6, 0xA1, 0x5B, 0xFF}}},
	{{{-1305, -2010, 539}, 0, {251, 218}, {0xF6, 0xA1, 0x5B, 0xFF}}},
	{{{-1389, -2010, 209}, 0, {4, 217}, {0xF6, 0xA1, 0x5B, 0xFF}}},
	{{{-1304, -2036, 539}, 0, {253, 281}, {0xF6, 0xA1, 0x5B, 0xFF}}},
	{{{-1389, -2036, 207}, 0, {8, 281}, {0xF6, 0xA1, 0x5B, 0xFF}}},
	{{{-1389, -2128, 207}, 0, {8, 281}, {0xF6, 0xA1, 0x5B, 0xFF}}},
	{{{-1304, -2128, 539}, 0, {253, 281}, {0xF6, 0xA1, 0x5B, 0xFF}}},
	{{{-1231, -1844, 894}, 0, {673, 841}, {0xF6, 0xA1, 0x5B, 0xFF}}},
	{{{-1136, -2010, 826}, 0, {896, 217}, {0xF6, 0xA1, 0x5B, 0xFF}}},
	{{{-1137, -1844, 826}, 0, {893, 841}, {0xF6, 0xA1, 0x5B, 0xFF}}},
	{{{-1230, -2013, 895}, 0, {673, 224}, {0xF6, 0xA1, 0x5B, 0xFF}}},
	{{{-1213, -2038, 921}, 0, {714, 615}, {0xF6, 0xA1, 0x5B, 0xFF}}},
	{{{-1118, -2036, 851}, 0, {938, 449}, {0xF6, 0xA1, 0x5B, 0xFF}}},
	{{{-1135, -2036, 827}, 0, {899, 281}, {0xF6, 0xA1, 0x5B, 0xFF}}},
	{{{-930, -2038, 1207}, 0, {222, 564}, {0xF6, 0xA1, 0x5B, 0xFF}}},
	{{{-900, -2035, 1237}, 0, {230, 571}, {0xF6, 0xA1, 0x5B, 0xFF}}},
	{{{-905, -2013, 1224}, 0, {227, 550}, {0xF6, 0xA1, 0x5B, 0xFF}}},
	{{{-859, -2036, 1112}, 0, {175, 548}, {0xF6, 0xA1, 0x5B, 0xFF}}},
	{{{-835, -2010, 1130}, 0, {177, 531}, {0xF6, 0xA1, 0x5B, 0xFF}}},
	{{{-904, -1844, 1224}, 0, {241, 411}, {0xF6, 0xA1, 0x5B, 0xFF}}},
	{{{-835, -1844, 1131}, 0, {192, 385}, {0xF6, 0xA1, 0x5B, 0xFF}}},
	{{{-537, -2010, 1305}, 0, {-1, 827}, {0xF6, 0xA1, 0x5B, 0xFF}}},
	{{{-537, -2036, 1304}, 0, {-5, 856}, {0xF6, 0xA1, 0x5B, 0xFF}}},
	{{{-836, -2036, 1128}, 0, {175, 553}, {0xF6, 0xA1, 0x5B, 0xFF}}},
	{{{1389, -2036, 207}, 0, {692, 281}, {0xF6, 0xA1, 0x5B, 0xFF}}},
	{{{1389, -2010, 209}, 0, {692, 217}, {0xF6, 0xA1, 0x5B, 0xFF}}},
	{{{1394, -2036, 180}, 0, {703, 920}, {0xF6, 0xA1, 0x5B, 0xFF}}},
	{{{1511, -2038, 197}, 0, {979, -65}, {0xF6, 0xA1, 0x5B, 0xFF}}},
	{{{1505, -2013, 226}, 0, {965, 224}, {0xF6, 0xA1, 0x5B, 0xFF}}},
	{{{1504, -1844, 227}, 0, {963, 841}, {0xF6, 0xA1, 0x5B, 0xFF}}},
	{{{1390, -1844, 210}, 0, {694, 841}, {0xF6, 0xA1, 0x5B, 0xFF}}},
	{{{-1504, -1844, 227}, 0, {1254, 955}, {0xF6, 0xA1, 0x5B, 0xFF}}},
	{{{-1505, -2013, 226}, 0, {1259, 554}, {0xF6, 0xA1, 0x5B, 0xFF}}},
	{{{-1510, -2035, 239}, 0, {1233, 500}, {0xF6, 0xA1, 0x5B, 0xFF}}},
	{{{-1490, -1827, 626}, 0, {471, 993}, {0xF6, 0xA1, 0x5B, 0xFF}}},
	{{{-1492, -2022, 627}, 0, {471, 529}, {0xF6, 0xA1, 0x5B, 0xFF}}},
	{{{-1231, -1844, 894}, 0, {-261, 957}, {0xF6, 0xA1, 0x5B, 0xFF}}},
	{{{-1230, -2013, 895}, 0, {-265, 556}, {0xF6, 0xA1, 0x5B, 0xFF}}},
	{{{-1242, -2035, 892}, 0, {-245, 500}, {0xF6, 0xA1, 0x5B, 0xFF}}},
	{{{-614, -2022, 1502}, 0, {510, -1512}, {0xF6, 0xA1, 0x5B, 0xFF}}},
	{{{-213, -2035, 1516}, 0, {-236, -1540}, {0xF6, 0xA1, 0x5B, 0xFF}}},
	{{{-198, -2013, 1511}, 0, {-265, -1486}, {0xF6, 0xA1, 0x5B, 0xFF}}},
	{{{-199, -1844, 1510}, 0, {-260, -1083}, {0xF6, 0xA1, 0x5B, 0xFF}}},
	{{{-614, -1827, 1500}, 0, {510, -1046}, {0xF6, 0xA1, 0x5B, 0xFF}}},
	{{{-905, -2013, 1224}, 0, {1259, -1486}, {0xF6, 0xA1, 0x5B, 0xFF}}},
	{{{-904, -1844, 1224}, 0, {1253, -1083}, {0xF6, 0xA1, 0x5B, 0xFF}}},
	{{{-900, -2035, 1237}, 0, {1234, -1540}, {0xF6, 0xA1, 0x5B, 0xFF}}},
	{{{-1307, -1843, 540}, 0, {492, -281}, {0xF6, 0xA1, 0x5B, 0xFF}}},
	{{{-1490, -1827, 626}, 0, {62, -79}, {0xF6, 0xA1, 0x5B, 0xFF}}},
	{{{-1231, -1844, 894}, 0, {673, 551}, {0xF6, 0xA1, 0x5B, 0xFF}}},
	{{{-1137, -1844, 826}, 0, {893, 390}, {0xF6, 0xA1, 0x5B, 0xFF}}},
	{{{-538, -1843, 1307}, 0, {254, 499}, {0xF6, 0xA1, 0x5B, 0xFF}}},
	{{{-614, -1827, 1500}, 0, {76, -71}, {0xF6, 0xA1, 0x5B, 0xFF}}},
	{{{-199, -1844, 1510}, 0, {28, 976}, {0xF6, 0xA1, 0x5B, 0xFF}}},
	{{{-184, -1844, 1395}, 0, {63, 706}, {0xF6, 0xA1, 0x5B, 0xFF}}},
	{{{-904, -1844, 1224}, 0, {417, 303}, {0xF6, 0xA1, 0x5B, 0xFF}}},
	{{{-614, -1827, 1500}, 0, {1100, 953}, {0xF6, 0xA1, 0x5B, 0xFF}}},
	{{{-538, -1843, 1307}, 0, {1278, 499}, {0xF6, 0xA1, 0x5B, 0xFF}}},
	{{{-835, -1844, 1131}, 0, {579, 84}, {0xF6, 0xA1, 0x5B, 0xFF}}},
	{{{-1048, -2887, 433}, 0, {-7034, 1512}, {0xF6, 0xA1, 0x5B, 0xFF}}},
	{{{-1516, -2446, 250}, 0, {-7609, 467}, {0xF6, 0xA1, 0x5B, 0xFF}}},
	{{{-1112, -2887, 180}, 0, {-7632, 1512}, {0xF6, 0xA1, 0x5B, 0xFF}}},
	{{{-1492, -2446, 626}, 0, {-7004, 467}, {0xF6, 0xA1, 0x5B, 0xFF}}},
	{{{-1252, -2446, 891}, 0, {-6433, 467}, {0xF6, 0xA1, 0x5B, 0xFF}}},
	{{{-916, -2887, 654}, 0, {-6444, 1512}, {0xF6, 0xA1, 0x5B, 0xFF}}},
	{{{-806, -2887, 804}, 0, {-6017, 1512}, {0xF6, 0xA1, 0x5B, 0xFF}}},
	{{{-1090, -2446, 1088}, 0, {-6004, 467}, {0xF6, 0xA1, 0x5B, 0xFF}}},
	{{{-659, -2887, 913}, 0, {-5601, 1512}, {0xF6, 0xA1, 0x5B, 0xFF}}},
	{{{-897, -2446, 1249}, 0, {-5582, 467}, {0xF6, 0xA1, 0x5B, 0xFF}}},
	{{{-431, -2887, 1048}, 0, {-4990, 1512}, {0xF6, 0xA1, 0x5B, 0xFF}}},
	{{{-614, -2446, 1502}, 0, {-4975, 467}, {0xF6, 0xA1, 0x5B, 0xFF}}},
	{{{-164, -2887, 1115}, 0, {-4355, 1512}, {0xF6, 0xA1, 0x5B, 0xFF}}},
	{{{-227, -2446, 1522}, 0, {-4355, 467}, {0xF6, 0xA1, 0x5B, 0xFF}}},
	{{{0, -2887, 1140}, 0, {-3975, 1512}, {0xF6, 0xA1, 0x5B, 0xFF}}},
	{{{0, -2446, 1542}, 0, {-3972, 467}, {0xF6, 0xA1, 0x5B, 0xFF}}},
	{{{227, -2446, 1522}, 0, {-3589, 467}, {0xF6, 0xA1, 0x5B, 0xFF}}},
	{{{164, -2887, 1115}, 0, {-3595, 1512}, {0xF6, 0xA1, 0x5B, 0xFF}}},
	{{{431, -2887, 1048}, 0, {-2960, 1512}, {0xF6, 0xA1, 0x5B, 0xFF}}},
	{{{614, -2446, 1502}, 0, {-2968, 467}, {0xF6, 0xA1, 0x5B, 0xFF}}},
	{{{659, -2887, 913}, 0, {-2348, 1512}, {0xF6, 0xA1, 0x5B, 0xFF}}},
	{{{897, -2446, 1249}, 0, {-2361, 467}, {0xF6, 0xA1, 0x5B, 0xFF}}},
	{{{1090, -2446, 1088}, 0, {-1939, 467}, {0xF6, 0xA1, 0x5B, 0xFF}}},
	{{{806, -2887, 804}, 0, {-1931, 1512}, {0xF6, 0xA1, 0x5B, 0xFF}}},
	{{{916, -2887, 654}, 0, {-1503, 1512}, {0xF6, 0xA1, 0x5B, 0xFF}}},
	{{{1252, -2446, 891}, 0, {-1510, 467}, {0xF6, 0xA1, 0x5B, 0xFF}}},
	{{{1048, -2887, 433}, 0, {-912, 1512}, {0xF6, 0xA1, 0x5B, 0xFF}}},
	{{{1492, -2446, 626}, 0, {-939, 467}, {0xF6, 0xA1, 0x5B, 0xFF}}},
	{{{1112, -2887, 180}, 0, {-312, 1512}, {0xF6, 0xA1, 0x5B, 0xFF}}},
	{{{1516, -2446, 250}, 0, {-334, 467}, {0xF6, 0xA1, 0x5B, 0xFF}}},
	{{{1139, -2887, 0}, 0, {103, 1512}, {0xF6, 0xA1, 0x5B, 0xFF}}},
	{{{1541, -2446, 0}, 0, {88, 467}, {0xF6, 0xA1, 0x5B, 0xFF}}},
	{{{1516, -2446, -250}, 0, {510, 467}, {0xF6, 0xA1, 0x5B, 0xFF}}},
	{{{1112, -2887, -180}, 0, {517, 1512}, {0xF6, 0xA1, 0x5B, 0xFF}}},
	{{{1492, -2446, -626}, 0, {1115, 467}, {0xF6, 0xA1, 0x5B, 0xFF}}},
	{{{1048, -2887, -433}, 0, {1115, 1512}, {0xF6, 0xA1, 0x5B, 0xFF}}},
	{{{916, -2887, -654}, 0, {1703, 1512}, {0xF6, 0xA1, 0x5B, 0xFF}}},
	{{{1252, -2446, -891}, 0, {1686, 467}, {0xF6, 0xA1, 0x5B, 0xFF}}},
	{{{1090, -2446, -1088}, 0, {2114, 467}, {0xF6, 0xA1, 0x5B, 0xFF}}},
	{{{806, -2887, -804}, 0, {2127, 1512}, {0xF6, 0xA1, 0x5B, 0xFF}}},
	{{{659, -2887, -913}, 0, {2541, 1512}, {0xF6, 0xA1, 0x5B, 0xFF}}},
	{{{897, -2446, -1249}, 0, {2536, 467}, {0xF6, 0xA1, 0x5B, 0xFF}}},
	{{{431, -2887, -1048}, 0, {3145, 1512}, {0xF6, 0xA1, 0x5B, 0xFF}}},
	{{{614, -2446, -1502}, 0, {3142, 467}, {0xF6, 0xA1, 0x5B, 0xFF}}},
	{{{164, -2887, -1115}, 0, {3773, 1512}, {0xF6, 0xA1, 0x5B, 0xFF}}},
	{{{227, -2446, -1522}, 0, {3762, 467}, {0xF6, 0xA1, 0x5B, 0xFF}}},
	{{{0, -2887, -1140}, 0, {4148, 1512}, {0xF6, 0xA1, 0x5B, 0xFF}}},
	{{{0, -2446, -1542}, 0, {4145, 467}, {0xF6, 0xA1, 0x5B, 0xFF}}},
	{{{-227, -2446, -1522}, 0, {4528, 467}, {0xF6, 0xA1, 0x5B, 0xFF}}},
	{{{-164, -2887, -1115}, 0, {4524, 1512}, {0xF6, 0xA1, 0x5B, 0xFF}}},
	{{{-431, -2887, -1048}, 0, {5151, 1512}, {0xF6, 0xA1, 0x5B, 0xFF}}},
	{{{-614, -2446, -1502}, 0, {5148, 467}, {0xF6, 0xA1, 0x5B, 0xFF}}},
	{{{-659, -2887, -913}, 0, {5755, 1512}, {0xF6, 0xA1, 0x5B, 0xFF}}},
	{{{-897, -2446, -1249}, 0, {5754, 467}, {0xF6, 0xA1, 0x5B, 0xFF}}},
	{{{-806, -2887, -804}, 0, {6168, 1512}, {0xF6, 0xA1, 0x5B, 0xFF}}},
	{{{-1090, -2446, -1088}, 0, {6176, 467}, {0xF6, 0xA1, 0x5B, 0xFF}}},
	{{{-916, -2887, -654}, 0, {6591, 1512}, {0xF6, 0xA1, 0x5B, 0xFF}}},
	{{{-1090, -2446, -1088}, 0, {6176, 467}, {0xF6, 0xA1, 0x5B, 0xFF}}},
	{{{-806, -2887, -804}, 0, {6168, 1512}, {0xF6, 0xA1, 0x5B, 0xFF}}},
	{{{-1252, -2446, -891}, 0, {6604, 467}, {0xF6, 0xA1, 0x5B, 0xFF}}},
	{{{-1048, -2887, -433}, 0, {7178, 1512}, {0xF6, 0xA1, 0x5B, 0xFF}}},
	{{{-1492, -2446, -626}, 0, {7175, 467}, {0xF6, 0xA1, 0x5B, 0xFF}}},
	{{{-1112, -2887, -180}, 0, {7774, 1512}, {0xF6, 0xA1, 0x5B, 0xFF}}},
	{{{-1516, -2446, -250}, 0, {7780, 467}, {0xF6, 0xA1, 0x5B, 0xFF}}},
	{{{-1139, -2887, 0}, 0, {8187, 1512}, {0xF6, 0xA1, 0x5B, 0xFF}}},
	{{{-1541, -2446, 0}, 0, {8202, 467}, {0xF6, 0xA1, 0x5B, 0xFF}}},
	{{{-1516, -2446, 250}, 0, {8624, 467}, {0xF6, 0xA1, 0x5B, 0xFF}}},
	{{{-1112, -2887, 180}, 0, {8601, 1512}, {0xF6, 0xA1, 0x5B, 0xFF}}},
	{{{-1511, -2038, 197}, 0, {8546, -520}, {0xF6, 0xA1, 0x5B, 0xFF}}},
	{{{-1510, -2035, 239}, 0, {8617, -520}, {0xF6, 0xA1, 0x5B, 0xFF}}},
	{{{-1539, -2038, 0}, 0, {8212, -520}, {0xF6, 0xA1, 0x5B, 0xFF}}},
	{{{-1511, -2038, -197}, 0, {7877, -520}, {0xF6, 0xA1, 0x5B, 0xFF}}},
	{{{-1510, -2035, -239}, 0, {7806, -520}, {0xF6, 0xA1, 0x5B, 0xFF}}},
	{{{-1492, -2022, -627}, 0, {7183, -520}, {0xF6, 0xA1, 0x5B, 0xFF}}},
	{{{-1242, -2035, -892}, 0, {6600, -520}, {0xF6, 0xA1, 0x5B, 0xFF}}},
	{{{-1213, -2038, -921}, 0, {6531, -520}, {0xF6, 0xA1, 0x5B, 0xFF}}},
	{{{-1089, -2038, -1087}, 0, {6181, -520}, {0xF6, 0xA1, 0x5B, 0xFF}}},
	{{{-930, -2038, -1207}, 0, {5845, -520}, {0xF6, 0xA1, 0x5B, 0xFF}}},
	{{{-897, -2446, -1249}, 0, {5754, 467}, {0xF6, 0xA1, 0x5B, 0xFF}}},
	{{{-900, -2035, -1237}, 0, {5774, -520}, {0xF6, 0xA1, 0x5B, 0xFF}}},
	{{{-614, -2022, -1502}, 0, {5149, -520}, {0xF6, 0xA1, 0x5B, 0xFF}}},
	{{{-614, -2446, -1502}, 0, {5148, 467}, {0xF6, 0xA1, 0x5B, 0xFF}}},
	{{{-227, -2446, -1522}, 0, {4528, 467}, {0xF6, 0xA1, 0x5B, 0xFF}}},
	{{{-213, -2035, -1516}, 0, {4505, -520}, {0xF6, 0xA1, 0x5B, 0xFF}}},
	{{{-172, -2038, -1516}, 0, {4436, -520}, {0xF6, 0xA1, 0x5B, 0xFF}}},
	{{{0, -2038, -1540}, 0, {4143, -520}, {0xF6, 0xA1, 0x5B, 0xFF}}},
	{{{0, -2446, -1542}, 0, {4145, 467}, {0xF6, 0xA1, 0x5B, 0xFF}}},
	{{{172, -2038, -1516}, 0, {3850, -520}, {0xF6, 0xA1, 0x5B, 0xFF}}},
	{{{227, -2446, -1522}, 0, {3762, 467}, {0xF6, 0xA1, 0x5B, 0xFF}}},
	{{{213, -2035, -1516}, 0, {3781, -520}, {0xF6, 0xA1, 0x5B, 0xFF}}},
	{{{614, -2022, -1502}, 0, {3136, -520}, {0xF6, 0xA1, 0x5B, 0xFF}}},
	{{{614, -2446, -1502}, 0, {3142, 467}, {0xF6, 0xA1, 0x5B, 0xFF}}},
	{{{900, -2035, -1237}, 0, {2512, -520}, {0xF6, 0xA1, 0x5B, 0xFF}}},
	{{{897, -2446, -1249}, 0, {2536, 467}, {0xF6, 0xA1, 0x5B, 0xFF}}},
	{{{930, -2038, -1207}, 0, {2441, -520}, {0xF6, 0xA1, 0x5B, 0xFF}}},
	{{{1090, -2446, -1088}, 0, {2114, 467}, {0xF6, 0xA1, 0x5B, 0xFF}}},
	{{{1089, -2038, -1087}, 0, {2106, -520}, {0xF6, 0xA1, 0x5B, 0xFF}}},
	{{{1252, -2446, -891}, 0, {1686, 467}, {0xF6, 0xA1, 0x5B, 0xFF}}},
	{{{1213, -2038, -921}, 0, {1756, -520}, {0xF6, 0xA1, 0x5B, 0xFF}}},
	{{{1242, -2035, -892}, 0, {1687, -520}, {0xF6, 0xA1, 0x5B, 0xFF}}},
	{{{1492, -2446, -626}, 0, {1115, 467}, {0xF6, 0xA1, 0x5B, 0xFF}}},
	{{{1492, -2022, -627}, 0, {1105, -520}, {0xF6, 0xA1, 0x5B, 0xFF}}},
	{{{1510, -2035, -239}, 0, {483, -520}, {0xF6, 0xA1, 0x5B, 0xFF}}},
	{{{1516, -2446, -250}, 0, {510, 467}, {0xF6, 0xA1, 0x5B, 0xFF}}},
	{{{1511, -2038, -197}, 0, {412, -520}, {0xF6, 0xA1, 0x5B, 0xFF}}},
	{{{1541, -2446, 0}, 0, {88, 467}, {0xF6, 0xA1, 0x5B, 0xFF}}},
	{{{1539, -2038, 0}, 0, {78, -520}, {0xF6, 0xA1, 0x5B, 0xFF}}},
	{{{1516, -2446, 250}, 0, {-334, 467}, {0xF6, 0xA1, 0x5B, 0xFF}}},
	{{{1511, -2038, 197}, 0, {-256, -520}, {0xF6, 0xA1, 0x5B, 0xFF}}},
	{{{1510, -2035, 239}, 0, {-327, -520}, {0xF6, 0xA1, 0x5B, 0xFF}}},
	{{{1492, -2022, 627}, 0, {-948, -520}, {0xF6, 0xA1, 0x5B, 0xFF}}},
	{{{1492, -2446, 626}, 0, {-939, 467}, {0xF6, 0xA1, 0x5B, 0xFF}}},
	{{{1252, -2446, 891}, 0, {-1510, 467}, {0xF6, 0xA1, 0x5B, 0xFF}}},
	{{{1242, -2035, 892}, 0, {-1528, -520}, {0xF6, 0xA1, 0x5B, 0xFF}}},
	{{{1213, -2038, 921}, 0, {-1597, -520}, {0xF6, 0xA1, 0x5B, 0xFF}}},
	{{{1089, -2038, 1087}, 0, {-1944, -520}, {0xF6, 0xA1, 0x5B, 0xFF}}},
	{{{1090, -2446, 1088}, 0, {-1939, 467}, {0xF6, 0xA1, 0x5B, 0xFF}}},
	{{{897, -2446, 1249}, 0, {-2361, 467}, {0xF6, 0xA1, 0x5B, 0xFF}}},
	{{{930, -2038, 1207}, 0, {-2279, -520}, {0xF6, 0xA1, 0x5B, 0xFF}}},
	{{{900, -2035, 1237}, 0, {-2349, -520}, {0xF6, 0xA1, 0x5B, 0xFF}}},
	{{{900, -2035, 1237}, 0, {-2349, -520}, {0xF6, 0xA1, 0x5B, 0xFF}}},
	{{{614, -2446, 1502}, 0, {-2968, 467}, {0xF6, 0xA1, 0x5B, 0xFF}}},
	{{{897, -2446, 1249}, 0, {-2361, 467}, {0xF6, 0xA1, 0x5B, 0xFF}}},
	{{{614, -2022, 1502}, 0, {-2970, -520}, {0xF6, 0xA1, 0x5B, 0xFF}}},
	{{{227, -2446, 1522}, 0, {-3589, 467}, {0xF6, 0xA1, 0x5B, 0xFF}}},
	{{{213, -2035, 1516}, 0, {-3610, -520}, {0xF6, 0xA1, 0x5B, 0xFF}}},
	{{{172, -2038, 1516}, 0, {-3678, -520}, {0xF6, 0xA1, 0x5B, 0xFF}}},
	{{{0, -2038, 1540}, 0, {-3969, -520}, {0xF6, 0xA1, 0x5B, 0xFF}}},
	{{{0, -2446, 1542}, 0, {-3972, 467}, {0xF6, 0xA1, 0x5B, 0xFF}}},
	{{{-172, -2038, 1516}, 0, {-4260, -520}, {0xF6, 0xA1, 0x5B, 0xFF}}},
	{{{-227, -2446, 1522}, 0, {-4355, 467}, {0xF6, 0xA1, 0x5B, 0xFF}}},
	{{{-213, -2035, 1516}, 0, {-4329, -520}, {0xF6, 0xA1, 0x5B, 0xFF}}},
	{{{-614, -2446, 1502}, 0, {-4975, 467}, {0xF6, 0xA1, 0x5B, 0xFF}}},
	{{{-614, -2022, 1502}, 0, {-4970, -520}, {0xF6, 0xA1, 0x5B, 0xFF}}},
	{{{-900, -2035, 1237}, 0, {-5591, -520}, {0xF6, 0xA1, 0x5B, 0xFF}}},
	{{{-897, -2446, 1249}, 0, {-5582, 467}, {0xF6, 0xA1, 0x5B, 0xFF}}},
	{{{-930, -2038, 1207}, 0, {-5661, -520}, {0xF6, 0xA1, 0x5B, 0xFF}}},
	{{{-1090, -2446, 1088}, 0, {-6004, 467}, {0xF6, 0xA1, 0x5B, 0xFF}}},
	{{{-1089, -2038, 1087}, 0, {-5996, -520}, {0xF6, 0xA1, 0x5B, 0xFF}}},
	{{{-1213, -2038, 921}, 0, {-6343, -520}, {0xF6, 0xA1, 0x5B, 0xFF}}},
	{{{-1252, -2446, 891}, 0, {-6433, 467}, {0xF6, 0xA1, 0x5B, 0xFF}}},
	{{{-1242, -2035, 892}, 0, {-6412, -520}, {0xF6, 0xA1, 0x5B, 0xFF}}},
	{{{-1492, -2022, 627}, 0, {-6994, -520}, {0xF6, 0xA1, 0x5B, 0xFF}}},
	{{{-1492, -2446, 626}, 0, {-7004, 467}, {0xF6, 0xA1, 0x5B, 0xFF}}},
	{{{-1516, -2446, 250}, 0, {-7609, 467}, {0xF6, 0xA1, 0x5B, 0xFF}}},
	{{{-1510, -2035, 239}, 0, {-7615, -520}, {0xF6, 0xA1, 0x5B, 0xFF}}},
	{{{916, -2887, -654}, 0, {12, 281}, {0xF6, 0xA1, 0x5B, 0xFF}}},
	{{{829, -2966, -828}, 0, {366, 474}, {0xF6, 0xA1, 0x5B, 0xFF}}},
	{{{806, -2887, -804}, 0, {372, 281}, {0xF6, 0xA1, 0x5B, 0xFF}}},
	{{{943, -2966, -672}, 0, {7, 474}, {0xF6, 0xA1, 0x5B, 0xFF}}},
	{{{810, -3615, -578}, 0, {-29, 3324}, {0xF6, 0xA1, 0x5B, 0xFF}}},
	{{{712, -3615, -711}, 0, {322, 3324}, {0xF6, 0xA1, 0x5B, 0xFF}}},
	{{{773, -4117, -551}, 0, {-49, 4848}, {0xF6, 0xA1, 0x5B, 0xFF}}},
	{{{680, -4117, -678}, 0, {298, 4848}, {0xF6, 0xA1, 0x5B, 0xFF}}},
	{{{867, -4138, -619}, 0, {-49, 4872}, {0xF6, 0xA1, 0x5B, 0xFF}}},
	{{{763, -4138, -761}, 0, {297, 4872}, {0xF6, 0xA1, 0x5B, 0xFF}}},
	{{{880, -4192, -628}, 0, {-49, 4902}, {0xF6, 0xA1, 0x5B, 0xFF}}},
	{{{774, -4192, -772}, 0, {297, 4902}, {0xF6, 0xA1, 0x5B, 0xFF}}},
	{{{884, -5288, -630}, 0, {-72, 6683}, {0xF6, 0xA1, 0x5B, 0xFF}}},
	{{{777, -5288, -776}, 0, {269, 6683}, {0xF6, 0xA1, 0x5B, 0xFF}}},
	{{{917, -6383, -654}, 0, {-95, 8464}, {0xF6, 0xA1, 0x5B, 0xFF}}},
	{{{806, -6383, -805}, 0, {241, 8464}, {0xF6, 0xA1, 0x5B, 0xFF}}},
	{{{-157, -2036, 1398}, 0, {126, 713}, {0xF6, 0xA1, 0x5B, 0xFF}}},
	{{{-172, -2038, 1516}, 0, {91, -34}, {0xF6, 0xA1, 0x5B, 0xFF}}},
	{{{0, -2038, 1540}, 0, {496, 24}, {0xF6, 0xA1, 0x5B, 0xFF}}},
	{{{0, -2036, 1420}, 0, {496, 766}, {0xF6, 0xA1, 0x5B, 0xFF}}},
	{{{172, -2038, 1516}, 0, {901, -34}, {0xF6, 0xA1, 0x5B, 0xFF}}},
	{{{157, -2036, 1398}, 0, {866, 713}, {0xF6, 0xA1, 0x5B, 0xFF}}},
	{{{157, -2128, 1398}, 0, {866, 713}, {0xF6, 0xA1, 0x5B, 0xFF}}},
	{{{181, -2128, 1394}, 0, {923, 704}, {0xF6, 0xA1, 0x5B, 0xFF}}},
	{{{181, -2036, 1394}, 0, {923, 704}, {0xF6, 0xA1, 0x5B, 0xFF}}},
	{{{183, -2010, 1394}, 0, {287, 217}, {0xF6, 0xA1, 0x5B, 0xFF}}},
	{{{198, -2013, 1511}, 0, {14, 224}, {0xF6, 0xA1, 0x5B, 0xFF}}},
	{{{172, -2038, 1516}, 0, {901, 990}, {0xF6, 0xA1, 0x5B, 0xFF}}},
	{{{184, -1844, 1395}, 0, {286, 841}, {0xF6, 0xA1, 0x5B, 0xFF}}},
	{{{199, -1844, 1510}, 0, {16, 841}, {0xF6, 0xA1, 0x5B, 0xFF}}},
	{{{-1118, -2036, 851}, 0, {-86, 449}, {0xF6, 0xA1, 0x5B, 0xFF}}},
	{{{-1213, -2038, 921}, 0, {714, 615}, {0xF6, 0xA1, 0x5B, 0xFF}}},
	{{{-1089, -2038, 1087}, 0, {1006, 1005}, {0xF6, 0xA1, 0x5B, 0xFF}}},
	{{{-1004, -2036, 1002}, 0, {181, 806}, {0xF6, 0xA1, 0x5B, 0xFF}}},
	{{{-1118, -2128, 851}, 0, {-86, 449}, {0xF6, 0xA1, 0x5B, 0xFF}}},
	{{{-1004, -2128, 1002}, 0, {181, 806}, {0xF6, 0xA1, 0x5B, 0xFF}}},
	{{{-859, -2036, 1112}, 0, {524, 1065}, {0xF6, 0xA1, 0x5B, 0xFF}}},
	{{{-930, -2038, 1207}, 0, {356, 263}, {0xF6, 0xA1, 0x5B, 0xFF}}},
	{{{-1004, -2036, 1002}, 0, {181, 806}, {0xF6, 0xA1, 0x5B, 0xFF}}},
	{{{-1089, -2038, 1087}, 0, {-18, -19}, {0xF6, 0xA1, 0x5B, 0xFF}}},
	{{{-930, -2038, 1207}, 0, {356, 263}, {0xF6, 0xA1, 0x5B, 0xFF}}},
	{{{-859, -2036, 1112}, 0, {524, 1065}, {0xF6, 0xA1, 0x5B, 0xFF}}},
	{{{-859, -2128, 1112}, 0, {524, 1065}, {0xF6, 0xA1, 0x5B, 0xFF}}},
	{{{-1004, -2128, 1002}, 0, {181, 806}, {0xF6, 0xA1, 0x5B, 0xFF}}},
	{{{-1139, -2887, 0}, 0, {496, 281}, {0xF6, 0xA1, 0x5B, 0xFF}}},
	{{{-1112, -2887, -180}, 0, {926, 281}, {0xF6, 0xA1, 0x5B, 0xFF}}},
	{{{-1143, -2966, -185}, 0, {925, 474}, {0xF6, 0xA1, 0x5B, 0xFF}}},
	{{{-1172, -2966, 0}, 0, {496, 474}, {0xF6, 0xA1, 0x5B, 0xFF}}},
	{{{-982, -3615, -159}, 0, {915, 3324}, {0xF6, 0xA1, 0x5B, 0xFF}}},
	{{{-1007, -3615, 0}, 0, {496, 3324}, {0xF6, 0xA1, 0x5B, 0xFF}}},
	{{{-937, -4117, -152}, 0, {909, 4848}, {0xF6, 0xA1, 0x5B, 0xFF}}},
	{{{-961, -4117, 0}, 0, {496, 4848}, {0xF6, 0xA1, 0x5B, 0xFF}}},
	{{{-1052, -4138, -170}, 0, {909, 4872}, {0xF6, 0xA1, 0x5B, 0xFF}}},
	{{{-1078, -4138, 0}, 0, {496, 4872}, {0xF6, 0xA1, 0x5B, 0xFF}}},
	{{{-1067, -4192, -173}, 0, {909, 4902}, {0xF6, 0xA1, 0x5B, 0xFF}}},
	{{{-1094, -4192, 0}, 0, {496, 4902}, {0xF6, 0xA1, 0x5B, 0xFF}}},
	{{{-1072, -5288, -173}, 0, {903, 6683}, {0xF6, 0xA1, 0x5B, 0xFF}}},
	{{{-1098, -5288, 0}, 0, {496, 6683}, {0xF6, 0xA1, 0x5B, 0xFF}}},
	{{{-1112, -6383, -180}, 0, {897, 8464}, {0xF6, 0xA1, 0x5B, 0xFF}}},
	{{{-1139, -6383, 0}, 0, {496, 8464}, {0xF6, 0xA1, 0x5B, 0xFF}}},
	{{{-1072, -5288, 173}, 0, {89, 6683}, {0xF6, 0xA1, 0x5B, 0xFF}}},
	{{{-1112, -6383, 180}, 0, {95, 8464}, {0xF6, 0xA1, 0x5B, 0xFF}}},
	{{{-1067, -4192, 173}, 0, {83, 4902}, {0xF6, 0xA1, 0x5B, 0xFF}}},
	{{{-1052, -4138, 170}, 0, {83, 4872}, {0xF6, 0xA1, 0x5B, 0xFF}}},
	{{{-937, -4117, 152}, 0, {83, 4848}, {0xF6, 0xA1, 0x5B, 0xFF}}},
	{{{-982, -3615, 159}, 0, {77, 3324}, {0xF6, 0xA1, 0x5B, 0xFF}}},
	{{{-1007, -3615, 0}, 0, {496, 3324}, {0xF6, 0xA1, 0x5B, 0xFF}}},
	{{{-1143, -2966, 185}, 0, {67, 474}, {0xF6, 0xA1, 0x5B, 0xFF}}},
	{{{-1112, -2887, 180}, 0, {66, 281}, {0xF6, 0xA1, 0x5B, 0xFF}}},
	{{{829, -2966, 828}, 0, {626, 474}, {0xF6, 0xA1, 0x5B, 0xFF}}},
	{{{916, -2887, 654}, 0, {980, 281}, {0xF6, 0xA1, 0x5B, 0xFF}}},
	{{{806, -2887, 804}, 0, {620, 281}, {0xF6, 0xA1, 0x5B, 0xFF}}},
	{{{943, -2966, 672}, 0, {985, 474}, {0xF6, 0xA1, 0x5B, 0xFF}}},
	{{{810, -3615, 578}, 0, {1021, 3324}, {0xF6, 0xA1, 0x5B, 0xFF}}},
	{{{712, -3615, 711}, 0, {670, 3324}, {0xF6, 0xA1, 0x5B, 0xFF}}},
	{{{773, -4117, 551}, 0, {1041, 4848}, {0xF6, 0xA1, 0x5B, 0xFF}}},
	{{{680, -4117, 678}, 0, {694, 4848}, {0xF6, 0xA1, 0x5B, 0xFF}}},
	{{{867, -4138, 619}, 0, {1041, 4872}, {0xF6, 0xA1, 0x5B, 0xFF}}},
	{{{763, -4138, 761}, 0, {695, 4872}, {0xF6, 0xA1, 0x5B, 0xFF}}},
	{{{774, -4192, 772}, 0, {695, 4902}, {0xF6, 0xA1, 0x5B, 0xFF}}},
	{{{880, -4192, 628}, 0, {1041, 4902}, {0xF6, 0xA1, 0x5B, 0xFF}}},
	{{{777, -5288, 776}, 0, {723, 6683}, {0xF6, 0xA1, 0x5B, 0xFF}}},
	{{{884, -5288, 630}, 0, {1064, 6683}, {0xF6, 0xA1, 0x5B, 0xFF}}},
	{{{806, -6383, 805}, 0, {751, 8464}, {0xF6, 0xA1, 0x5B, 0xFF}}},
	{{{917, -6383, 654}, 0, {1087, 8464}, {0xF6, 0xA1, 0x5B, 0xFF}}},
	{{{1389, -2036, 207}, 0, {8, 281}, {0xF6, 0xA1, 0x5B, 0xFF}}},
	{{{1389, -2128, 207}, 0, {8, 281}, {0xF6, 0xA1, 0x5B, 0xFF}}},
	{{{1304, -2128, 539}, 0, {253, 281}, {0xF6, 0xA1, 0x5B, 0xFF}}},
	{{{1304, -2036, 539}, 0, {253, 281}, {0xF6, 0xA1, 0x5B, 0xFF}}},
	{{{1389, -2010, 209}, 0, {4, 217}, {0xF6, 0xA1, 0x5B, 0xFF}}},
	{{{1305, -2010, 539}, 0, {251, 218}, {0xF6, 0xA1, 0x5B, 0xFF}}},
	{{{1307, -1843, 540}, 0, {249, 840}, {0xF6, 0xA1, 0x5B, 0xFF}}},
	{{{1390, -1844, 210}, 0, {1, 841}, {0xF6, 0xA1, 0x5B, 0xFF}}},
	{{{-836, -2036, 1128}, 0, {576, 281}, {0xF6, 0xA1, 0x5B, 0xFF}}},
	{{{-537, -2036, 1304}, 0, {1281, 281}, {0xF6, 0xA1, 0x5B, 0xFF}}},
	{{{-537, -2128, 1304}, 0, {1281, 281}, {0xF6, 0xA1, 0x5B, 0xFF}}},
	{{{-836, -2128, 1128}, 0, {576, 281}, {0xF6, 0xA1, 0x5B, 0xFF}}},
	{{{1389, -2036, -207}, 0, {984, 281}, {0xF6, 0xA1, 0x5B, 0xFF}}},
	{{{1304, -2128, -539}, 0, {739, 281}, {0xF6, 0xA1, 0x5B, 0xFF}}},
	{{{1389, -2128, -207}, 0, {984, 281}, {0xF6, 0xA1, 0x5B, 0xFF}}},
	{{{1304, -2036, -539}, 0, {739, 281}, {0xF6, 0xA1, 0x5B, 0xFF}}},
	{{{1389, -2010, -209}, 0, {988, 217}, {0xF6, 0xA1, 0x5B, 0xFF}}},
	{{{1389, -2010, -209}, 0, {988, 217}, {0xF6, 0xA1, 0x5B, 0xFF}}},
	{{{1305, -2010, -539}, 0, {741, 218}, {0xF6, 0xA1, 0x5B, 0xFF}}},
	{{{1304, -2036, -539}, 0, {739, 281}, {0xF6, 0xA1, 0x5B, 0xFF}}},
	{{{1390, -1844, -210}, 0, {991, 841}, {0xF6, 0xA1, 0x5B, 0xFF}}},
	{{{1307, -1843, -540}, 0, {743, 840}, {0xF6, 0xA1, 0x5B, 0xFF}}},
	{{{-836, -2036, -1128}, 0, {576, 281}, {0xF6, 0xA1, 0x5B, 0xFF}}},
	{{{-836, -2128, -1128}, 0, {576, 281}, {0xF6, 0xA1, 0x5B, 0xFF}}},
	{{{-537, -2128, -1304}, 0, {1281, 281}, {0xF6, 0xA1, 0x5B, 0xFF}}},
	{{{-537, -2036, -1304}, 0, {1281, 281}, {0xF6, 0xA1, 0x5B, 0xFF}}},
	{{{-835, -2010, -1130}, 0, {578, 217}, {0xF6, 0xA1, 0x5B, 0xFF}}},
	{{{-537, -2010, -1305}, 0, {1280, 218}, {0xF6, 0xA1, 0x5B, 0xFF}}},
	{{{-538, -1843, -1307}, 0, {1278, 840}, {0xF6, 0xA1, 0x5B, 0xFF}}},
	{{{-835, -1844, -1131}, 0, {579, 841}, {0xF6, 0xA1, 0x5B, 0xFF}}},
	{{{859, -2036, 1112}, 0, {468, 1065}, {0xF6, 0xA1, 0x5B, 0xFF}}},
	{{{1004, -2128, 1002}, 0, {811, 806}, {0xF6, 0xA1, 0x5B, 0xFF}}},
	{{{859, -2128, 1112}, 0, {468, 1065}, {0xF6, 0xA1, 0x5B, 0xFF}}},
	{{{1004, -2036, 1002}, 0, {811, 806}, {0xF6, 0xA1, 0x5B, 0xFF}}},
	{{{1089, -2038, 1087}, 0, {1010, -19}, {0xF6, 0xA1, 0x5B, 0xFF}}},
	{{{930, -2038, 1207}, 0, {636, 263}, {0xF6, 0xA1, 0x5B, 0xFF}}},
	{{{1118, -2128, 851}, 0, {1078, 449}, {0xF6, 0xA1, 0x5B, 0xFF}}},
	{{{1118, -2036, 851}, 0, {1078, 449}, {0xF6, 0xA1, 0x5B, 0xFF}}},
	{{{1213, -2038, 921}, 0, {278, 615}, {0xF6, 0xA1, 0x5B, 0xFF}}},
	{{{1089, -2038, 1087}, 0, {-14, 1005}, {0xF6, 0xA1, 0x5B, 0xFF}}},
	{{{836, -2036, 1128}, 0, {416, 78}, {0xF6, 0xA1, 0x5B, 0xFF}}},
	{{{859, -2036, 1112}, 0, {468, 41}, {0xF6, 0xA1, 0x5B, 0xFF}}},
	{{{859, -2128, 1112}, 0, {468, 41}, {0xF6, 0xA1, 0x5B, 0xFF}}},
	{{{836, -2128, 1128}, 0, {416, 78}, {0xF6, 0xA1, 0x5B, 0xFF}}},
	{{{-1389, -2036, -207}, 0, {984, 281}, {0xF6, 0xA1, 0x5B, 0xFF}}},
	{{{-1389, -2128, -207}, 0, {984, 281}, {0xF6, 0xA1, 0x5B, 0xFF}}},
	{{{-1304, -2128, -539}, 0, {739, 281}, {0xF6, 0xA1, 0x5B, 0xFF}}},
	{{{-1304, -2036, -539}, 0, {739, 281}, {0xF6, 0xA1, 0x5B, 0xFF}}},
	{{{-1389, -2010, -209}, 0, {988, 217}, {0xF6, 0xA1, 0x5B, 0xFF}}},
	{{{-1305, -2010, -539}, 0, {741, 218}, {0xF6, 0xA1, 0x5B, 0xFF}}},
	{{{-1307, -1843, -540}, 0, {743, 840}, {0xF6, 0xA1, 0x5B, 0xFF}}},
	{{{-1390, -1844, -210}, 0, {991, 841}, {0xF6, 0xA1, 0x5B, 0xFF}}},
	{{{836, -2036, -1128}, 0, {416, 281}, {0xF6, 0xA1, 0x5B, 0xFF}}},
	{{{537, -2128, -1304}, 0, {-289, 281}, {0xF6, 0xA1, 0x5B, 0xFF}}},
	{{{836, -2128, -1128}, 0, {416, 281}, {0xF6, 0xA1, 0x5B, 0xFF}}},
	{{{537, -2036, -1304}, 0, {-289, 281}, {0xF6, 0xA1, 0x5B, 0xFF}}},
	{{{835, -2010, -1130}, 0, {414, 217}, {0xF6, 0xA1, 0x5B, 0xFF}}},
	{{{537, -2010, -1305}, 0, {-288, 218}, {0xF6, 0xA1, 0x5B, 0xFF}}},
	{{{835, -1844, -1131}, 0, {413, 841}, {0xF6, 0xA1, 0x5B, 0xFF}}},
	{{{538, -1843, -1307}, 0, {-286, 840}, {0xF6, 0xA1, 0x5B, 0xFF}}},
	{{{1304, -2128, -539}, 0, {-285, 281}, {0xF6, 0xA1, 0x5B, 0xFF}}},
	{{{1135, -2036, -827}, 0, {393, 281}, {0xF6, 0xA1, 0x5B, 0xFF}}},
	{{{1135, -2128, -827}, 0, {393, 281}, {0xF6, 0xA1, 0x5B, 0xFF}}},
	{{{1304, -2036, -539}, 0, {-285, 281}, {0xF6, 0xA1, 0x5B, 0xFF}}},
	{{{1305, -2010, -539}, 0, {-283, 218}, {0xF6, 0xA1, 0x5B, 0xFF}}},
	{{{1136, -2010, -826}, 0, {391, 217}, {0xF6, 0xA1, 0x5B, 0xFF}}},
	{{{1307, -1843, -540}, 0, {-281, 840}, {0xF6, 0xA1, 0x5B, 0xFF}}},
	{{{1137, -1844, -826}, 0, {390, 841}, {0xF6, 0xA1, 0x5B, 0xFF}}},
	{{{169, -2966, 1147}, 0, {-137, 474}, {0xF6, 0xA1, 0x5B, 0xFF}}},
	{{{431, -2887, 1048}, 0, {504, 281}, {0xF6, 0xA1, 0x5B, 0xFF}}},
	{{{164, -2887, 1115}, 0, {-136, 281}, {0xF6, 0xA1, 0x5B, 0xFF}}},
	{{{444, -2966, 1078}, 0, {501, 474}, {0xF6, 0xA1, 0x5B, 0xFF}}},
	{{{381, -3615, 926}, 0, {477, 3324}, {0xF6, 0xA1, 0x5B, 0xFF}}},
	{{{145, -3615, 985}, 0, {-146, 3324}, {0xF6, 0xA1, 0x5B, 0xFF}}},
	{{{364, -4117, 884}, 0, {464, 4848}, {0xF6, 0xA1, 0x5B, 0xFF}}},
	{{{138, -4117, 940}, 0, {-151, 4848}, {0xF6, 0xA1, 0x5B, 0xFF}}},
	{{{408, -4138, 991}, 0, {464, 4872}, {0xF6, 0xA1, 0x5B, 0xFF}}},
	{{{155, -4138, 1055}, 0, {-151, 4872}, {0xF6, 0xA1, 0x5B, 0xFF}}},
	{{{157, -4192, 1070}, 0, {-151, 4902}, {0xF6, 0xA1, 0x5B, 0xFF}}},
	{{{414, -4192, 1006}, 0, {463, 4902}, {0xF6, 0xA1, 0x5B, 0xFF}}},
	{{{158, -5288, 1075}, 0, {-157, 6683}, {0xF6, 0xA1, 0x5B, 0xFF}}},
	{{{158, -5288, 1075}, 0, {-157, 6683}, {0xF6, 0xA1, 0x5B, 0xFF}}},
	{{{416, -5288, 1010}, 0, {448, 6683}, {0xF6, 0xA1, 0x5B, 0xFF}}},
	{{{414, -4192, 1006}, 0, {463, 4902}, {0xF6, 0xA1, 0x5B, 0xFF}}},
	{{{164, -6383, 1115}, 0, {-162, 8464}, {0xF6, 0xA1, 0x5B, 0xFF}}},
	{{{431, -6383, 1048}, 0, {433, 8464}, {0xF6, 0xA1, 0x5B, 0xFF}}},
	{{{636, -5288, 880}, 0, {965, 6683}, {0xF6, 0xA1, 0x5B, 0xFF}}},
	{{{660, -6383, 913}, 0, {942, 8464}, {0xF6, 0xA1, 0x5B, 0xFF}}},
	{{{633, -4192, 876}, 0, {988, 4902}, {0xF6, 0xA1, 0x5B, 0xFF}}},
	{{{414, -4192, 1006}, 0, {463, 4902}, {0xF6, 0xA1, 0x5B, 0xFF}}},
	{{{624, -4138, 864}, 0, {988, 4872}, {0xF6, 0xA1, 0x5B, 0xFF}}},
	{{{408, -4138, 991}, 0, {464, 4872}, {0xF6, 0xA1, 0x5B, 0xFF}}},
	{{{364, -4117, 884}, 0, {464, 4848}, {0xF6, 0xA1, 0x5B, 0xFF}}},
	{{{556, -4117, 770}, 0, {988, 4848}, {0xF6, 0xA1, 0x5B, 0xFF}}},
	{{{381, -3615, 926}, 0, {477, 3324}, {0xF6, 0xA1, 0x5B, 0xFF}}},
	{{{583, -3615, 807}, 0, {1008, 3324}, {0xF6, 0xA1, 0x5B, 0xFF}}},
	{{{444, -2966, 1078}, 0, {501, 474}, {0xF6, 0xA1, 0x5B, 0xFF}}},
	{{{678, -2966, 939}, 0, {1045, 474}, {0xF6, 0xA1, 0x5B, 0xFF}}},
	{{{659, -2887, 913}, 0, {1049, 281}, {0xF6, 0xA1, 0x5B, 0xFF}}},
	{{{431, -2887, 1048}, 0, {504, 281}, {0xF6, 0xA1, 0x5B, 0xFF}}},
	{{{678, -2966, 939}, 0, {21, 474}, {0xF6, 0xA1, 0x5B, 0xFF}}},
	{{{806, -2887, 804}, 0, {376, 281}, {0xF6, 0xA1, 0x5B, 0xFF}}},
	{{{659, -2887, 913}, 0, {25, 281}, {0xF6, 0xA1, 0x5B, 0xFF}}},
	{{{829, -2966, 828}, 0, {370, 474}, {0xF6, 0xA1, 0x5B, 0xFF}}},
	{{{712, -3615, 711}, 0, {325, 3324}, {0xF6, 0xA1, 0x5B, 0xFF}}},
	{{{583, -3615, 807}, 0, {-16, 3324}, {0xF6, 0xA1, 0x5B, 0xFF}}},
	{{{680, -4117, 678}, 0, {301, 4848}, {0xF6, 0xA1, 0x5B, 0xFF}}},
	{{{556, -4117, 770}, 0, {-36, 4848}, {0xF6, 0xA1, 0x5B, 0xFF}}},
	{{{763, -4138, 761}, 0, {301, 4872}, {0xF6, 0xA1, 0x5B, 0xFF}}},
	{{{624, -4138, 864}, 0, {-36, 4872}, {0xF6, 0xA1, 0x5B, 0xFF}}},
	{{{633, -4192, 876}, 0, {-36, 4902}, {0xF6, 0xA1, 0x5B, 0xFF}}},
	{{{774, -4192, 772}, 0, {301, 4902}, {0xF6, 0xA1, 0x5B, 0xFF}}},
	{{{636, -5288, 880}, 0, {-59, 6683}, {0xF6, 0xA1, 0x5B, 0xFF}}},
	{{{777, -5288, 776}, 0, {273, 6683}, {0xF6, 0xA1, 0x5B, 0xFF}}},
	{{{660, -6383, 913}, 0, {-82, 8464}, {0xF6, 0xA1, 0x5B, 0xFF}}},
	{{{806, -6383, 805}, 0, {245, 8464}, {0xF6, 0xA1, 0x5B, 0xFF}}},
	{{{943, -2966, 672}, 0, {-39, 474}, {0xF6, 0xA1, 0x5B, 0xFF}}},
	{{{1048, -2887, 433}, 0, {484, 281}, {0xF6, 0xA1, 0x5B, 0xFF}}},
	{{{916, -2887, 654}, 0, {-44, 281}, {0xF6, 0xA1, 0x5B, 0xFF}}},
	{{{1078, -2966, 445}, 0, {487, 474}, {0xF6, 0xA1, 0x5B, 0xFF}}},
	{{{926, -3615, 383}, 0, {512, 3324}, {0xF6, 0xA1, 0x5B, 0xFF}}},
	{{{810, -3615, 578}, 0, {-3, 3324}, {0xF6, 0xA1, 0x5B, 0xFF}}},
	{{{884, -4117, 365}, 0, {524, 4848}, {0xF6, 0xA1, 0x5B, 0xFF}}},
	{{{773, -4117, 551}, 0, {17, 4848}, {0xF6, 0xA1, 0x5B, 0xFF}}},
	{{{992, -4138, 410}, 0, {525, 4872}, {0xF6, 0xA1, 0x5B, 0xFF}}},
	{{{867, -4138, 619}, 0, {17, 4872}, {0xF6, 0xA1, 0x5B, 0xFF}}},
	{{{880, -4192, 628}, 0, {17, 4902}, {0xF6, 0xA1, 0x5B, 0xFF}}},
	{{{1006, -4192, 416}, 0, {525, 4902}, {0xF6, 0xA1, 0x5B, 0xFF}}},
	{{{884, -5288, 630}, 0, {40, 6683}, {0xF6, 0xA1, 0x5B, 0xFF}}},
	{{{1011, -5288, 418}, 0, {540, 6683}, {0xF6, 0xA1, 0x5B, 0xFF}}},
	{{{917, -6383, 654}, 0, {63, 8464}, {0xF6, 0xA1, 0x5B, 0xFF}}},
	{{{1048, -6383, 433}, 0, {555, 8464}, {0xF6, 0xA1, 0x5B, 0xFF}}},
	{{{1072, -5288, 173}, 0, {1113, 6683}, {0xF6, 0xA1, 0x5B, 0xFF}}},
	{{{1112, -6383, 180}, 0, {1119, 8464}, {0xF6, 0xA1, 0x5B, 0xFF}}},
	{{{1067, -4192, 173}, 0, {1107, 4902}, {0xF6, 0xA1, 0x5B, 0xFF}}},
	{{{1052, -4138, 170}, 0, {1107, 4872}, {0xF6, 0xA1, 0x5B, 0xFF}}},
	{{{884, -4117, 365}, 0, {524, 4848}, {0xF6, 0xA1, 0x5B, 0xFF}}},
	{{{937, -4117, 152}, 0, {1107, 4848}, {0xF6, 0xA1, 0x5B, 0xFF}}},
	{{{982, -3615, 159}, 0, {1101, 3324}, {0xF6, 0xA1, 0x5B, 0xFF}}},
	{{{1143, -2966, 185}, 0, {1091, 474}, {0xF6, 0xA1, 0x5B, 0xFF}}},
	{{{1112, -2887, 180}, 0, {1090, 281}, {0xF6, 0xA1, 0x5B, 0xFF}}},
	{{{1143, -2966, 185}, 0, {67, 474}, {0xF6, 0xA1, 0x5B, 0xFF}}},
	{{{1139, -2887, 0}, 0, {496, 281}, {0xF6, 0xA1, 0x5B, 0xFF}}},
	{{{1112, -2887, 180}, 0, {66, 281}, {0xF6, 0xA1, 0x5B, 0xFF}}},
	{{{1172, -2966, 0}, 0, {496, 474}, {0xF6, 0xA1, 0x5B, 0xFF}}},
	{{{1007, -3615, 0}, 0, {496, 3324}, {0xF6, 0xA1, 0x5B, 0xFF}}},
	{{{1172, -2966, 0}, 0, {496, 474}, {0xF6, 0xA1, 0x5B, 0xFF}}},
	{{{1143, -2966, 185}, 0, {67, 474}, {0xF6, 0xA1, 0x5B, 0xFF}}},
	{{{982, -3615, 159}, 0, {77, 3324}, {0xF6, 0xA1, 0x5B, 0xFF}}},
	{{{961, -4117, 0}, 0, {496, 4848}, {0xF6, 0xA1, 0x5B, 0xFF}}},
	{{{937, -4117, 152}, 0, {83, 4848}, {0xF6, 0xA1, 0x5B, 0xFF}}},
	{{{1078, -4138, 0}, 0, {496, 4872}, {0xF6, 0xA1, 0x5B, 0xFF}}},
	{{{1052, -4138, 170}, 0, {83, 4872}, {0xF6, 0xA1, 0x5B, 0xFF}}},
	{{{1067, -4192, 173}, 0, {83, 4902}, {0xF6, 0xA1, 0x5B, 0xFF}}},
	{{{1094, -4192, 0}, 0, {496, 4902}, {0xF6, 0xA1, 0x5B, 0xFF}}},
	{{{1072, -5288, 173}, 0, {89, 6683}, {0xF6, 0xA1, 0x5B, 0xFF}}},
	{{{1098, -5288, 0}, 0, {496, 6683}, {0xF6, 0xA1, 0x5B, 0xFF}}},
	{{{1112, -6383, 180}, 0, {95, 8464}, {0xF6, 0xA1, 0x5B, 0xFF}}},
	{{{1139, -6383, 0}, 0, {496, 8464}, {0xF6, 0xA1, 0x5B, 0xFF}}},
	{{{1072, -5288, -173}, 0, {903, 6683}, {0xF6, 0xA1, 0x5B, 0xFF}}},
	{{{1112, -6383, -180}, 0, {897, 8464}, {0xF6, 0xA1, 0x5B, 0xFF}}},
	{{{1067, -4192, -173}, 0, {909, 4902}, {0xF6, 0xA1, 0x5B, 0xFF}}},
	{{{1094, -4192, 0}, 0, {496, 4902}, {0xF6, 0xA1, 0x5B, 0xFF}}},
	{{{1052, -4138, -170}, 0, {909, 4872}, {0xF6, 0xA1, 0x5B, 0xFF}}},
	{{{937, -4117, -152}, 0, {909, 4848}, {0xF6, 0xA1, 0x5B, 0xFF}}},
	{{{982, -3615, -159}, 0, {915, 3324}, {0xF6, 0xA1, 0x5B, 0xFF}}},
	{{{1007, -3615, 0}, 0, {496, 3324}, {0xF6, 0xA1, 0x5B, 0xFF}}},
	{{{1143, -2966, -185}, 0, {925, 474}, {0xF6, 0xA1, 0x5B, 0xFF}}},
	{{{1139, -2887, 0}, 0, {496, 281}, {0xF6, 0xA1, 0x5B, 0xFF}}},
	{{{1112, -2887, -180}, 0, {926, 281}, {0xF6, 0xA1, 0x5B, 0xFF}}},
	{{{835, -1844, 1131}, 0, {908, 841}, {0xF6, 0xA1, 0x5B, 0xFF}}},
	{{{904, -1844, 1224}, 0, {689, 841}, {0xF6, 0xA1, 0x5B, 0xFF}}},
	{{{905, -2013, 1224}, 0, {689, 224}, {0xF6, 0xA1, 0x5B, 0xFF}}},
	{{{835, -2010, 1130}, 0, {911, 217}, {0xF6, 0xA1, 0x5B, 0xFF}}},
	{{{930, -2038, 1207}, 0, {636, 263}, {0xF6, 0xA1, 0x5B, 0xFF}}},
	{{{859, -2036, 1112}, 0, {468, 41}, {0xF6, 0xA1, 0x5B, 0xFF}}},
	{{{836, -2036, 1128}, 0, {914, 281}, {0xF6, 0xA1, 0x5B, 0xFF}}},
	{{{1390, -1844, 210}, 0, {694, 991}, {0xF6, 0xA1, 0x5B, 0xFF}}},
	{{{1307, -1843, 540}, 0, {500, 743}, {0xF6, 0xA1, 0x5B, 0xFF}}},
	{{{1490, -1827, 626}, 0, {930, 945}, {0xF6, 0xA1, 0x5B, 0xFF}}},
	{{{1504, -1844, 227}, 0, {963, 7}, {0xF6, 0xA1, 0x5B, 0xFF}}},
	{{{-614, -1827, -1500}, 0, {484, 472}, {0xF6, 0xA1, 0x5B, 0xFF}}},
	{{{-199, -1844, -1510}, 0, {1254, 435}, {0xF6, 0xA1, 0x5B, 0xFF}}},
	{{{-198, -2013, -1511}, 0, {1259, 33}, {0xF6, 0xA1, 0x5B, 0xFF}}},
	{{{-614, -2022, -1502}, 0, {484, 6}, {0xF6, 0xA1, 0x5B, 0xFF}}},
	{{{-213, -2035, -1516}, 0, {1230, -22}, {0xF6, 0xA1, 0x5B, 0xFF}}},
	{{{-904, -1844, -1224}, 0, {-259, 435}, {0xF6, 0xA1, 0x5B, 0xFF}}},
	{{{-905, -2013, -1224}, 0, {-265, 33}, {0xF6, 0xA1, 0x5B, 0xFF}}},
	{{{-900, -2035, -1237}, 0, {-240, -22}, {0xF6, 0xA1, 0x5B, 0xFF}}},
	{{{1137, -1844, 826}, 0, {602, 841}, {0xF6, 0xA1, 0x5B, 0xFF}}},
	{{{1307, -1843, 540}, 0, {1273, 840}, {0xF6, 0xA1, 0x5B, 0xFF}}},
	{{{1305, -2010, 539}, 0, {1275, 218}, {0xF6, 0xA1, 0x5B, 0xFF}}},
	{{{1136, -2010, 826}, 0, {601, 217}, {0xF6, 0xA1, 0x5B, 0xFF}}},
	{{{1304, -2036, 539}, 0, {1277, 281}, {0xF6, 0xA1, 0x5B, 0xFF}}},
	{{{1135, -2036, 827}, 0, {599, 281}, {0xF6, 0xA1, 0x5B, 0xFF}}},
	{{{1304, -2128, 539}, 0, {1277, 281}, {0xF6, 0xA1, 0x5B, 0xFF}}},
	{{{1135, -2128, 827}, 0, {599, 281}, {0xF6, 0xA1, 0x5B, 0xFF}}},
	{{{181, -2036, 1394}, 0, {923, 281}, {0xF6, 0xA1, 0x5B, 0xFF}}},
	{{{537, -2128, 1304}, 0, {735, 281}, {0xF6, 0xA1, 0x5B, 0xFF}}},
	{{{181, -2128, 1394}, 0, {923, 281}, {0xF6, 0xA1, 0x5B, 0xFF}}},
	{{{537, -2036, 1304}, 0, {735, 281}, {0xF6, 0xA1, 0x5B, 0xFF}}},
	{{{183, -2010, 1394}, 0, {926, 217}, {0xF6, 0xA1, 0x5B, 0xFF}}},
	{{{537, -2010, 1305}, 0, {736, 218}, {0xF6, 0xA1, 0x5B, 0xFF}}},
	{{{184, -1844, 1395}, 0, {929, 841}, {0xF6, 0xA1, 0x5B, 0xFF}}},
	{{{538, -1843, 1307}, 0, {738, 840}, {0xF6, 0xA1, 0x5B, 0xFF}}},
	{{{1136, -2010, 826}, 0, {96, 217}, {0xF6, 0xA1, 0x5B, 0xFF}}},
	{{{1231, -1844, 894}, 0, {319, 841}, {0xF6, 0xA1, 0x5B, 0xFF}}},
	{{{1137, -1844, 826}, 0, {99, 841}, {0xF6, 0xA1, 0x5B, 0xFF}}},
	{{{1230, -2013, 895}, 0, {319, 224}, {0xF6, 0xA1, 0x5B, 0xFF}}},
	{{{1118, -2036, 851}, 0, {54, 449}, {0xF6, 0xA1, 0x5B, 0xFF}}},
	{{{1230, -2013, 895}, 0, {319, 224}, {0xF6, 0xA1, 0x5B, 0xFF}}},
	{{{1136, -2010, 826}, 0, {96, 217}, {0xF6, 0xA1, 0x5B, 0xFF}}},
	{{{1135, -2036, 827}, 0, {93, 393}, {0xF6, 0xA1, 0x5B, 0xFF}}},
	{{{1135, -2128, 827}, 0, {93, 393}, {0xF6, 0xA1, 0x5B, 0xFF}}},
	{{{1118, -2128, 851}, 0, {54, 449}, {0xF6, 0xA1, 0x5B, 0xFF}}},
	{{{1213, -2038, 921}, 0, {278, 615}, {0xF6, 0xA1, 0x5B, 0xFF}}},
	{{{-1389, -2036, -207}, 0, {300, 281}, {0xF6, 0xA1, 0x5B, 0xFF}}},
	{{{-1389, -2010, -209}, 0, {300, 217}, {0xF6, 0xA1, 0x5B, 0xFF}}},
	{{{-1394, -2036, -180}, 0, {289, 72}, {0xF6, 0xA1, 0x5B, 0xFF}}},
	{{{-1511, -2038, -197}, 0, {13, 1057}, {0xF6, 0xA1, 0x5B, 0xFF}}},
	{{{-1505, -2013, -226}, 0, {27, 224}, {0xF6, 0xA1, 0x5B, 0xFF}}},
	{{{-1504, -1844, -227}, 0, {29, 841}, {0xF6, 0xA1, 0x5B, 0xFF}}},
	{{{-1390, -1844, -210}, 0, {298, 841}, {0xF6, 0xA1, 0x5B, 0xFF}}},
	{{{1492, -2022, 627}, 0, {523, 1540}, {0xF6, 0xA1, 0x5B, 0xFF}}},
	{{{1510, -2035, 239}, 0, {-239, 1511}, {0xF6, 0xA1, 0x5B, 0xFF}}},
	{{{1505, -2013, 226}, 0, {-265, 1565}, {0xF6, 0xA1, 0x5B, 0xFF}}},
	{{{1504, -1844, 227}, 0, {-260, 1966}, {0xF6, 0xA1, 0x5B, 0xFF}}},
	{{{1490, -1827, 626}, 0, {523, 2004}, {0xF6, 0xA1, 0x5B, 0xFF}}},
	{{{1230, -2013, 895}, 0, {1259, 1567}, {0xF6, 0xA1, 0x5B, 0xFF}}},
	{{{1231, -1844, 894}, 0, {1255, 1968}, {0xF6, 0xA1, 0x5B, 0xFF}}},
	{{{1242, -2035, 892}, 0, {1239, 1511}, {0xF6, 0xA1, 0x5B, 0xFF}}},
	{{{538, -1843, 1307}, 0, {-286, 840}, {0xF6, 0xA1, 0x5B, 0xFF}}},
	{{{835, -1844, 1131}, 0, {413, 841}, {0xF6, 0xA1, 0x5B, 0xFF}}},
	{{{835, -2010, 1130}, 0, {414, 217}, {0xF6, 0xA1, 0x5B, 0xFF}}},
	{{{537, -2010, 1305}, 0, {-288, 218}, {0xF6, 0xA1, 0x5B, 0xFF}}},
	{{{537, -2036, 1304}, 0, {-289, 281}, {0xF6, 0xA1, 0x5B, 0xFF}}},
	{{{836, -2036, 1128}, 0, {416, 281}, {0xF6, 0xA1, 0x5B, 0xFF}}},
	{{{836, -2128, 1128}, 0, {416, 281}, {0xF6, 0xA1, 0x5B, 0xFF}}},
	{{{537, -2128, 1304}, 0, {-289, 281}, {0xF6, 0xA1, 0x5B, 0xFF}}},
	{{{1490, -1827, 626}, 0, {930, -79}, {0xF6, 0xA1, 0x5B, 0xFF}}},
	{{{1307, -1843, 540}, 0, {500, -281}, {0xF6, 0xA1, 0x5B, 0xFF}}},
	{{{1137, -1844, 826}, 0, {99, 390}, {0xF6, 0xA1, 0x5B, 0xFF}}},
	{{{1231, -1844, 894}, 0, {319, 551}, {0xF6, 0xA1, 0x5B, 0xFF}}},
	{{{614, -1827, 1500}, 0, {916, -71}, {0xF6, 0xA1, 0x5B, 0xFF}}},
	{{{538, -1843, 1307}, 0, {738, 499}, {0xF6, 0xA1, 0x5B, 0xFF}}},
	{{{184, -1844, 1395}, 0, {929, 706}, {0xF6, 0xA1, 0x5B, 0xFF}}},
	{{{199, -1844, 1510}, 0, {964, 976}, {0xF6, 0xA1, 0x5B, 0xFF}}},
	{{{835, -1844, 1131}, 0, {413, 84}, {0xF6, 0xA1, 0x5B, 0xFF}}},
	{{{538, -1843, 1307}, 0, {-286, 499}, {0xF6, 0xA1, 0x5B, 0xFF}}},
	{{{614, -1827, 1500}, 0, {-108, 953}, {0xF6, 0xA1, 0x5B, 0xFF}}},
	{{{904, -1844, 1224}, 0, {575, 303}, {0xF6, 0xA1, 0x5B, 0xFF}}},
	{{{-1118, -2036, -851}, 0, {938, 543}, {0xF6, 0xA1, 0x5B, 0xFF}}},
	{{{-1135, -2128, -827}, 0, {899, 599}, {0xF6, 0xA1, 0x5B, 0xFF}}},
	{{{-1118, -2128, -851}, 0, {938, 543}, {0xF6, 0xA1, 0x5B, 0xFF}}},
	{{{-1135, -2036, -827}, 0, {899, 599}, {0xF6, 0xA1, 0x5B, 0xFF}}},
	{{{-1136, -2010, -826}, 0, {896, 217}, {0xF6, 0xA1, 0x5B, 0xFF}}},
	{{{-1230, -2013, -895}, 0, {673, 224}, {0xF6, 0xA1, 0x5B, 0xFF}}},
	{{{-1213, -2038, -921}, 0, {714, 377}, {0xF6, 0xA1, 0x5B, 0xFF}}},
	{{{-1231, -1844, -894}, 0, {673, 841}, {0xF6, 0xA1, 0x5B, 0xFF}}},
	{{{-1137, -1844, -826}, 0, {893, 841}, {0xF6, 0xA1, 0x5B, 0xFF}}},
	{{{1135, -2036, -827}, 0, {93, 599}, {0xF6, 0xA1, 0x5B, 0xFF}}},
	{{{1118, -2128, -851}, 0, {54, 543}, {0xF6, 0xA1, 0x5B, 0xFF}}},
	{{{1135, -2128, -827}, 0, {93, 599}, {0xF6, 0xA1, 0x5B, 0xFF}}},
	{{{1118, -2036, -851}, 0, {54, 543}, {0xF6, 0xA1, 0x5B, 0xFF}}},
	{{{1136, -2010, -826}, 0, {96, 217}, {0xF6, 0xA1, 0x5B, 0xFF}}},
	{{{1213, -2038, -921}, 0, {278, 377}, {0xF6, 0xA1, 0x5B, 0xFF}}},
	{{{1230, -2013, -895}, 0, {319, 224}, {0xF6, 0xA1, 0x5B, 0xFF}}},
	{{{1231, -1844, -894}, 0, {319, 841}, {0xF6, 0xA1, 0x5B, 0xFF}}},
	{{{1137, -1844, -826}, 0, {99, 841}, {0xF6, 0xA1, 0x5B, 0xFF}}},
	{{{-181, -2036, -1394}, 0, {69, 281}, {0xF6, 0xA1, 0x5B, 0xFF}}},
	{{{-537, -2128, -1304}, 0, {257, 281}, {0xF6, 0xA1, 0x5B, 0xFF}}},
	{{{-181, -2128, -1394}, 0, {69, 281}, {0xF6, 0xA1, 0x5B, 0xFF}}},
	{{{-537, -2036, -1304}, 0, {257, 281}, {0xF6, 0xA1, 0x5B, 0xFF}}},
	{{{-183, -2010, -1394}, 0, {66, 217}, {0xF6, 0xA1, 0x5B, 0xFF}}},
	{{{-537, -2036, -1304}, 0, {257, 281}, {0xF6, 0xA1, 0x5B, 0xFF}}},
	{{{-181, -2036, -1394}, 0, {69, 281}, {0xF6, 0xA1, 0x5B, 0xFF}}},
	{{{-537, -2010, -1305}, 0, {256, 218}, {0xF6, 0xA1, 0x5B, 0xFF}}},
	{{{-184, -1844, -1395}, 0, {63, 841}, {0xF6, 0xA1, 0x5B, 0xFF}}},
	{{{-538, -1843, -1307}, 0, {254, 840}, {0xF6, 0xA1, 0x5B, 0xFF}}},
	{{{-1135, -2036, 827}, 0, {899, 393}, {0xF6, 0xA1, 0x5B, 0xFF}}},
	{{{-1118, -2036, 851}, 0, {938, 449}, {0xF6, 0xA1, 0x5B, 0xFF}}},
	{{{-1118, -2128, 851}, 0, {938, 449}, {0xF6, 0xA1, 0x5B, 0xFF}}},
	{{{-1135, -2128, 827}, 0, {899, 393}, {0xF6, 0xA1, 0x5B, 0xFF}}},
	{{{181, -2036, -1394}, 0, {923, 281}, {0xF6, 0xA1, 0x5B, 0xFF}}},
	{{{181, -2128, -1394}, 0, {923, 281}, {0xF6, 0xA1, 0x5B, 0xFF}}},
	{{{537, -2128, -1304}, 0, {735, 281}, {0xF6, 0xA1, 0x5B, 0xFF}}},
	{{{537, -2036, -1304}, 0, {735, 281}, {0xF6, 0xA1, 0x5B, 0xFF}}},
	{{{537, -2010, -1305}, 0, {736, 218}, {0xF6, 0xA1, 0x5B, 0xFF}}},
	{{{183, -2010, -1394}, 0, {926, 217}, {0xF6, 0xA1, 0x5B, 0xFF}}},
	{{{538, -1843, -1307}, 0, {738, 840}, {0xF6, 0xA1, 0x5B, 0xFF}}},
	{{{184, -1844, -1395}, 0, {929, 841}, {0xF6, 0xA1, 0x5B, 0xFF}}},
	{{{-829, -2966, -828}, 0, {366, 474}, {0xF6, 0xA1, 0x5B, 0xFF}}},
	{{{-916, -2887, -654}, 0, {12, 281}, {0xF6, 0xA1, 0x5B, 0xFF}}},
	{{{-806, -2887, -804}, 0, {372, 281}, {0xF6, 0xA1, 0x5B, 0xFF}}},
	{{{-943, -2966, -672}, 0, {7, 474}, {0xF6, 0xA1, 0x5B, 0xFF}}},
	{{{-810, -3615, -578}, 0, {-29, 3324}, {0xF6, 0xA1, 0x5B, 0xFF}}},
	{{{-712, -3615, -711}, 0, {322, 3324}, {0xF6, 0xA1, 0x5B, 0xFF}}},
	{{{-773, -4117, -551}, 0, {-49, 4848}, {0xF6, 0xA1, 0x5B, 0xFF}}},
	{{{-680, -4117, -678}, 0, {298, 4848}, {0xF6, 0xA1, 0x5B, 0xFF}}},
	{{{-867, -4138, -619}, 0, {-49, 4872}, {0xF6, 0xA1, 0x5B, 0xFF}}},
	{{{-763, -4138, -761}, 0, {297, 4872}, {0xF6, 0xA1, 0x5B, 0xFF}}},
	{{{-774, -4192, -772}, 0, {297, 4902}, {0xF6, 0xA1, 0x5B, 0xFF}}},
	{{{-880, -4192, -628}, 0, {-49, 4902}, {0xF6, 0xA1, 0x5B, 0xFF}}},
	{{{-777, -5288, -776}, 0, {269, 6683}, {0xF6, 0xA1, 0x5B, 0xFF}}},
	{{{-884, -5288, -630}, 0, {-72, 6683}, {0xF6, 0xA1, 0x5B, 0xFF}}},
	{{{-806, -6383, -805}, 0, {241, 8464}, {0xF6, 0xA1, 0x5B, 0xFF}}},
	{{{-917, -6383, -654}, 0, {-95, 8464}, {0xF6, 0xA1, 0x5B, 0xFF}}},
	{{{-169, -2966, -1147}, 0, {1129, 474}, {0xF6, 0xA1, 0x5B, 0xFF}}},
	{{{-431, -2887, -1048}, 0, {488, 281}, {0xF6, 0xA1, 0x5B, 0xFF}}},
	{{{-164, -2887, -1115}, 0, {1128, 281}, {0xF6, 0xA1, 0x5B, 0xFF}}},
	{{{-444, -2966, -1078}, 0, {491, 474}, {0xF6, 0xA1, 0x5B, 0xFF}}},
	{{{-381, -3615, -926}, 0, {515, 3324}, {0xF6, 0xA1, 0x5B, 0xFF}}},
	{{{-145, -3615, -985}, 0, {1138, 3324}, {0xF6, 0xA1, 0x5B, 0xFF}}},
	{{{-364, -4117, -884}, 0, {528, 4848}, {0xF6, 0xA1, 0x5B, 0xFF}}},
	{{{-138, -4117, -940}, 0, {1143, 4848}, {0xF6, 0xA1, 0x5B, 0xFF}}},
	{{{-408, -4138, -991}, 0, {528, 4872}, {0xF6, 0xA1, 0x5B, 0xFF}}},
	{{{-155, -4138, -1055}, 0, {1143, 4872}, {0xF6, 0xA1, 0x5B, 0xFF}}},
	{{{-157, -4192, -1070}, 0, {1143, 4902}, {0xF6, 0xA1, 0x5B, 0xFF}}},
	{{{-414, -4192, -1006}, 0, {529, 4902}, {0xF6, 0xA1, 0x5B, 0xFF}}},
	{{{-158, -5288, -1075}, 0, {1149, 6683}, {0xF6, 0xA1, 0x5B, 0xFF}}},
	{{{-416, -5288, -1010}, 0, {544, 6683}, {0xF6, 0xA1, 0x5B, 0xFF}}},
	{{{-164, -6383, -1115}, 0, {1154, 8464}, {0xF6, 0xA1, 0x5B, 0xFF}}},
	{{{-431, -6383, -1048}, 0, {559, 8464}, {0xF6, 0xA1, 0x5B, 0xFF}}},
	{{{-636, -5288, -880}, 0, {27, 6683}, {0xF6, 0xA1, 0x5B, 0xFF}}},
	{{{-660, -6383, -913}, 0, {50, 8464}, {0xF6, 0xA1, 0x5B, 0xFF}}},
	{{{-633, -4192, -876}, 0, {4, 4902}, {0xF6, 0xA1, 0x5B, 0xFF}}},
	{{{-414, -4192, -1006}, 0, {529, 4902}, {0xF6, 0xA1, 0x5B, 0xFF}}},
	{{{-624, -4138, -864}, 0, {4, 4872}, {0xF6, 0xA1, 0x5B, 0xFF}}},
	{{{-364, -4117, -884}, 0, {528, 4848}, {0xF6, 0xA1, 0x5B, 0xFF}}},
	{{{-556, -4117, -770}, 0, {4, 4848}, {0xF6, 0xA1, 0x5B, 0xFF}}},
	{{{-583, -3615, -807}, 0, {-16, 3324}, {0xF6, 0xA1, 0x5B, 0xFF}}},
	{{{-678, -2966, -939}, 0, {-53, 474}, {0xF6, 0xA1, 0x5B, 0xFF}}},
	{{{-659, -2887, -913}, 0, {-57, 281}, {0xF6, 0xA1, 0x5B, 0xFF}}},
	{{{-678, -2966, -939}, 0, {971, 474}, {0xF6, 0xA1, 0x5B, 0xFF}}},
	{{{-806, -2887, -804}, 0, {616, 281}, {0xF6, 0xA1, 0x5B, 0xFF}}},
	{{{-659, -2887, -913}, 0, {967, 281}, {0xF6, 0xA1, 0x5B, 0xFF}}},
	{{{-829, -2966, -828}, 0, {622, 474}, {0xF6, 0xA1, 0x5B, 0xFF}}},
	{{{-678, -2966, -939}, 0, {971, 474}, {0xF6, 0xA1, 0x5B, 0xFF}}},
	{{{-712, -3615, -711}, 0, {667, 3324}, {0xF6, 0xA1, 0x5B, 0xFF}}},
	{{{-829, -2966, -828}, 0, {622, 474}, {0xF6, 0xA1, 0x5B, 0xFF}}},
	{{{-583, -3615, -807}, 0, {1008, 3324}, {0xF6, 0xA1, 0x5B, 0xFF}}},
	{{{-680, -4117, -678}, 0, {691, 4848}, {0xF6, 0xA1, 0x5B, 0xFF}}},
	{{{-556, -4117, -770}, 0, {1028, 4848}, {0xF6, 0xA1, 0x5B, 0xFF}}},
	{{{-763, -4138, -761}, 0, {691, 4872}, {0xF6, 0xA1, 0x5B, 0xFF}}},
	{{{-624, -4138, -864}, 0, {1028, 4872}, {0xF6, 0xA1, 0x5B, 0xFF}}},
	{{{-633, -4192, -876}, 0, {1028, 4902}, {0xF6, 0xA1, 0x5B, 0xFF}}},
	{{{-774, -4192, -772}, 0, {691, 4902}, {0xF6, 0xA1, 0x5B, 0xFF}}},
	{{{-636, -5288, -880}, 0, {1051, 6683}, {0xF6, 0xA1, 0x5B, 0xFF}}},
	{{{-777, -5288, -776}, 0, {719, 6683}, {0xF6, 0xA1, 0x5B, 0xFF}}},
	{{{-660, -6383, -913}, 0, {1074, 8464}, {0xF6, 0xA1, 0x5B, 0xFF}}},
	{{{-806, -6383, -805}, 0, {747, 8464}, {0xF6, 0xA1, 0x5B, 0xFF}}},
	{{{-943, -2966, -672}, 0, {1031, 474}, {0xF6, 0xA1, 0x5B, 0xFF}}},
	{{{-1048, -2887, -433}, 0, {508, 281}, {0xF6, 0xA1, 0x5B, 0xFF}}},
	{{{-916, -2887, -654}, 0, {1036, 281}, {0xF6, 0xA1, 0x5B, 0xFF}}},
	{{{-1078, -2966, -445}, 0, {505, 474}, {0xF6, 0xA1, 0x5B, 0xFF}}},
	{{{-926, -3615, -383}, 0, {480, 3324}, {0xF6, 0xA1, 0x5B, 0xFF}}},
	{{{-810, -3615, -578}, 0, {995, 3324}, {0xF6, 0xA1, 0x5B, 0xFF}}},
	{{{-884, -4117, -365}, 0, {468, 4848}, {0xF6, 0xA1, 0x5B, 0xFF}}},
	{{{-773, -4117, -551}, 0, {975, 4848}, {0xF6, 0xA1, 0x5B, 0xFF}}},
	{{{-992, -4138, -410}, 0, {467, 4872}, {0xF6, 0xA1, 0x5B, 0xFF}}},
	{{{-867, -4138, -619}, 0, {975, 4872}, {0xF6, 0xA1, 0x5B, 0xFF}}},
	{{{-880, -4192, -628}, 0, {975, 4902}, {0xF6, 0xA1, 0x5B, 0xFF}}},
	{{{-1006, -4192, -416}, 0, {467, 4902}, {0xF6, 0xA1, 0x5B, 0xFF}}},
	{{{-884, -5288, -630}, 0, {952, 6683}, {0xF6, 0xA1, 0x5B, 0xFF}}},
	{{{-1011, -5288, -418}, 0, {452, 6683}, {0xF6, 0xA1, 0x5B, 0xFF}}},
	{{{-917, -6383, -654}, 0, {929, 8464}, {0xF6, 0xA1, 0x5B, 0xFF}}},
	{{{-1048, -6383, -433}, 0, {437, 8464}, {0xF6, 0xA1, 0x5B, 0xFF}}},
	{{{-1072, -5288, -173}, 0, {-121, 6683}, {0xF6, 0xA1, 0x5B, 0xFF}}},
	{{{-1112, -6383, -180}, 0, {-127, 8464}, {0xF6, 0xA1, 0x5B, 0xFF}}},
	{{{-1067, -4192, -173}, 0, {-115, 4902}, {0xF6, 0xA1, 0x5B, 0xFF}}},
	{{{-1052, -4138, -170}, 0, {-115, 4872}, {0xF6, 0xA1, 0x5B, 0xFF}}},
	{{{-884, -4117, -365}, 0, {468, 4848}, {0xF6, 0xA1, 0x5B, 0xFF}}},
	{{{-937, -4117, -152}, 0, {-115, 4848}, {0xF6, 0xA1, 0x5B, 0xFF}}},
	{{{-982, -3615, -159}, 0, {-109, 3324}, {0xF6, 0xA1, 0x5B, 0xFF}}},
	{{{-1143, -2966, -185}, 0, {-99, 474}, {0xF6, 0xA1, 0x5B, 0xFF}}},
	{{{-1112, -2887, -180}, 0, {-98, 281}, {0xF6, 0xA1, 0x5B, 0xFF}}},
	{{{-835, -1844, -1131}, 0, {84, 841}, {0xF6, 0xA1, 0x5B, 0xFF}}},
	{{{-904, -1844, -1224}, 0, {303, 841}, {0xF6, 0xA1, 0x5B, 0xFF}}},
	{{{-905, -2013, -1224}, 0, {303, 224}, {0xF6, 0xA1, 0x5B, 0xFF}}},
	{{{-835, -2010, -1130}, 0, {81, 217}, {0xF6, 0xA1, 0x5B, 0xFF}}},
	{{{-930, -2038, -1207}, 0, {356, 729}, {0xF6, 0xA1, 0x5B, 0xFF}}},
	{{{-859, -2036, -1112}, 0, {524, 951}, {0xF6, 0xA1, 0x5B, 0xFF}}},
	{{{-836, -2036, -1128}, 0, {78, 281}, {0xF6, 0xA1, 0x5B, 0xFF}}},
	{{{-1390, -1844, -210}, 0, {298, 1}, {0xF6, 0xA1, 0x5B, 0xFF}}},
	{{{-1307, -1843, -540}, 0, {492, 249}, {0xF6, 0xA1, 0x5B, 0xFF}}},
	{{{-1490, -1827, -626}, 0, {62, 47}, {0xF6, 0xA1, 0x5B, 0xFF}}},
	{{{-1504, -1844, -227}, 0, {29, 985}, {0xF6, 0xA1, 0x5B, 0xFF}}},
	{{{614, -2022, -1502}, 0, {510, -1006}, {0xF6, 0xA1, 0x5B, 0xFF}}},
	{{{213, -2035, -1516}, 0, {-236, -1034}, {0xF6, 0xA1, 0x5B, 0xFF}}},
	{{{198, -2013, -1511}, 0, {-265, -980}, {0xF6, 0xA1, 0x5B, 0xFF}}},
	{{{199, -1844, -1510}, 0, {-260, -577}, {0xF6, 0xA1, 0x5B, 0xFF}}},
	{{{614, -1827, -1500}, 0, {510, -540}, {0xF6, 0xA1, 0x5B, 0xFF}}},
	{{{905, -2013, -1224}, 0, {1259, -980}, {0xF6, 0xA1, 0x5B, 0xFF}}},
	{{{904, -1844, -1224}, 0, {1253, -577}, {0xF6, 0xA1, 0x5B, 0xFF}}},
	{{{900, -2035, -1237}, 0, {1234, -1034}, {0xF6, 0xA1, 0x5B, 0xFF}}},
	{{{-1137, -1844, -826}, 0, {390, 841}, {0xF6, 0xA1, 0x5B, 0xFF}}},
	{{{-1307, -1843, -540}, 0, {-281, 840}, {0xF6, 0xA1, 0x5B, 0xFF}}},
	{{{-1305, -2010, -539}, 0, {-283, 218}, {0xF6, 0xA1, 0x5B, 0xFF}}},
	{{{-1136, -2010, -826}, 0, {391, 217}, {0xF6, 0xA1, 0x5B, 0xFF}}},
	{{{-1304, -2036, -539}, 0, {-285, 281}, {0xF6, 0xA1, 0x5B, 0xFF}}},
	{{{-1135, -2036, -827}, 0, {393, 281}, {0xF6, 0xA1, 0x5B, 0xFF}}},
	{{{-1135, -2036, -827}, 0, {393, 281}, {0xF6, 0xA1, 0x5B, 0xFF}}},
	{{{-1304, -2036, -539}, 0, {-285, 281}, {0xF6, 0xA1, 0x5B, 0xFF}}},
	{{{-1304, -2128, -539}, 0, {-285, 281}, {0xF6, 0xA1, 0x5B, 0xFF}}},
	{{{-1135, -2128, -827}, 0, {393, 281}, {0xF6, 0xA1, 0x5B, 0xFF}}},
	{{{-184, -1844, -1395}, 0, {706, 841}, {0xF6, 0xA1, 0x5B, 0xFF}}},
	{{{-198, -2013, -1511}, 0, {978, 224}, {0xF6, 0xA1, 0x5B, 0xFF}}},
	{{{-199, -1844, -1510}, 0, {976, 841}, {0xF6, 0xA1, 0x5B, 0xFF}}},
	{{{-183, -2010, -1394}, 0, {705, 217}, {0xF6, 0xA1, 0x5B, 0xFF}}},
	{{{-157, -2036, -1398}, 0, {126, 279}, {0xF6, 0xA1, 0x5B, 0xFF}}},
	{{{-181, -2036, -1394}, 0, {69, 288}, {0xF6, 0xA1, 0x5B, 0xFF}}},
	{{{-181, -2128, -1394}, 0, {69, 288}, {0xF6, 0xA1, 0x5B, 0xFF}}},
	{{{-157, -2128, -1398}, 0, {126, 279}, {0xF6, 0xA1, 0x5B, 0xFF}}},
	{{{0, -2036, -1420}, 0, {496, 226}, {0xF6, 0xA1, 0x5B, 0xFF}}},
	{{{0, -2128, -1420}, 0, {496, 226}, {0xF6, 0xA1, 0x5B, 0xFF}}},
	{{{157, -2128, -1398}, 0, {866, 279}, {0xF6, 0xA1, 0x5B, 0xFF}}},
	{{{157, -2036, -1398}, 0, {866, 279}, {0xF6, 0xA1, 0x5B, 0xFF}}},
	{{{181, -2036, -1394}, 0, {923, 288}, {0xF6, 0xA1, 0x5B, 0xFF}}},
	{{{181, -2128, -1394}, 0, {923, 288}, {0xF6, 0xA1, 0x5B, 0xFF}}},
	{{{0, -2038, -1540}, 0, {496, 968}, {0xF6, 0xA1, 0x5B, 0xFF}}},
	{{{172, -2038, -1516}, 0, {901, 1026}, {0xF6, 0xA1, 0x5B, 0xFF}}},
	{{{-172, -2038, -1516}, 0, {91, 1026}, {0xF6, 0xA1, 0x5B, 0xFF}}},
	{{{-172, -2038, -1516}, 0, {91, 2}, {0xF6, 0xA1, 0x5B, 0xFF}}},
	{{{1505, -2013, -226}, 0, {965, 224}, {0xF6, 0xA1, 0x5B, 0xFF}}},
	{{{1394, -2036, -180}, 0, {703, 72}, {0xF6, 0xA1, 0x5B, 0xFF}}},
	{{{1511, -2038, -197}, 0, {979, 1057}, {0xF6, 0xA1, 0x5B, 0xFF}}},
	{{{1389, -2010, -209}, 0, {692, 217}, {0xF6, 0xA1, 0x5B, 0xFF}}},
	{{{1504, -1844, -227}, 0, {963, 841}, {0xF6, 0xA1, 0x5B, 0xFF}}},
	{{{1390, -1844, -210}, 0, {694, 841}, {0xF6, 0xA1, 0x5B, 0xFF}}},
	{{{1389, -2036, -207}, 0, {692, 8}, {0xF6, 0xA1, 0x5B, 0xFF}}},
	{{{1389, -2128, -207}, 0, {692, 8}, {0xF6, 0xA1, 0x5B, 0xFF}}},
	{{{1394, -2128, -180}, 0, {703, 72}, {0xF6, 0xA1, 0x5B, 0xFF}}},
	{{{1419, -2128, 0}, 0, {763, 496}, {0xF6, 0xA1, 0x5B, 0xFF}}},
	{{{1419, -2036, 0}, 0, {763, 496}, {0xF6, 0xA1, 0x5B, 0xFF}}},
	{{{1394, -2036, 180}, 0, {703, 920}, {0xF6, 0xA1, 0x5B, 0xFF}}},
	{{{1394, -2128, 180}, 0, {703, 920}, {0xF6, 0xA1, 0x5B, 0xFF}}},
	{{{1389, -2036, 207}, 0, {692, 984}, {0xF6, 0xA1, 0x5B, 0xFF}}},
	{{{1389, -2128, 207}, 0, {692, 984}, {0xF6, 0xA1, 0x5B, 0xFF}}},
	{{{1511, -2038, 197}, 0, {-45, 959}, {0xF6, 0xA1, 0x5B, 0xFF}}},
	{{{1539, -2038, 0}, 0, {21, 496}, {0xF6, 0xA1, 0x5B, 0xFF}}},
	{{{1511, -2038, -197}, 0, {-45, 33}, {0xF6, 0xA1, 0x5B, 0xFF}}},
	{{{-1492, -2022, -627}, 0, {523, 2068}, {0xF6, 0xA1, 0x5B, 0xFF}}},
	{{{-1510, -2035, -239}, 0, {-239, 2039}, {0xF6, 0xA1, 0x5B, 0xFF}}},
	{{{-1505, -2013, -226}, 0, {-265, 2093}, {0xF6, 0xA1, 0x5B, 0xFF}}},
	{{{-1504, -1844, -227}, 0, {-260, 2494}, {0xF6, 0xA1, 0x5B, 0xFF}}},
	{{{-1490, -1827, -626}, 0, {523, 2532}, {0xF6, 0xA1, 0x5B, 0xFF}}},
	{{{-1230, -2013, -895}, 0, {1259, 2094}, {0xF6, 0xA1, 0x5B, 0xFF}}},
	{{{-1231, -1844, -894}, 0, {1255, 2496}, {0xF6, 0xA1, 0x5B, 0xFF}}},
	{{{-1242, -2035, -892}, 0, {1239, 2039}, {0xF6, 0xA1, 0x5B, 0xFF}}},
	{{{-1490, -1827, -626}, 0, {62, 1071}, {0xF6, 0xA1, 0x5B, 0xFF}}},
	{{{-1307, -1843, -540}, 0, {492, 1273}, {0xF6, 0xA1, 0x5B, 0xFF}}},
	{{{-1137, -1844, -826}, 0, {893, 602}, {0xF6, 0xA1, 0x5B, 0xFF}}},
	{{{-1231, -1844, -894}, 0, {673, 441}, {0xF6, 0xA1, 0x5B, 0xFF}}},
	{{{-614, -1827, -1500}, 0, {76, 1063}, {0xF6, 0xA1, 0x5B, 0xFF}}},
	{{{-538, -1843, -1307}, 0, {254, 493}, {0xF6, 0xA1, 0x5B, 0xFF}}},
	{{{-184, -1844, -1395}, 0, {63, 286}, {0xF6, 0xA1, 0x5B, 0xFF}}},
	{{{-199, -1844, -1510}, 0, {28, 16}, {0xF6, 0xA1, 0x5B, 0xFF}}},
	{{{-835, -1844, -1131}, 0, {579, 908}, {0xF6, 0xA1, 0x5B, 0xFF}}},
	{{{-538, -1843, -1307}, 0, {1278, 493}, {0xF6, 0xA1, 0x5B, 0xFF}}},
	{{{-614, -1827, -1500}, 0, {1100, 39}, {0xF6, 0xA1, 0x5B, 0xFF}}},
	{{{-904, -1844, -1224}, 0, {417, 689}, {0xF6, 0xA1, 0x5B, 0xFF}}},
	{{{-1213, -2038, -921}, 0, {714, 377}, {0xF6, 0xA1, 0x5B, 0xFF}}},
	{{{-1004, -2036, -1002}, 0, {181, 186}, {0xF6, 0xA1, 0x5B, 0xFF}}},
	{{{-1089, -2038, -1087}, 0, {1006, -13}, {0xF6, 0xA1, 0x5B, 0xFF}}},
	{{{-1118, -2036, -851}, 0, {-86, 543}, {0xF6, 0xA1, 0x5B, 0xFF}}},
	{{{-1004, -2036, -1002}, 0, {181, 186}, {0xF6, 0xA1, 0x5B, 0xFF}}},
	{{{-1118, -2036, -851}, 0, {-86, 543}, {0xF6, 0xA1, 0x5B, 0xFF}}},
	{{{-1118, -2128, -851}, 0, {-86, 543}, {0xF6, 0xA1, 0x5B, 0xFF}}},
	{{{-1004, -2128, -1002}, 0, {181, 186}, {0xF6, 0xA1, 0x5B, 0xFF}}},
	{{{-859, -2036, -1112}, 0, {524, -73}, {0xF6, 0xA1, 0x5B, 0xFF}}},
	{{{-859, -2128, -1112}, 0, {524, -73}, {0xF6, 0xA1, 0x5B, 0xFF}}},
	{{{-1089, -2038, -1087}, 0, {-18, 1011}, {0xF6, 0xA1, 0x5B, 0xFF}}},
	{{{-930, -2038, -1207}, 0, {356, 729}, {0xF6, 0xA1, 0x5B, 0xFF}}},
	{{{-181, -2036, 1394}, 0, {69, 281}, {0xF6, 0xA1, 0x5B, 0xFF}}},
	{{{-181, -2128, 1394}, 0, {69, 281}, {0xF6, 0xA1, 0x5B, 0xFF}}},
	{{{-537, -2128, 1304}, 0, {257, 281}, {0xF6, 0xA1, 0x5B, 0xFF}}},
	{{{-537, -2036, 1304}, 0, {257, 281}, {0xF6, 0xA1, 0x5B, 0xFF}}},
	{{{-836, -2036, -1128}, 0, {576, 914}, {0xF6, 0xA1, 0x5B, 0xFF}}},
	{{{-859, -2036, -1112}, 0, {524, 951}, {0xF6, 0xA1, 0x5B, 0xFF}}},
	{{{-859, -2128, -1112}, 0, {524, 951}, {0xF6, 0xA1, 0x5B, 0xFF}}},
	{{{-836, -2128, -1128}, 0, {576, 914}, {0xF6, 0xA1, 0x5B, 0xFF}}},
	{{{859, -2036, -1112}, 0, {468, 951}, {0xF6, 0xA1, 0x5B, 0xFF}}},
	{{{836, -2128, -1128}, 0, {416, 914}, {0xF6, 0xA1, 0x5B, 0xFF}}},
	{{{859, -2128, -1112}, 0, {468, 951}, {0xF6, 0xA1, 0x5B, 0xFF}}},
	{{{836, -2036, -1128}, 0, {416, 914}, {0xF6, 0xA1, 0x5B, 0xFF}}},
	{{{835, -2010, -1130}, 0, {81, 217}, {0xF6, 0xA1, 0x5B, 0xFF}}},
	{{{905, -2013, -1224}, 0, {303, 224}, {0xF6, 0xA1, 0x5B, 0xFF}}},
	{{{930, -2038, -1207}, 0, {636, 729}, {0xF6, 0xA1, 0x5B, 0xFF}}},
	{{{904, -1844, -1224}, 0, {303, 841}, {0xF6, 0xA1, 0x5B, 0xFF}}},
	{{{835, -1844, -1131}, 0, {84, 841}, {0xF6, 0xA1, 0x5B, 0xFF}}},
	{{{0, -2036, 1420}, 0, {496, 766}, {0xF6, 0xA1, 0x5B, 0xFF}}},
	{{{157, -2128, 1398}, 0, {866, 713}, {0xF6, 0xA1, 0x5B, 0xFF}}},
	{{{0, -2128, 1420}, 0, {496, 766}, {0xF6, 0xA1, 0x5B, 0xFF}}},
	{{{-157, -2128, 1398}, 0, {126, 713}, {0xF6, 0xA1, 0x5B, 0xFF}}},
	{{{-157, -2036, 1398}, 0, {126, 713}, {0xF6, 0xA1, 0x5B, 0xFF}}},
	{{{-181, -2036, 1394}, 0, {69, 704}, {0xF6, 0xA1, 0x5B, 0xFF}}},
	{{{-181, -2128, 1394}, 0, {69, 704}, {0xF6, 0xA1, 0x5B, 0xFF}}},
	{{{-859, -2036, 1112}, 0, {524, 41}, {0xF6, 0xA1, 0x5B, 0xFF}}},
	{{{-836, -2036, 1128}, 0, {576, 78}, {0xF6, 0xA1, 0x5B, 0xFF}}},
	{{{-836, -2128, 1128}, 0, {576, 78}, {0xF6, 0xA1, 0x5B, 0xFF}}},
	{{{-859, -2128, 1112}, 0, {524, 41}, {0xF6, 0xA1, 0x5B, 0xFF}}},
	{{{431, -2887, -1048}, 0, {504, 281}, {0xF6, 0xA1, 0x5B, 0xFF}}},
	{{{169, -2966, -1147}, 0, {-137, 474}, {0xF6, 0xA1, 0x5B, 0xFF}}},
	{{{164, -2887, -1115}, 0, {-136, 281}, {0xF6, 0xA1, 0x5B, 0xFF}}},
	{{{444, -2966, -1078}, 0, {501, 474}, {0xF6, 0xA1, 0x5B, 0xFF}}},
	{{{659, -2887, -913}, 0, {1049, 281}, {0xF6, 0xA1, 0x5B, 0xFF}}},
	{{{678, -2966, -939}, 0, {1045, 474}, {0xF6, 0xA1, 0x5B, 0xFF}}},
	{{{583, -3615, -807}, 0, {1008, 3324}, {0xF6, 0xA1, 0x5B, 0xFF}}},
	{{{381, -3615, -926}, 0, {477, 3324}, {0xF6, 0xA1, 0x5B, 0xFF}}},
	{{{556, -4117, -770}, 0, {988, 4848}, {0xF6, 0xA1, 0x5B, 0xFF}}},
	{{{364, -4117, -884}, 0, {464, 4848}, {0xF6, 0xA1, 0x5B, 0xFF}}},
	{{{624, -4138, -864}, 0, {988, 4872}, {0xF6, 0xA1, 0x5B, 0xFF}}},
	{{{408, -4138, -991}, 0, {464, 4872}, {0xF6, 0xA1, 0x5B, 0xFF}}},
	{{{633, -4192, -876}, 0, {988, 4902}, {0xF6, 0xA1, 0x5B, 0xFF}}},
	{{{414, -4192, -1006}, 0, {463, 4902}, {0xF6, 0xA1, 0x5B, 0xFF}}},
	{{{636, -5288, -880}, 0, {965, 6683}, {0xF6, 0xA1, 0x5B, 0xFF}}},
	{{{416, -5288, -1010}, 0, {448, 6683}, {0xF6, 0xA1, 0x5B, 0xFF}}},
	{{{660, -6383, -913}, 0, {942, 8464}, {0xF6, 0xA1, 0x5B, 0xFF}}},
	{{{431, -6383, -1048}, 0, {433, 8464}, {0xF6, 0xA1, 0x5B, 0xFF}}},
	{{{158, -5288, -1075}, 0, {-157, 6683}, {0xF6, 0xA1, 0x5B, 0xFF}}},
	{{{164, -6383, -1115}, 0, {-162, 8464}, {0xF6, 0xA1, 0x5B, 0xFF}}},
	{{{157, -4192, -1070}, 0, {-151, 4902}, {0xF6, 0xA1, 0x5B, 0xFF}}},
	{{{414, -4192, -1006}, 0, {463, 4902}, {0xF6, 0xA1, 0x5B, 0xFF}}},
	{{{155, -4138, -1055}, 0, {-151, 4872}, {0xF6, 0xA1, 0x5B, 0xFF}}},
	{{{408, -4138, -991}, 0, {464, 4872}, {0xF6, 0xA1, 0x5B, 0xFF}}},
	{{{138, -4117, -940}, 0, {-151, 4848}, {0xF6, 0xA1, 0x5B, 0xFF}}},
	{{{145, -3615, -985}, 0, {-146, 3324}, {0xF6, 0xA1, 0x5B, 0xFF}}},
	{{{381, -3615, -926}, 0, {477, 3324}, {0xF6, 0xA1, 0x5B, 0xFF}}},
	{{{806, -2887, -804}, 0, {376, 281}, {0xF6, 0xA1, 0x5B, 0xFF}}},
	{{{678, -2966, -939}, 0, {21, 474}, {0xF6, 0xA1, 0x5B, 0xFF}}},
	{{{659, -2887, -913}, 0, {25, 281}, {0xF6, 0xA1, 0x5B, 0xFF}}},
	{{{829, -2966, -828}, 0, {370, 474}, {0xF6, 0xA1, 0x5B, 0xFF}}},
	{{{712, -3615, -711}, 0, {325, 3324}, {0xF6, 0xA1, 0x5B, 0xFF}}},
	{{{583, -3615, -807}, 0, {-16, 3324}, {0xF6, 0xA1, 0x5B, 0xFF}}},
	{{{680, -4117, -678}, 0, {301, 4848}, {0xF6, 0xA1, 0x5B, 0xFF}}},
	{{{556, -4117, -770}, 0, {-36, 4848}, {0xF6, 0xA1, 0x5B, 0xFF}}},
	{{{763, -4138, -761}, 0, {301, 4872}, {0xF6, 0xA1, 0x5B, 0xFF}}},
	{{{624, -4138, -864}, 0, {-36, 4872}, {0xF6, 0xA1, 0x5B, 0xFF}}},
	{{{774, -4192, -772}, 0, {301, 4902}, {0xF6, 0xA1, 0x5B, 0xFF}}},
	{{{633, -4192, -876}, 0, {-36, 4902}, {0xF6, 0xA1, 0x5B, 0xFF}}},
	{{{777, -5288, -776}, 0, {273, 6683}, {0xF6, 0xA1, 0x5B, 0xFF}}},
	{{{636, -5288, -880}, 0, {-59, 6683}, {0xF6, 0xA1, 0x5B, 0xFF}}},
	{{{806, -6383, -805}, 0, {245, 8464}, {0xF6, 0xA1, 0x5B, 0xFF}}},
	{{{660, -6383, -913}, 0, {-82, 8464}, {0xF6, 0xA1, 0x5B, 0xFF}}},
	{{{1048, -2887, -433}, 0, {508, 281}, {0xF6, 0xA1, 0x5B, 0xFF}}},
	{{{943, -2966, -672}, 0, {1031, 474}, {0xF6, 0xA1, 0x5B, 0xFF}}},
	{{{916, -2887, -654}, 0, {1036, 281}, {0xF6, 0xA1, 0x5B, 0xFF}}},
	{{{1078, -2966, -445}, 0, {505, 474}, {0xF6, 0xA1, 0x5B, 0xFF}}},
	{{{1112, -2887, -180}, 0, {-98, 281}, {0xF6, 0xA1, 0x5B, 0xFF}}},
	{{{1143, -2966, -185}, 0, {-99, 474}, {0xF6, 0xA1, 0x5B, 0xFF}}},
	{{{982, -3615, -159}, 0, {-109, 3324}, {0xF6, 0xA1, 0x5B, 0xFF}}},
	{{{926, -3615, -383}, 0, {480, 3324}, {0xF6, 0xA1, 0x5B, 0xFF}}},
	{{{937, -4117, -152}, 0, {-115, 4848}, {0xF6, 0xA1, 0x5B, 0xFF}}},
	{{{884, -4117, -365}, 0, {468, 4848}, {0xF6, 0xA1, 0x5B, 0xFF}}},
	{{{1052, -4138, -170}, 0, {-115, 4872}, {0xF6, 0xA1, 0x5B, 0xFF}}},
	{{{992, -4138, -410}, 0, {467, 4872}, {0xF6, 0xA1, 0x5B, 0xFF}}},
	{{{1067, -4192, -173}, 0, {-115, 4902}, {0xF6, 0xA1, 0x5B, 0xFF}}},
	{{{1006, -4192, -416}, 0, {467, 4902}, {0xF6, 0xA1, 0x5B, 0xFF}}},
	{{{1072, -5288, -173}, 0, {-121, 6683}, {0xF6, 0xA1, 0x5B, 0xFF}}},
	{{{1011, -5288, -418}, 0, {452, 6683}, {0xF6, 0xA1, 0x5B, 0xFF}}},
	{{{1112, -6383, -180}, 0, {-127, 8464}, {0xF6, 0xA1, 0x5B, 0xFF}}},
	{{{1048, -6383, -433}, 0, {437, 8464}, {0xF6, 0xA1, 0x5B, 0xFF}}},
	{{{884, -5288, -630}, 0, {952, 6683}, {0xF6, 0xA1, 0x5B, 0xFF}}},
	{{{917, -6383, -654}, 0, {929, 8464}, {0xF6, 0xA1, 0x5B, 0xFF}}},
	{{{880, -4192, -628}, 0, {975, 4902}, {0xF6, 0xA1, 0x5B, 0xFF}}},
	{{{1006, -4192, -416}, 0, {467, 4902}, {0xF6, 0xA1, 0x5B, 0xFF}}},
	{{{867, -4138, -619}, 0, {975, 4872}, {0xF6, 0xA1, 0x5B, 0xFF}}},
	{{{773, -4117, -551}, 0, {975, 4848}, {0xF6, 0xA1, 0x5B, 0xFF}}},
	{{{810, -3615, -578}, 0, {995, 3324}, {0xF6, 0xA1, 0x5B, 0xFF}}},
	{{{926, -3615, -383}, 0, {480, 3324}, {0xF6, 0xA1, 0x5B, 0xFF}}},
	{{{-431, -2887, 1048}, 0, {488, 281}, {0xF6, 0xA1, 0x5B, 0xFF}}},
	{{{-169, -2966, 1147}, 0, {1129, 474}, {0xF6, 0xA1, 0x5B, 0xFF}}},
	{{{-164, -2887, 1115}, 0, {1128, 281}, {0xF6, 0xA1, 0x5B, 0xFF}}},
	{{{-444, -2966, 1078}, 0, {491, 474}, {0xF6, 0xA1, 0x5B, 0xFF}}},
	{{{-659, -2887, 913}, 0, {-57, 281}, {0xF6, 0xA1, 0x5B, 0xFF}}},
	{{{-678, -2966, 939}, 0, {-53, 474}, {0xF6, 0xA1, 0x5B, 0xFF}}},
	{{{-583, -3615, 807}, 0, {-16, 3324}, {0xF6, 0xA1, 0x5B, 0xFF}}},
	{{{-381, -3615, 926}, 0, {515, 3324}, {0xF6, 0xA1, 0x5B, 0xFF}}},
	{{{-556, -4117, 770}, 0, {4, 4848}, {0xF6, 0xA1, 0x5B, 0xFF}}},
	{{{-364, -4117, 884}, 0, {528, 4848}, {0xF6, 0xA1, 0x5B, 0xFF}}},
	{{{-624, -4138, 864}, 0, {4, 4872}, {0xF6, 0xA1, 0x5B, 0xFF}}},
	{{{-408, -4138, 991}, 0, {528, 4872}, {0xF6, 0xA1, 0x5B, 0xFF}}},
	{{{-633, -4192, 876}, 0, {4, 4902}, {0xF6, 0xA1, 0x5B, 0xFF}}},
	{{{-414, -4192, 1006}, 0, {529, 4902}, {0xF6, 0xA1, 0x5B, 0xFF}}},
	{{{-636, -5288, 880}, 0, {27, 6683}, {0xF6, 0xA1, 0x5B, 0xFF}}},
	{{{-416, -5288, 1010}, 0, {544, 6683}, {0xF6, 0xA1, 0x5B, 0xFF}}},
	{{{-660, -6383, 913}, 0, {50, 8464}, {0xF6, 0xA1, 0x5B, 0xFF}}},
	{{{-431, -6383, 1048}, 0, {559, 8464}, {0xF6, 0xA1, 0x5B, 0xFF}}},
	{{{-381, -3615, 926}, 0, {515, 3324}, {0xF6, 0xA1, 0x5B, 0xFF}}},
	{{{-145, -3615, 985}, 0, {1138, 3324}, {0xF6, 0xA1, 0x5B, 0xFF}}},
	{{{-364, -4117, 884}, 0, {528, 4848}, {0xF6, 0xA1, 0x5B, 0xFF}}},
	{{{-138, -4117, 940}, 0, {1143, 4848}, {0xF6, 0xA1, 0x5B, 0xFF}}},
	{{{-408, -4138, 991}, 0, {528, 4872}, {0xF6, 0xA1, 0x5B, 0xFF}}},
	{{{-138, -4117, 940}, 0, {1143, 4848}, {0xF6, 0xA1, 0x5B, 0xFF}}},
	{{{-364, -4117, 884}, 0, {528, 4848}, {0xF6, 0xA1, 0x5B, 0xFF}}},
	{{{-155, -4138, 1055}, 0, {1143, 4872}, {0xF6, 0xA1, 0x5B, 0xFF}}},
	{{{-414, -4192, 1006}, 0, {529, 4902}, {0xF6, 0xA1, 0x5B, 0xFF}}},
	{{{-157, -4192, 1070}, 0, {1143, 4902}, {0xF6, 0xA1, 0x5B, 0xFF}}},
	{{{-416, -5288, 1010}, 0, {544, 6683}, {0xF6, 0xA1, 0x5B, 0xFF}}},
	{{{-158, -5288, 1075}, 0, {1149, 6683}, {0xF6, 0xA1, 0x5B, 0xFF}}},
	{{{-431, -6383, 1048}, 0, {559, 8464}, {0xF6, 0xA1, 0x5B, 0xFF}}},
	{{{-164, -6383, 1115}, 0, {1154, 8464}, {0xF6, 0xA1, 0x5B, 0xFF}}},
	{{{1504, -1844, -227}, 0, {963, 985}, {0xF6, 0xA1, 0x5B, 0xFF}}},
	{{{1490, -1827, -626}, 0, {930, 47}, {0xF6, 0xA1, 0x5B, 0xFF}}},
	{{{1307, -1843, -540}, 0, {500, 249}, {0xF6, 0xA1, 0x5B, 0xFF}}},
	{{{1390, -1844, -210}, 0, {694, 1}, {0xF6, 0xA1, 0x5B, 0xFF}}},
	{{{184, -1844, -1395}, 0, {706, 841}, {0xF6, 0xA1, 0x5B, 0xFF}}},
	{{{199, -1844, -1510}, 0, {976, 841}, {0xF6, 0xA1, 0x5B, 0xFF}}},
	{{{198, -2013, -1511}, 0, {978, 224}, {0xF6, 0xA1, 0x5B, 0xFF}}},
	{{{183, -2010, -1394}, 0, {705, 217}, {0xF6, 0xA1, 0x5B, 0xFF}}},
	{{{172, -2038, -1516}, 0, {901, 2}, {0xF6, 0xA1, 0x5B, 0xFF}}},
	{{{157, -2036, -1398}, 0, {866, 279}, {0xF6, 0xA1, 0x5B, 0xFF}}},
	{{{181, -2036, -1394}, 0, {704, 281}, {0xF6, 0xA1, 0x5B, 0xFF}}},
	{{{1504, -1844, -227}, 0, {1254, 1461}, {0xF6, 0xA1, 0x5B, 0xFF}}},
	{{{1505, -2013, -226}, 0, {1259, 1059}, {0xF6, 0xA1, 0x5B, 0xFF}}},
	{{{1510, -2035, -239}, 0, {1233, 1005}, {0xF6, 0xA1, 0x5B, 0xFF}}},
	{{{1492, -2022, -627}, 0, {471, 1034}, {0xF6, 0xA1, 0x5B, 0xFF}}},
	{{{1490, -1827, -626}, 0, {471, 1499}, {0xF6, 0xA1, 0x5B, 0xFF}}},
	{{{1231, -1844, -894}, 0, {-261, 1462}, {0xF6, 0xA1, 0x5B, 0xFF}}},
	{{{1230, -2013, -895}, 0, {-265, 1061}, {0xF6, 0xA1, 0x5B, 0xFF}}},
	{{{1242, -2035, -892}, 0, {-245, 1005}, {0xF6, 0xA1, 0x5B, 0xFF}}},
	{{{1307, -1843, -540}, 0, {500, 1273}, {0xF6, 0xA1, 0x5B, 0xFF}}},
	{{{1490, -1827, -626}, 0, {930, 1071}, {0xF6, 0xA1, 0x5B, 0xFF}}},
	{{{1231, -1844, -894}, 0, {319, 441}, {0xF6, 0xA1, 0x5B, 0xFF}}},
	{{{1137, -1844, -826}, 0, {99, 602}, {0xF6, 0xA1, 0x5B, 0xFF}}},
	{{{538, -1843, -1307}, 0, {738, 493}, {0xF6, 0xA1, 0x5B, 0xFF}}},
	{{{614, -1827, -1500}, 0, {916, 1063}, {0xF6, 0xA1, 0x5B, 0xFF}}},
	{{{199, -1844, -1510}, 0, {964, 16}, {0xF6, 0xA1, 0x5B, 0xFF}}},
	{{{184, -1844, -1395}, 0, {929, 286}, {0xF6, 0xA1, 0x5B, 0xFF}}},
	{{{904, -1844, -1224}, 0, {575, 689}, {0xF6, 0xA1, 0x5B, 0xFF}}},
	{{{614, -1827, -1500}, 0, {-108, 39}, {0xF6, 0xA1, 0x5B, 0xFF}}},
	{{{538, -1843, -1307}, 0, {-286, 493}, {0xF6, 0xA1, 0x5B, 0xFF}}},
	{{{835, -1844, -1131}, 0, {413, 908}, {0xF6, 0xA1, 0x5B, 0xFF}}},
	{{{1118, -2036, -851}, 0, {1078, 543}, {0xF6, 0xA1, 0x5B, 0xFF}}},
	{{{1213, -2038, -921}, 0, {278, 377}, {0xF6, 0xA1, 0x5B, 0xFF}}},
	{{{1089, -2038, -1087}, 0, {-14, -13}, {0xF6, 0xA1, 0x5B, 0xFF}}},
	{{{1004, -2036, -1002}, 0, {811, 186}, {0xF6, 0xA1, 0x5B, 0xFF}}},
	{{{1118, -2128, -851}, 0, {1078, 543}, {0xF6, 0xA1, 0x5B, 0xFF}}},
	{{{1004, -2128, -1002}, 0, {811, 186}, {0xF6, 0xA1, 0x5B, 0xFF}}},
	{{{859, -2036, -1112}, 0, {468, -73}, {0xF6, 0xA1, 0x5B, 0xFF}}},
	{{{930, -2038, -1207}, 0, {636, 729}, {0xF6, 0xA1, 0x5B, 0xFF}}},
	{{{1089, -2038, -1087}, 0, {1010, 1011}, {0xF6, 0xA1, 0x5B, 0xFF}}},
	{{{859, -2128, -1112}, 0, {468, -73}, {0xF6, 0xA1, 0x5B, 0xFF}}},
	{{{-916, -2887, 654}, 0, {980, 281}, {0xF6, 0xA1, 0x5B, 0xFF}}},
	{{{-829, -2966, 828}, 0, {626, 474}, {0xF6, 0xA1, 0x5B, 0xFF}}},
	{{{-806, -2887, 804}, 0, {620, 281}, {0xF6, 0xA1, 0x5B, 0xFF}}},
	{{{-943, -2966, 672}, 0, {985, 474}, {0xF6, 0xA1, 0x5B, 0xFF}}},
	{{{-810, -3615, 578}, 0, {1021, 3324}, {0xF6, 0xA1, 0x5B, 0xFF}}},
	{{{-712, -3615, 711}, 0, {670, 3324}, {0xF6, 0xA1, 0x5B, 0xFF}}},
	{{{-773, -4117, 551}, 0, {1041, 4848}, {0xF6, 0xA1, 0x5B, 0xFF}}},
	{{{-680, -4117, 678}, 0, {694, 4848}, {0xF6, 0xA1, 0x5B, 0xFF}}},
	{{{-867, -4138, 619}, 0, {1041, 4872}, {0xF6, 0xA1, 0x5B, 0xFF}}},
	{{{-763, -4138, 761}, 0, {695, 4872}, {0xF6, 0xA1, 0x5B, 0xFF}}},
	{{{-880, -4192, 628}, 0, {1041, 4902}, {0xF6, 0xA1, 0x5B, 0xFF}}},
	{{{-774, -4192, 772}, 0, {695, 4902}, {0xF6, 0xA1, 0x5B, 0xFF}}},
	{{{-884, -5288, 630}, 0, {1064, 6683}, {0xF6, 0xA1, 0x5B, 0xFF}}},
	{{{-884, -5288, 630}, 0, {1064, 6683}, {0xF6, 0xA1, 0x5B, 0xFF}}},
	{{{-777, -5288, 776}, 0, {723, 6683}, {0xF6, 0xA1, 0x5B, 0xFF}}},
	{{{-774, -4192, 772}, 0, {695, 4902}, {0xF6, 0xA1, 0x5B, 0xFF}}},
	{{{-917, -6383, 654}, 0, {1087, 8464}, {0xF6, 0xA1, 0x5B, 0xFF}}},
	{{{-806, -6383, 805}, 0, {751, 8464}, {0xF6, 0xA1, 0x5B, 0xFF}}},
	{{{164, -6383, -1115}, 0, {862, 8464}, {0xF6, 0xA1, 0x5B, 0xFF}}},
	{{{0, -6383, -1140}, 0, {496, 8464}, {0xF6, 0xA1, 0x5B, 0xFF}}},
	{{{0, -5288, -1099}, 0, {496, 6683}, {0xF6, 0xA1, 0x5B, 0xFF}}},
	{{{158, -5288, -1075}, 0, {867, 6683}, {0xF6, 0xA1, 0x5B, 0xFF}}},
	{{{0, -4192, -1095}, 0, {496, 4902}, {0xF6, 0xA1, 0x5B, 0xFF}}},
	{{{157, -4192, -1070}, 0, {873, 4902}, {0xF6, 0xA1, 0x5B, 0xFF}}},
	{{{0, -4138, -1079}, 0, {496, 4872}, {0xF6, 0xA1, 0x5B, 0xFF}}},
	{{{-155, -4138, -1055}, 0, {119, 4872}, {0xF6, 0xA1, 0x5B, 0xFF}}},
	{{{-157, -4192, -1070}, 0, {119, 4902}, {0xF6, 0xA1, 0x5B, 0xFF}}},
	{{{0, -5288, -1099}, 0, {496, 6683}, {0xF6, 0xA1, 0x5B, 0xFF}}},
	{{{-158, -5288, -1075}, 0, {125, 6683}, {0xF6, 0xA1, 0x5B, 0xFF}}},
	{{{-164, -6383, -1115}, 0, {130, 8464}, {0xF6, 0xA1, 0x5B, 0xFF}}},
	{{{0, -4117, -961}, 0, {496, 4848}, {0xF6, 0xA1, 0x5B, 0xFF}}},
	{{{-138, -4117, -940}, 0, {119, 4848}, {0xF6, 0xA1, 0x5B, 0xFF}}},
	{{{0, -3615, -1008}, 0, {496, 3324}, {0xF6, 0xA1, 0x5B, 0xFF}}},
	{{{-145, -3615, -985}, 0, {114, 3324}, {0xF6, 0xA1, 0x5B, 0xFF}}},
	{{{0, -2966, -1173}, 0, {496, 474}, {0xF6, 0xA1, 0x5B, 0xFF}}},
	{{{-169, -2966, -1147}, 0, {105, 474}, {0xF6, 0xA1, 0x5B, 0xFF}}},
	{{{-164, -2887, -1115}, 0, {104, 281}, {0xF6, 0xA1, 0x5B, 0xFF}}},
	{{{0, -2887, -1140}, 0, {496, 281}, {0xF6, 0xA1, 0x5B, 0xFF}}},
	{{{164, -2887, -1115}, 0, {888, 281}, {0xF6, 0xA1, 0x5B, 0xFF}}},
	{{{169, -2966, -1147}, 0, {887, 474}, {0xF6, 0xA1, 0x5B, 0xFF}}},
	{{{145, -3615, -985}, 0, {878, 3324}, {0xF6, 0xA1, 0x5B, 0xFF}}},
	{{{138, -4117, -940}, 0, {873, 4848}, {0xF6, 0xA1, 0x5B, 0xFF}}},
	{{{155, -4138, -1055}, 0, {873, 4872}, {0xF6, 0xA1, 0x5B, 0xFF}}},
	{{{0, -6383, 1140}, 0, {496, 8464}, {0xF6, 0xA1, 0x5B, 0xFF}}},
	{{{164, -6383, 1115}, 0, {862, 8464}, {0xF6, 0xA1, 0x5B, 0xFF}}},
	{{{158, -5288, 1075}, 0, {867, 6683}, {0xF6, 0xA1, 0x5B, 0xFF}}},
	{{{0, -5288, 1099}, 0, {496, 6683}, {0xF6, 0xA1, 0x5B, 0xFF}}},
	{{{157, -4192, 1070}, 0, {873, 4902}, {0xF6, 0xA1, 0x5B, 0xFF}}},
	{{{0, -4192, 1095}, 0, {496, 4902}, {0xF6, 0xA1, 0x5B, 0xFF}}},
	{{{155, -4138, 1055}, 0, {873, 4872}, {0xF6, 0xA1, 0x5B, 0xFF}}},
	{{{0, -4138, 1079}, 0, {496, 4872}, {0xF6, 0xA1, 0x5B, 0xFF}}},
	{{{138, -4117, 940}, 0, {873, 4848}, {0xF6, 0xA1, 0x5B, 0xFF}}},
	{{{0, -4117, 961}, 0, {496, 4848}, {0xF6, 0xA1, 0x5B, 0xFF}}},
	{{{145, -3615, 985}, 0, {878, 3324}, {0xF6, 0xA1, 0x5B, 0xFF}}},
	{{{0, -3615, 1008}, 0, {496, 3324}, {0xF6, 0xA1, 0x5B, 0xFF}}},
	{{{0, -2966, 1173}, 0, {496, 474}, {0xF6, 0xA1, 0x5B, 0xFF}}},
	{{{169, -2966, 1147}, 0, {887, 474}, {0xF6, 0xA1, 0x5B, 0xFF}}},
	{{{164, -2887, 1115}, 0, {888, 281}, {0xF6, 0xA1, 0x5B, 0xFF}}},
	{{{0, -2887, 1140}, 0, {496, 281}, {0xF6, 0xA1, 0x5B, 0xFF}}},
	{{{-164, -2887, 1115}, 0, {104, 281}, {0xF6, 0xA1, 0x5B, 0xFF}}},
	{{{-169, -2966, 1147}, 0, {105, 474}, {0xF6, 0xA1, 0x5B, 0xFF}}},
	{{{-145, -3615, 985}, 0, {114, 3324}, {0xF6, 0xA1, 0x5B, 0xFF}}},
	{{{-138, -4117, 940}, 0, {119, 4848}, {0xF6, 0xA1, 0x5B, 0xFF}}},
	{{{-155, -4138, 1055}, 0, {119, 4872}, {0xF6, 0xA1, 0x5B, 0xFF}}},
	{{{-157, -4192, 1070}, 0, {119, 4902}, {0xF6, 0xA1, 0x5B, 0xFF}}},
	{{{0, -4192, 1095}, 0, {496, 4902}, {0xF6, 0xA1, 0x5B, 0xFF}}},
	{{{-158, -5288, 1075}, 0, {125, 6683}, {0xF6, 0xA1, 0x5B, 0xFF}}},
	{{{0, -5288, 1099}, 0, {496, 6683}, {0xF6, 0xA1, 0x5B, 0xFF}}},
	{{{-164, -6383, 1115}, 0, {130, 8464}, {0xF6, 0xA1, 0x5B, 0xFF}}},
	{{{-1135, -2036, 827}, 0, {-1960, 2284}, {0xD8, 0xCC, 0x8C, 0xFF}}},
	{{{0, -2036, 0}, 0, {496, 496}, {0xD8, 0xCC, 0x8C, 0xFF}}},
	{{{-1304, -2036, 539}, 0, {-2327, 1661}, {0xD8, 0xCC, 0x8C, 0xFF}}},
	{{{-1004, -2036, 1002}, 0, {-1678, 2664}, {0xD8, 0xCC, 0x8C, 0xFF}}},
	{{{-836, -2036, 1128}, 0, {-1314, 2936}, {0xD8, 0xCC, 0x8C, 0xFF}}},
	{{{-537, -2036, 1304}, 0, {-666, 3316}, {0xD8, 0xCC, 0x8C, 0xFF}}},
	{{{-181, -2036, 1394}, 0, {103, 3511}, {0xD8, 0xCC, 0x8C, 0xFF}}},
	{{{0, -2036, 1420}, 0, {496, 3568}, {0xD8, 0xCC, 0x8C, 0xFF}}},
	{{{181, -2036, 1394}, 0, {889, 3511}, {0xD8, 0xCC, 0x8C, 0xFF}}},
	{{{0, -2036, 0}, 0, {496, 496}, {0xD8, 0xCC, 0x8C, 0xFF}}},
	{{{0, -2036, 1420}, 0, {496, 3568}, {0xD8, 0xCC, 0x8C, 0xFF}}},
	{{{537, -2036, 1304}, 0, {1658, 3316}, {0xD8, 0xCC, 0x8C, 0xFF}}},
	{{{836, -2036, 1128}, 0, {2306, 2936}, {0xD8, 0xCC, 0x8C, 0xFF}}},
	{{{1004, -2036, 1002}, 0, {2670, 2664}, {0xD8, 0xCC, 0x8C, 0xFF}}},
	{{{1135, -2036, 827}, 0, {2952, 2284}, {0xD8, 0xCC, 0x8C, 0xFF}}},
	{{{1304, -2036, 539}, 0, {3319, 1661}, {0xD8, 0xCC, 0x8C, 0xFF}}},
	{{{1389, -2036, 207}, 0, {3503, 945}, {0xD8, 0xCC, 0x8C, 0xFF}}},
	{{{1419, -2036, 0}, 0, {3568, 496}, {0xD8, 0xCC, 0x8C, 0xFF}}},
	{{{1389, -2036, -207}, 0, {3503, 47}, {0xD8, 0xCC, 0x8C, 0xFF}}},
	{{{1304, -2036, -539}, 0, {3319, -669}, {0xD8, 0xCC, 0x8C, 0xFF}}},
	{{{1135, -2036, -827}, 0, {2952, -1292}, {0xD8, 0xCC, 0x8C, 0xFF}}},
	{{{1004, -2036, -1002}, 0, {2670, -1672}, {0xD8, 0xCC, 0x8C, 0xFF}}},
	{{{836, -2036, -1128}, 0, {2306, -1944}, {0xD8, 0xCC, 0x8C, 0xFF}}},
	{{{537, -2036, -1304}, 0, {1658, -2324}, {0xD8, 0xCC, 0x8C, 0xFF}}},
	{{{181, -2036, -1394}, 0, {889, -2519}, {0xD8, 0xCC, 0x8C, 0xFF}}},
	{{{0, -2036, -1420}, 0, {496, -2576}, {0xD8, 0xCC, 0x8C, 0xFF}}},
	{{{-181, -2036, -1394}, 0, {103, -2519}, {0xD8, 0xCC, 0x8C, 0xFF}}},
	{{{-537, -2036, -1304}, 0, {-666, -2324}, {0xD8, 0xCC, 0x8C, 0xFF}}},
	{{{-836, -2036, -1128}, 0, {-1314, -1944}, {0xD8, 0xCC, 0x8C, 0xFF}}},
	{{{-1004, -2036, -1002}, 0, {-1678, -1672}, {0xD8, 0xCC, 0x8C, 0xFF}}},
	{{{-1135, -2036, -827}, 0, {-1960, -1292}, {0xD8, 0xCC, 0x8C, 0xFF}}},
	{{{-1304, -2036, -539}, 0, {-2327, -669}, {0xD8, 0xCC, 0x8C, 0xFF}}},
	{{{-1389, -2036, -207}, 0, {-2511, 47}, {0xD8, 0xCC, 0x8C, 0xFF}}},
	{{{-1419, -2036, 0}, 0, {-2576, 496}, {0xD8, 0xCC, 0x8C, 0xFF}}},
	{{{-1389, -2036, 207}, 0, {-2511, 945}, {0xD8, 0xCC, 0x8C, 0xFF}}},
	{{{-1304, -2036, 539}, 0, {-2327, 1661}, {0xD8, 0xCC, 0x8C, 0xFF}}},
};

Gfx totwc_dl_totwc_seg7_dl_07005D28_mesh_mesh_layer_1_tri_2[] = {
	gsSPVertex(totwc_dl_totwc_seg7_dl_07005D28_mesh_mesh_layer_1_vtx_2 + 0, 64, 0),
	gsSP2Triangles(0, 1, 2, 0, 3, 4, 5, 0),
	gsSP2Triangles(6, 7, 8, 0, 9, 10, 11, 0),
	gsSP2Triangles(12, 13, 14, 0, 15, 16, 17, 0),
	gsSP2Triangles(18, 19, 20, 0, 21, 22, 23, 0),
	gsSP2Triangles(24, 25, 26, 0, 27, 28, 29, 0),
	gsSP2Triangles(30, 31, 32, 0, 33, 34, 35, 0),
	gsSP2Triangles(36, 37, 38, 0, 39, 40, 41, 0),
	gsSP2Triangles(42, 43, 44, 0, 42, 45, 43, 0),
	gsSP2Triangles(46, 45, 42, 0, 46, 47, 45, 0),
	gsSP2Triangles(48, 45, 47, 0, 48, 49, 45, 0),
	gsSP2Triangles(50, 49, 48, 0, 50, 51, 49, 0),
	gsSP2Triangles(52, 51, 50, 0, 52, 53, 51, 0),
	gsSP2Triangles(54, 53, 52, 0, 54, 55, 53, 0),
	gsSP2Triangles(56, 55, 54, 0, 56, 57, 55, 0),
	gsSP2Triangles(58, 57, 56, 0, 58, 59, 57, 0),
	gsSP2Triangles(59, 60, 57, 0, 59, 61, 60, 0),
	gsSP2Triangles(57, 60, 62, 0, 57, 62, 63, 0),
	gsSPVertex(totwc_dl_totwc_seg7_dl_07005D28_mesh_mesh_layer_1_vtx_2 + 64, 64, 0),
	gsSP2Triangles(0, 1, 2, 0, 0, 2, 3, 0),
	gsSP2Triangles(3, 2, 4, 0, 3, 4, 5, 0),
	gsSP2Triangles(5, 4, 6, 0, 5, 6, 7, 0),
	gsSP2Triangles(7, 6, 8, 0, 7, 8, 9, 0),
	gsSP2Triangles(10, 11, 12, 0, 10, 13, 11, 0),
	gsSP2Triangles(14, 11, 13, 0, 14, 15, 11, 0),
	gsSP2Triangles(16, 15, 14, 0, 16, 17, 15, 0),
	gsSP2Triangles(18, 17, 16, 0, 18, 19, 17, 0),
	gsSP2Triangles(20, 19, 18, 0, 20, 21, 19, 0),
	gsSP2Triangles(22, 21, 20, 0, 22, 23, 21, 0),
	gsSP2Triangles(24, 23, 22, 0, 24, 25, 23, 0),
	gsSP2Triangles(26, 27, 28, 0, 28, 29, 26, 0),
	gsSP2Triangles(28, 30, 29, 0, 31, 26, 29, 0),
	gsSP2Triangles(29, 32, 31, 0, 29, 33, 32, 0),
	gsSP2Triangles(34, 35, 36, 0, 34, 36, 37, 0),
	gsSP2Triangles(37, 36, 38, 0, 36, 39, 38, 0),
	gsSP2Triangles(38, 39, 40, 0, 38, 40, 41, 0),
	gsSP2Triangles(38, 41, 42, 0, 38, 42, 43, 0),
	gsSP2Triangles(44, 43, 42, 0, 44, 42, 45, 0),
	gsSP2Triangles(46, 44, 45, 0, 46, 45, 47, 0),
	gsSP2Triangles(43, 44, 48, 0, 43, 48, 49, 0),
	gsSP2Triangles(43, 49, 50, 0, 43, 50, 38, 0),
	gsSP2Triangles(37, 38, 51, 0, 52, 53, 54, 0),
	gsSP2Triangles(52, 54, 55, 0, 56, 57, 58, 0),
	gsSP2Triangles(56, 58, 59, 0, 59, 58, 60, 0),
	gsSP2Triangles(59, 60, 61, 0, 62, 61, 60, 0),
	gsSP1Triangle(62, 60, 63, 0),
	gsSPVertex(totwc_dl_totwc_seg7_dl_07005D28_mesh_mesh_layer_1_vtx_2 + 128, 63, 0),
	gsSP2Triangles(0, 1, 2, 0, 0, 2, 3, 0),
	gsSP2Triangles(4, 3, 2, 0, 2, 5, 4, 0),
	gsSP2Triangles(4, 6, 3, 0, 6, 7, 3, 0),
	gsSP2Triangles(8, 3, 7, 0, 8, 7, 9, 0),
	gsSP2Triangles(10, 3, 8, 0, 10, 0, 3, 0),
	gsSP2Triangles(11, 12, 13, 0, 11, 13, 14, 0),
	gsSP2Triangles(14, 13, 15, 0, 14, 15, 16, 0),
	gsSP2Triangles(15, 17, 16, 0, 15, 18, 17, 0),
	gsSP2Triangles(19, 20, 21, 0, 19, 22, 20, 0),
	gsSP2Triangles(23, 20, 22, 0, 23, 24, 20, 0),
	gsSP2Triangles(24, 25, 20, 0, 26, 27, 28, 0),
	gsSP2Triangles(28, 29, 26, 0, 28, 30, 29, 0),
	gsSP2Triangles(31, 30, 28, 0, 31, 32, 30, 0),
	gsSP2Triangles(32, 33, 30, 0, 32, 10, 33, 0),
	gsSP2Triangles(30, 33, 34, 0, 30, 34, 35, 0),
	gsSP2Triangles(30, 35, 29, 0, 36, 37, 38, 0),
	gsSP2Triangles(37, 39, 38, 0, 37, 40, 39, 0),
	gsSP2Triangles(41, 40, 37, 0, 41, 37, 42, 0),
	gsSP2Triangles(43, 44, 45, 0, 45, 46, 43, 0),
	gsSP2Triangles(45, 47, 46, 0, 48, 46, 47, 0),
	gsSP2Triangles(47, 49, 48, 0, 47, 50, 49, 0),
	gsSP2Triangles(51, 52, 53, 0, 51, 53, 54, 0),
	gsSP2Triangles(54, 55, 51, 0, 56, 51, 55, 0),
	gsSP2Triangles(55, 57, 56, 0, 56, 58, 51, 0),
	gsSP2Triangles(59, 60, 61, 0, 59, 61, 62, 0),
	gsSPVertex(totwc_dl_totwc_seg7_dl_07005D28_mesh_mesh_layer_1_vtx_2 + 191, 64, 0),
	gsSP2Triangles(0, 1, 2, 0, 0, 2, 3, 0),
	gsSP2Triangles(4, 5, 6, 0, 4, 6, 7, 0),
	gsSP2Triangles(8, 9, 10, 0, 8, 11, 9, 0),
	gsSP2Triangles(8, 12, 11, 0, 8, 13, 12, 0),
	gsSP2Triangles(14, 12, 13, 0, 14, 15, 12, 0),
	gsSP2Triangles(16, 15, 14, 0, 16, 17, 15, 0),
	gsSP2Triangles(18, 17, 16, 0, 18, 19, 17, 0),
	gsSP2Triangles(20, 19, 18, 0, 20, 21, 19, 0),
	gsSP2Triangles(22, 21, 20, 0, 22, 23, 21, 0),
	gsSP2Triangles(24, 23, 22, 0, 24, 22, 25, 0),
	gsSP2Triangles(26, 24, 25, 0, 26, 27, 24, 0),
	gsSP2Triangles(28, 27, 26, 0, 28, 29, 27, 0),
	gsSP2Triangles(30, 29, 28, 0, 30, 28, 31, 0),
	gsSP2Triangles(32, 30, 31, 0, 32, 33, 30, 0),
	gsSP2Triangles(34, 33, 32, 0, 34, 35, 33, 0),
	gsSP2Triangles(36, 35, 34, 0, 36, 37, 35, 0),
	gsSP2Triangles(38, 37, 36, 0, 38, 39, 37, 0),
	gsSP2Triangles(40, 39, 38, 0, 40, 38, 41, 0),
	gsSP2Triangles(42, 40, 41, 0, 42, 41, 43, 0),
	gsSP2Triangles(44, 42, 43, 0, 44, 45, 42, 0),
	gsSP2Triangles(46, 45, 44, 0, 46, 44, 47, 0),
	gsSP2Triangles(48, 46, 47, 0, 48, 49, 46, 0),
	gsSP2Triangles(50, 49, 48, 0, 50, 51, 49, 0),
	gsSP2Triangles(52, 51, 50, 0, 52, 53, 51, 0),
	gsSP2Triangles(54, 53, 52, 0, 54, 55, 53, 0),
	gsSP2Triangles(56, 55, 54, 0, 56, 54, 57, 0),
	gsSP2Triangles(58, 56, 57, 0, 58, 59, 56, 0),
	gsSP2Triangles(60, 59, 58, 0, 60, 61, 59, 0),
	gsSP2Triangles(62, 61, 60, 0, 62, 63, 61, 0),
	gsSPVertex(totwc_dl_totwc_seg7_dl_07005D28_mesh_mesh_layer_1_vtx_2 + 255, 64, 0),
	gsSP2Triangles(0, 1, 2, 0, 0, 3, 1, 0),
	gsSP2Triangles(4, 3, 0, 0, 4, 5, 3, 0),
	gsSP2Triangles(6, 5, 4, 0, 6, 7, 5, 0),
	gsSP2Triangles(8, 7, 6, 0, 8, 9, 7, 0),
	gsSP2Triangles(10, 9, 8, 0, 10, 8, 11, 0),
	gsSP2Triangles(9, 10, 12, 0, 12, 10, 13, 0),
	gsSP2Triangles(9, 12, 14, 0, 7, 9, 14, 0),
	gsSP2Triangles(7, 14, 15, 0, 15, 16, 7, 0),
	gsSP2Triangles(7, 16, 17, 0, 7, 17, 5, 0),
	gsSP2Triangles(5, 17, 18, 0, 5, 18, 3, 0),
	gsSP2Triangles(18, 19, 3, 0, 3, 19, 20, 0),
	gsSP2Triangles(3, 20, 1, 0, 1, 20, 21, 0),
	gsSP2Triangles(1, 21, 22, 0, 22, 21, 23, 0),
	gsSP2Triangles(22, 23, 24, 0, 22, 24, 25, 0),
	gsSP2Triangles(24, 26, 25, 0, 24, 27, 26, 0),
	gsSP2Triangles(27, 28, 26, 0, 26, 28, 29, 0),
	gsSP2Triangles(26, 29, 30, 0, 30, 29, 31, 0),
	gsSP2Triangles(30, 31, 32, 0, 32, 31, 33, 0),
	gsSP2Triangles(32, 33, 34, 0, 32, 34, 35, 0),
	gsSP2Triangles(35, 34, 36, 0, 35, 36, 37, 0),
	gsSP2Triangles(38, 37, 36, 0, 39, 37, 38, 0),
	gsSP2Triangles(39, 38, 40, 0, 40, 41, 39, 0),
	gsSP2Triangles(40, 42, 41, 0, 41, 42, 43, 0),
	gsSP2Triangles(44, 41, 43, 0, 44, 43, 45, 0),
	gsSP2Triangles(44, 45, 46, 0, 44, 46, 47, 0),
	gsSP2Triangles(47, 46, 48, 0, 48, 49, 47, 0),
	gsSP2Triangles(48, 50, 49, 0, 50, 51, 49, 0),
	gsSP2Triangles(50, 52, 51, 0, 51, 52, 53, 0),
	gsSP2Triangles(54, 51, 53, 0, 54, 55, 51, 0),
	gsSP2Triangles(54, 56, 55, 0, 54, 57, 56, 0),
	gsSP2Triangles(58, 56, 57, 0, 56, 58, 59, 0),
	gsSP2Triangles(56, 59, 60, 0, 59, 61, 60, 0),
	gsSP2Triangles(59, 62, 61, 0, 61, 62, 63, 0),
	gsSPVertex(totwc_dl_totwc_seg7_dl_07005D28_mesh_mesh_layer_1_vtx_2 + 319, 64, 0),
	gsSP2Triangles(0, 1, 2, 0, 0, 3, 1, 0),
	gsSP2Triangles(3, 4, 1, 0, 3, 5, 4, 0),
	gsSP2Triangles(5, 6, 4, 0, 4, 6, 7, 0),
	gsSP2Triangles(4, 7, 8, 0, 8, 7, 9, 0),
	gsSP2Triangles(8, 9, 10, 0, 10, 9, 11, 0),
	gsSP2Triangles(11, 12, 10, 0, 11, 13, 12, 0),
	gsSP2Triangles(12, 13, 14, 0, 12, 14, 15, 0),
	gsSP2Triangles(15, 14, 16, 0, 16, 17, 15, 0),
	gsSP2Triangles(16, 18, 17, 0, 17, 18, 19, 0),
	gsSP2Triangles(17, 19, 20, 0, 20, 19, 21, 0),
	gsSP2Triangles(20, 21, 22, 0, 20, 22, 23, 0),
	gsSP2Triangles(22, 24, 23, 0, 22, 25, 24, 0),
	gsSP2Triangles(26, 27, 28, 0, 26, 29, 27, 0),
	gsSP2Triangles(27, 29, 30, 0, 27, 30, 31, 0),
	gsSP2Triangles(32, 31, 30, 0, 32, 33, 31, 0),
	gsSP2Triangles(34, 33, 32, 0, 34, 35, 33, 0),
	gsSP2Triangles(36, 35, 34, 0, 36, 37, 35, 0),
	gsSP2Triangles(38, 37, 36, 0, 38, 39, 37, 0),
	gsSP2Triangles(40, 39, 38, 0, 40, 41, 39, 0),
	gsSP2Triangles(42, 43, 44, 0, 42, 44, 45, 0),
	gsSP2Triangles(46, 45, 44, 0, 46, 47, 45, 0),
	gsSP2Triangles(45, 47, 48, 0, 47, 49, 48, 0),
	gsSP2Triangles(47, 50, 49, 0, 50, 47, 51, 0),
	gsSP2Triangles(47, 52, 51, 0, 47, 53, 52, 0),
	gsSP2Triangles(54, 51, 52, 0, 54, 52, 55, 0),
	gsSP2Triangles(56, 57, 58, 0, 56, 58, 59, 0),
	gsSP2Triangles(59, 60, 56, 0, 59, 61, 60, 0),
	gsSP2Triangles(62, 61, 59, 0, 59, 63, 62, 0),
	gsSPVertex(totwc_dl_totwc_seg7_dl_07005D28_mesh_mesh_layer_1_vtx_2 + 383, 64, 0),
	gsSP2Triangles(0, 1, 2, 0, 3, 4, 5, 0),
	gsSP2Triangles(6, 7, 8, 0, 6, 8, 9, 0),
	gsSP2Triangles(10, 9, 8, 0, 10, 11, 9, 0),
	gsSP2Triangles(12, 11, 10, 0, 12, 13, 11, 0),
	gsSP2Triangles(14, 13, 12, 0, 14, 15, 13, 0),
	gsSP2Triangles(16, 15, 14, 0, 16, 17, 15, 0),
	gsSP2Triangles(18, 17, 16, 0, 18, 19, 17, 0),
	gsSP2Triangles(20, 19, 18, 0, 20, 21, 19, 0),
	gsSP2Triangles(21, 22, 19, 0, 21, 23, 22, 0),
	gsSP2Triangles(19, 22, 24, 0, 19, 24, 17, 0),
	gsSP2Triangles(17, 24, 25, 0, 17, 25, 15, 0),
	gsSP2Triangles(15, 25, 26, 0, 15, 26, 13, 0),
	gsSP2Triangles(13, 26, 27, 0, 13, 27, 28, 0),
	gsSP2Triangles(9, 28, 27, 0, 9, 27, 29, 0),
	gsSP2Triangles(6, 9, 29, 0, 6, 29, 30, 0),
	gsSP2Triangles(31, 32, 33, 0, 31, 34, 32, 0),
	gsSP2Triangles(35, 34, 31, 0, 35, 31, 36, 0),
	gsSP2Triangles(37, 35, 36, 0, 37, 36, 38, 0),
	gsSP2Triangles(39, 37, 38, 0, 39, 38, 40, 0),
	gsSP2Triangles(41, 39, 40, 0, 41, 42, 39, 0),
	gsSP2Triangles(43, 42, 41, 0, 43, 44, 42, 0),
	gsSP2Triangles(45, 44, 43, 0, 45, 46, 44, 0),
	gsSP2Triangles(47, 48, 49, 0, 47, 49, 50, 0),
	gsSP2Triangles(50, 51, 47, 0, 50, 52, 51, 0),
	gsSP2Triangles(53, 51, 52, 0, 53, 54, 51, 0),
	gsSP2Triangles(55, 56, 57, 0, 55, 57, 58, 0),
	gsSP2Triangles(59, 60, 61, 0, 59, 62, 60, 0),
	gsSP1Triangle(63, 62, 59, 0),
	gsSPVertex(totwc_dl_totwc_seg7_dl_07005D28_mesh_mesh_layer_1_vtx_2 + 447, 64, 0),
	gsSP2Triangles(0, 1, 2, 0, 3, 1, 0, 0),
	gsSP2Triangles(3, 4, 1, 0, 5, 6, 7, 0),
	gsSP2Triangles(5, 7, 8, 0, 8, 9, 5, 0),
	gsSP2Triangles(8, 10, 9, 0, 11, 9, 10, 0),
	gsSP2Triangles(11, 12, 9, 0, 13, 14, 15, 0),
	gsSP2Triangles(13, 16, 14, 0, 17, 16, 13, 0),
	gsSP2Triangles(17, 13, 18, 0, 16, 19, 14, 0),
	gsSP2Triangles(16, 20, 19, 0, 21, 20, 16, 0),
	gsSP2Triangles(21, 16, 22, 0, 23, 24, 25, 0),
	gsSP2Triangles(23, 25, 26, 0, 27, 28, 29, 0),
	gsSP2Triangles(27, 29, 30, 0, 30, 31, 27, 0),
	gsSP2Triangles(30, 32, 31, 0, 33, 31, 32, 0),
	gsSP2Triangles(33, 34, 31, 0, 35, 36, 37, 0),
	gsSP2Triangles(35, 38, 36, 0, 39, 38, 35, 0),
	gsSP2Triangles(39, 40, 38, 0, 41, 40, 39, 0),
	gsSP2Triangles(41, 42, 40, 0, 43, 44, 45, 0),
	gsSP2Triangles(43, 46, 44, 0, 47, 44, 46, 0),
	gsSP2Triangles(47, 48, 44, 0, 49, 48, 47, 0),
	gsSP2Triangles(49, 50, 48, 0, 51, 52, 53, 0),
	gsSP2Triangles(51, 54, 52, 0, 51, 55, 54, 0),
	gsSP2Triangles(51, 56, 55, 0, 57, 55, 56, 0),
	gsSP2Triangles(57, 56, 58, 0, 59, 57, 58, 0),
	gsSP2Triangles(59, 58, 60, 0, 61, 59, 60, 0),
	gsSP2Triangles(61, 62, 59, 0, 63, 62, 61, 0),
	gsSPVertex(totwc_dl_totwc_seg7_dl_07005D28_mesh_mesh_layer_1_vtx_2 + 511, 64, 0),
	gsSP2Triangles(0, 1, 2, 0, 3, 1, 0, 0),
	gsSP2Triangles(3, 4, 1, 0, 4, 5, 1, 0),
	gsSP2Triangles(4, 6, 5, 0, 1, 5, 7, 0),
	gsSP2Triangles(1, 7, 8, 0, 8, 7, 9, 0),
	gsSP2Triangles(8, 9, 10, 0, 9, 11, 10, 0),
	gsSP2Triangles(9, 12, 11, 0, 12, 13, 11, 0),
	gsSP2Triangles(12, 14, 13, 0, 15, 13, 14, 0),
	gsSP2Triangles(15, 14, 16, 0, 15, 16, 17, 0),
	gsSP2Triangles(15, 17, 18, 0, 19, 20, 21, 0),
	gsSP2Triangles(19, 22, 20, 0, 19, 23, 22, 0),
	gsSP2Triangles(19, 24, 23, 0, 25, 23, 24, 0),
	gsSP2Triangles(25, 24, 26, 0, 27, 25, 26, 0),
	gsSP2Triangles(27, 26, 28, 0, 29, 27, 28, 0),
	gsSP2Triangles(29, 30, 27, 0, 31, 30, 29, 0),
	gsSP2Triangles(31, 32, 30, 0, 33, 32, 31, 0),
	gsSP2Triangles(33, 34, 32, 0, 35, 36, 37, 0),
	gsSP2Triangles(35, 38, 36, 0, 35, 39, 38, 0),
	gsSP2Triangles(35, 40, 39, 0, 41, 39, 40, 0),
	gsSP2Triangles(41, 40, 42, 0, 43, 41, 42, 0),
	gsSP2Triangles(43, 42, 44, 0, 45, 43, 44, 0),
	gsSP2Triangles(45, 46, 43, 0, 47, 46, 45, 0),
	gsSP2Triangles(47, 48, 46, 0, 49, 48, 47, 0),
	gsSP2Triangles(49, 50, 48, 0, 50, 51, 48, 0),
	gsSP2Triangles(50, 52, 51, 0, 48, 51, 53, 0),
	gsSP2Triangles(48, 53, 46, 0, 46, 53, 54, 0),
	gsSP2Triangles(46, 54, 43, 0, 54, 55, 43, 0),
	gsSP2Triangles(54, 56, 55, 0, 56, 39, 55, 0),
	gsSP2Triangles(56, 57, 39, 0, 38, 39, 57, 0),
	gsSP2Triangles(38, 57, 58, 0, 38, 58, 59, 0),
	gsSP2Triangles(38, 59, 36, 0, 60, 61, 62, 0),
	gsSP1Triangle(60, 63, 61, 0),
	gsSPVertex(totwc_dl_totwc_seg7_dl_07005D28_mesh_mesh_layer_1_vtx_2 + 575, 64, 0),
	gsSP2Triangles(0, 1, 2, 0, 0, 2, 3, 0),
	gsSP2Triangles(4, 0, 3, 0, 4, 3, 5, 0),
	gsSP2Triangles(6, 4, 5, 0, 6, 5, 7, 0),
	gsSP2Triangles(8, 6, 7, 0, 8, 9, 6, 0),
	gsSP2Triangles(10, 9, 8, 0, 10, 11, 9, 0),
	gsSP2Triangles(12, 11, 10, 0, 12, 13, 11, 0),
	gsSP2Triangles(13, 14, 11, 0, 13, 15, 14, 0),
	gsSP2Triangles(11, 14, 16, 0, 11, 16, 17, 0),
	gsSP2Triangles(17, 16, 18, 0, 17, 18, 6, 0),
	gsSP2Triangles(6, 18, 19, 0, 6, 19, 4, 0),
	gsSP2Triangles(4, 19, 20, 0, 4, 20, 21, 0),
	gsSP2Triangles(21, 20, 22, 0, 21, 22, 1, 0),
	gsSP2Triangles(22, 23, 1, 0, 22, 24, 23, 0),
	gsSP2Triangles(25, 26, 27, 0, 25, 27, 28, 0),
	gsSP2Triangles(28, 27, 29, 0, 28, 29, 30, 0),
	gsSP2Triangles(31, 28, 30, 0, 32, 33, 34, 0),
	gsSP2Triangles(32, 34, 35, 0, 36, 37, 38, 0),
	gsSP2Triangles(38, 39, 36, 0, 38, 40, 39, 0),
	gsSP2Triangles(41, 36, 39, 0, 39, 42, 41, 0),
	gsSP2Triangles(39, 43, 42, 0, 44, 45, 46, 0),
	gsSP2Triangles(44, 46, 47, 0, 47, 46, 48, 0),
	gsSP2Triangles(47, 48, 49, 0, 49, 48, 50, 0),
	gsSP2Triangles(49, 50, 51, 0, 52, 53, 54, 0),
	gsSP2Triangles(52, 55, 53, 0, 56, 55, 52, 0),
	gsSP2Triangles(56, 57, 55, 0, 58, 57, 56, 0),
	gsSP2Triangles(58, 59, 57, 0, 60, 61, 62, 0),
	gsSP1Triangle(60, 63, 61, 0),
	gsSPVertex(totwc_dl_totwc_seg7_dl_07005D28_mesh_mesh_layer_1_vtx_2 + 639, 64, 0),
	gsSP2Triangles(0, 1, 2, 0, 3, 0, 2, 0),
	gsSP2Triangles(0, 3, 4, 0, 0, 4, 5, 0),
	gsSP2Triangles(0, 6, 1, 0, 7, 8, 9, 0),
	gsSP2Triangles(8, 10, 9, 0, 8, 11, 10, 0),
	gsSP2Triangles(12, 11, 8, 0, 12, 8, 13, 0),
	gsSP2Triangles(14, 15, 16, 0, 14, 16, 17, 0),
	gsSP2Triangles(17, 18, 14, 0, 19, 14, 18, 0),
	gsSP2Triangles(18, 20, 19, 0, 19, 21, 14, 0),
	gsSP2Triangles(22, 23, 24, 0, 22, 24, 25, 0),
	gsSP2Triangles(26, 25, 24, 0, 26, 24, 27, 0),
	gsSP2Triangles(26, 27, 28, 0, 26, 28, 29, 0),
	gsSP2Triangles(30, 31, 32, 0, 30, 32, 33, 0),
	gsSP2Triangles(34, 35, 36, 0, 34, 36, 37, 0),
	gsSP2Triangles(38, 39, 40, 0, 38, 40, 41, 0),
	gsSP2Triangles(42, 43, 44, 0, 42, 45, 43, 0),
	gsSP2Triangles(45, 42, 46, 0, 42, 47, 46, 0),
	gsSP2Triangles(42, 48, 47, 0, 46, 47, 49, 0),
	gsSP2Triangles(46, 49, 50, 0, 51, 52, 53, 0),
	gsSP2Triangles(51, 54, 52, 0, 54, 51, 55, 0),
	gsSP2Triangles(56, 54, 55, 0, 56, 55, 57, 0),
	gsSP2Triangles(58, 57, 55, 0, 58, 55, 59, 0),
	gsSP2Triangles(60, 61, 62, 0, 60, 63, 61, 0),
	gsSPVertex(totwc_dl_totwc_seg7_dl_07005D28_mesh_mesh_layer_1_vtx_2 + 703, 64, 0),
	gsSP2Triangles(0, 1, 2, 0, 0, 3, 1, 0),
	gsSP2Triangles(4, 3, 0, 0, 4, 5, 3, 0),
	gsSP2Triangles(6, 7, 8, 0, 6, 8, 9, 0),
	gsSP2Triangles(10, 11, 12, 0, 10, 12, 13, 0),
	gsSP2Triangles(14, 10, 13, 0, 14, 15, 10, 0),
	gsSP2Triangles(16, 15, 14, 0, 16, 17, 15, 0),
	gsSP2Triangles(18, 19, 20, 0, 18, 21, 19, 0),
	gsSP2Triangles(18, 22, 21, 0, 18, 23, 22, 0),
	gsSP2Triangles(24, 22, 23, 0, 24, 23, 25, 0),
	gsSP2Triangles(26, 24, 25, 0, 26, 25, 27, 0),
	gsSP2Triangles(28, 26, 27, 0, 28, 29, 26, 0),
	gsSP2Triangles(30, 29, 28, 0, 30, 31, 29, 0),
	gsSP2Triangles(32, 31, 30, 0, 32, 33, 31, 0),
	gsSP2Triangles(34, 35, 36, 0, 34, 37, 35, 0),
	gsSP2Triangles(34, 38, 37, 0, 34, 39, 38, 0),
	gsSP2Triangles(40, 38, 39, 0, 40, 39, 41, 0),
	gsSP2Triangles(42, 40, 41, 0, 42, 41, 43, 0),
	gsSP2Triangles(44, 42, 43, 0, 44, 45, 42, 0),
	gsSP2Triangles(46, 45, 44, 0, 46, 47, 45, 0),
	gsSP2Triangles(48, 47, 46, 0, 48, 49, 47, 0),
	gsSP2Triangles(49, 50, 47, 0, 49, 51, 50, 0),
	gsSP2Triangles(47, 50, 52, 0, 47, 52, 53, 0),
	gsSP2Triangles(53, 52, 54, 0, 53, 54, 42, 0),
	gsSP2Triangles(54, 55, 42, 0, 54, 56, 55, 0),
	gsSP2Triangles(56, 38, 55, 0, 56, 57, 38, 0),
	gsSP2Triangles(37, 38, 57, 0, 37, 57, 58, 0),
	gsSP2Triangles(37, 58, 59, 0, 37, 59, 35, 0),
	gsSP2Triangles(60, 61, 62, 0, 60, 63, 61, 0),
	gsSPVertex(totwc_dl_totwc_seg7_dl_07005D28_mesh_mesh_layer_1_vtx_2 + 767, 64, 0),
	gsSP2Triangles(0, 1, 2, 0, 0, 3, 1, 0),
	gsSP2Triangles(4, 1, 3, 0, 4, 3, 5, 0),
	gsSP2Triangles(6, 4, 5, 0, 6, 5, 7, 0),
	gsSP2Triangles(8, 6, 7, 0, 8, 9, 6, 0),
	gsSP2Triangles(10, 9, 8, 0, 10, 11, 9, 0),
	gsSP2Triangles(12, 11, 10, 0, 12, 13, 11, 0),
	gsSP2Triangles(14, 15, 16, 0, 14, 17, 15, 0),
	gsSP2Triangles(14, 18, 17, 0, 14, 19, 18, 0),
	gsSP2Triangles(20, 18, 19, 0, 20, 19, 21, 0),
	gsSP2Triangles(22, 20, 21, 0, 22, 21, 23, 0),
	gsSP2Triangles(24, 22, 23, 0, 24, 25, 22, 0),
	gsSP2Triangles(26, 25, 24, 0, 26, 27, 25, 0),
	gsSP2Triangles(28, 27, 26, 0, 28, 29, 27, 0),
	gsSP2Triangles(29, 30, 27, 0, 29, 31, 30, 0),
	gsSP2Triangles(27, 30, 32, 0, 27, 32, 25, 0),
	gsSP2Triangles(25, 32, 33, 0, 25, 33, 22, 0),
	gsSP2Triangles(33, 34, 22, 0, 33, 35, 34, 0),
	gsSP2Triangles(35, 18, 34, 0, 35, 36, 18, 0),
	gsSP2Triangles(17, 18, 36, 0, 17, 36, 37, 0),
	gsSP2Triangles(17, 37, 38, 0, 17, 38, 15, 0),
	gsSP2Triangles(39, 40, 41, 0, 39, 41, 42, 0),
	gsSP2Triangles(42, 41, 43, 0, 42, 43, 44, 0),
	gsSP2Triangles(45, 42, 44, 0, 46, 47, 48, 0),
	gsSP2Triangles(46, 48, 49, 0, 50, 51, 52, 0),
	gsSP2Triangles(50, 52, 53, 0, 53, 54, 50, 0),
	gsSP2Triangles(55, 50, 54, 0, 54, 56, 55, 0),
	gsSP2Triangles(55, 57, 50, 0, 58, 59, 60, 0),
	gsSP2Triangles(58, 60, 61, 0, 61, 60, 62, 0),
	gsSP1Triangle(61, 62, 63, 0),
	gsSPVertex(totwc_dl_totwc_seg7_dl_07005D28_mesh_mesh_layer_1_vtx_2 + 831, 64, 0),
	gsSP2Triangles(0, 1, 2, 0, 0, 2, 3, 0),
	gsSP2Triangles(4, 5, 6, 0, 4, 7, 5, 0),
	gsSP2Triangles(8, 5, 7, 0, 9, 8, 7, 0),
	gsSP2Triangles(8, 9, 10, 0, 8, 10, 11, 0),
	gsSP2Triangles(12, 8, 11, 0, 12, 11, 13, 0),
	gsSP2Triangles(12, 13, 14, 0, 12, 14, 15, 0),
	gsSP2Triangles(16, 15, 14, 0, 16, 14, 17, 0),
	gsSP2Triangles(15, 18, 12, 0, 15, 19, 18, 0),
	gsSP2Triangles(20, 12, 18, 0, 20, 8, 12, 0),
	gsSP2Triangles(8, 21, 5, 0, 22, 23, 24, 0),
	gsSP2Triangles(22, 25, 23, 0, 26, 25, 22, 0),
	gsSP2Triangles(26, 27, 25, 0, 25, 28, 23, 0),
	gsSP2Triangles(23, 28, 29, 0, 23, 29, 30, 0),
	gsSP2Triangles(23, 30, 31, 0, 23, 31, 32, 0),
	gsSP2Triangles(33, 32, 31, 0, 33, 31, 34, 0),
	gsSP2Triangles(35, 33, 34, 0, 35, 34, 36, 0),
	gsSP2Triangles(32, 33, 37, 0, 32, 37, 38, 0),
	gsSP2Triangles(32, 38, 39, 0, 32, 39, 23, 0),
	gsSP2Triangles(40, 41, 42, 0, 40, 42, 43, 0),
	gsSP2Triangles(43, 44, 40, 0, 45, 40, 44, 0),
	gsSP2Triangles(44, 46, 45, 0, 45, 47, 40, 0),
	gsSP2Triangles(48, 49, 50, 0, 48, 50, 51, 0),
	gsSP2Triangles(52, 53, 54, 0, 52, 54, 55, 0),
	gsSP2Triangles(56, 57, 58, 0, 56, 58, 59, 0),
	gsSP2Triangles(60, 61, 62, 0, 60, 63, 61, 0),
	gsSPVertex(totwc_dl_totwc_seg7_dl_07005D28_mesh_mesh_layer_1_vtx_2 + 895, 63, 0),
	gsSP2Triangles(0, 1, 2, 0, 0, 2, 3, 0),
	gsSP2Triangles(4, 0, 3, 0, 4, 3, 5, 0),
	gsSP2Triangles(6, 0, 4, 0, 6, 4, 7, 0),
	gsSP2Triangles(8, 9, 10, 0, 8, 10, 11, 0),
	gsSP2Triangles(12, 13, 14, 0, 12, 14, 15, 0),
	gsSP2Triangles(16, 17, 18, 0, 16, 19, 17, 0),
	gsSP2Triangles(20, 19, 16, 0, 21, 20, 16, 0),
	gsSP2Triangles(21, 16, 22, 0, 23, 20, 21, 0),
	gsSP2Triangles(23, 24, 20, 0, 25, 26, 27, 0),
	gsSP2Triangles(25, 27, 28, 0, 25, 28, 29, 0),
	gsSP2Triangles(30, 29, 28, 0, 30, 28, 31, 0),
	gsSP2Triangles(32, 33, 34, 0, 32, 34, 35, 0),
	gsSP2Triangles(36, 37, 38, 0, 36, 39, 37, 0),
	gsSP2Triangles(40, 39, 36, 0, 40, 41, 39, 0),
	gsSP2Triangles(42, 39, 41, 0, 42, 43, 39, 0),
	gsSP2Triangles(44, 43, 42, 0, 44, 45, 43, 0),
	gsSP2Triangles(46, 45, 44, 0, 46, 47, 45, 0),
	gsSP2Triangles(48, 47, 46, 0, 48, 49, 47, 0),
	gsSP2Triangles(50, 49, 48, 0, 50, 51, 49, 0),
	gsSP2Triangles(52, 51, 50, 0, 52, 53, 51, 0),
	gsSP2Triangles(53, 54, 51, 0, 53, 55, 54, 0),
	gsSP2Triangles(51, 54, 56, 0, 51, 56, 57, 0),
	gsSP2Triangles(57, 56, 58, 0, 57, 58, 59, 0),
	gsSP2Triangles(59, 58, 60, 0, 59, 60, 45, 0),
	gsSP2Triangles(45, 60, 61, 0, 45, 61, 62, 0),
	gsSP2Triangles(62, 61, 37, 0, 62, 37, 39, 0),
	gsSPVertex(totwc_dl_totwc_seg7_dl_07005D28_mesh_mesh_layer_1_vtx_2 + 958, 64, 0),
	gsSP2Triangles(0, 1, 2, 0, 0, 3, 1, 0),
	gsSP2Triangles(4, 1, 3, 0, 4, 5, 1, 0),
	gsSP2Triangles(6, 5, 4, 0, 6, 7, 5, 0),
	gsSP2Triangles(8, 7, 6, 0, 8, 9, 7, 0),
	gsSP2Triangles(10, 9, 8, 0, 10, 11, 9, 0),
	gsSP2Triangles(12, 11, 10, 0, 12, 13, 11, 0),
	gsSP2Triangles(14, 13, 12, 0, 14, 15, 13, 0),
	gsSP2Triangles(16, 17, 18, 0, 16, 19, 17, 0),
	gsSP2Triangles(20, 19, 16, 0, 20, 21, 19, 0),
	gsSP2Triangles(22, 19, 21, 0, 22, 23, 19, 0),
	gsSP2Triangles(24, 23, 22, 0, 24, 25, 23, 0),
	gsSP2Triangles(26, 25, 24, 0, 26, 27, 25, 0),
	gsSP2Triangles(28, 27, 26, 0, 28, 29, 27, 0),
	gsSP2Triangles(30, 29, 28, 0, 30, 31, 29, 0),
	gsSP2Triangles(32, 31, 30, 0, 32, 33, 31, 0),
	gsSP2Triangles(33, 34, 31, 0, 33, 35, 34, 0),
	gsSP2Triangles(31, 34, 36, 0, 31, 36, 37, 0),
	gsSP2Triangles(37, 36, 38, 0, 37, 38, 27, 0),
	gsSP2Triangles(27, 38, 39, 0, 27, 39, 25, 0),
	gsSP2Triangles(25, 39, 40, 0, 25, 40, 41, 0),
	gsSP2Triangles(41, 40, 17, 0, 41, 17, 19, 0),
	gsSP2Triangles(42, 43, 44, 0, 42, 45, 43, 0),
	gsSP2Triangles(46, 45, 42, 0, 46, 47, 45, 0),
	gsSP2Triangles(48, 45, 47, 0, 48, 49, 45, 0),
	gsSP2Triangles(50, 49, 48, 0, 50, 51, 49, 0),
	gsSP2Triangles(52, 51, 50, 0, 52, 53, 51, 0),
	gsSP2Triangles(54, 53, 52, 0, 54, 55, 53, 0),
	gsSP2Triangles(56, 55, 54, 0, 56, 57, 55, 0),
	gsSP2Triangles(58, 57, 56, 0, 58, 59, 57, 0),
	gsSP2Triangles(60, 43, 45, 0, 60, 61, 43, 0),
	gsSP2Triangles(62, 61, 60, 0, 62, 63, 61, 0),
	gsSPVertex(totwc_dl_totwc_seg7_dl_07005D28_mesh_mesh_layer_1_vtx_2 + 1022, 64, 0),
	gsSP2Triangles(0, 1, 2, 0, 0, 3, 1, 0),
	gsSP2Triangles(4, 3, 0, 0, 4, 5, 3, 0),
	gsSP2Triangles(6, 5, 4, 0, 6, 7, 5, 0),
	gsSP2Triangles(8, 7, 6, 0, 8, 9, 7, 0),
	gsSP2Triangles(10, 11, 12, 0, 10, 12, 13, 0),
	gsSP2Triangles(14, 15, 16, 0, 14, 16, 17, 0),
	gsSP2Triangles(18, 17, 16, 0, 18, 19, 17, 0),
	gsSP2Triangles(19, 20, 17, 0, 21, 22, 23, 0),
	gsSP2Triangles(21, 23, 24, 0, 24, 25, 21, 0),
	gsSP2Triangles(26, 25, 24, 0, 24, 27, 26, 0),
	gsSP2Triangles(24, 28, 27, 0, 29, 30, 31, 0),
	gsSP2Triangles(29, 31, 32, 0, 33, 34, 35, 0),
	gsSP2Triangles(33, 35, 36, 0, 37, 38, 39, 0),
	gsSP2Triangles(37, 39, 40, 0, 41, 42, 43, 0),
	gsSP2Triangles(41, 43, 44, 0, 44, 45, 41, 0),
	gsSP2Triangles(44, 46, 45, 0, 47, 46, 44, 0),
	gsSP2Triangles(44, 48, 47, 0, 44, 49, 48, 0),
	gsSP2Triangles(47, 50, 46, 0, 51, 52, 53, 0),
	gsSP2Triangles(51, 54, 52, 0, 55, 52, 54, 0),
	gsSP2Triangles(55, 56, 52, 0, 57, 56, 55, 0),
	gsSP2Triangles(57, 58, 56, 0, 59, 58, 57, 0),
	gsSP2Triangles(59, 60, 58, 0, 61, 60, 59, 0),
	gsSP2Triangles(61, 62, 60, 0, 63, 62, 61, 0),
	gsSPVertex(totwc_dl_totwc_seg7_dl_07005D28_mesh_mesh_layer_1_vtx_2 + 1086, 64, 0),
	gsSP2Triangles(0, 1, 2, 0, 3, 1, 0, 0),
	gsSP2Triangles(3, 4, 1, 0, 5, 6, 7, 0),
	gsSP2Triangles(5, 7, 8, 0, 8, 7, 9, 0),
	gsSP2Triangles(8, 9, 10, 0, 10, 9, 11, 0),
	gsSP2Triangles(9, 12, 11, 0, 9, 13, 12, 0),
	gsSP2Triangles(14, 13, 9, 0, 14, 15, 13, 0),
	gsSP2Triangles(6, 15, 14, 0, 6, 16, 15, 0),
	gsSP2Triangles(12, 17, 11, 0, 12, 18, 17, 0),
	gsSP2Triangles(18, 19, 17, 0, 18, 20, 19, 0),
	gsSP2Triangles(21, 19, 20, 0, 21, 20, 22, 0),
	gsSP2Triangles(21, 22, 23, 0, 21, 23, 24, 0),
	gsSP2Triangles(25, 21, 24, 0, 25, 26, 21, 0),
	gsSP2Triangles(27, 21, 26, 0, 27, 19, 21, 0),
	gsSP2Triangles(28, 19, 27, 0, 28, 17, 19, 0),
	gsSP2Triangles(29, 17, 28, 0, 29, 11, 17, 0),
	gsSP2Triangles(10, 11, 29, 0, 30, 31, 32, 0),
	gsSP2Triangles(30, 32, 33, 0, 33, 32, 34, 0),
	gsSP2Triangles(33, 34, 35, 0, 35, 34, 36, 0),
	gsSP2Triangles(35, 36, 37, 0, 37, 36, 38, 0),
	gsSP2Triangles(37, 38, 39, 0, 39, 38, 40, 0),
	gsSP2Triangles(39, 40, 41, 0, 42, 41, 40, 0),
	gsSP2Triangles(42, 40, 43, 0, 42, 43, 44, 0),
	gsSP2Triangles(42, 44, 45, 0, 46, 42, 45, 0),
	gsSP2Triangles(46, 47, 42, 0, 48, 42, 47, 0),
	gsSP2Triangles(48, 41, 42, 0, 49, 41, 48, 0),
	gsSP2Triangles(49, 39, 41, 0, 50, 39, 49, 0),
	gsSP2Triangles(50, 37, 39, 0, 51, 37, 50, 0),
	gsSP2Triangles(51, 52, 37, 0, 53, 52, 51, 0),
	gsSP2Triangles(53, 54, 52, 0, 55, 54, 53, 0),
	gsSP2Triangles(55, 30, 54, 0, 56, 57, 58, 0),
	gsSP2Triangles(59, 57, 56, 0, 60, 57, 59, 0),
	gsSP2Triangles(61, 57, 60, 0, 61, 62, 57, 0),
	gsSP1Triangle(63, 57, 62, 0),
	gsSPVertex(totwc_dl_totwc_seg7_dl_07005D28_mesh_mesh_layer_1_vtx_2 + 1150, 28, 0),
	gsSP2Triangles(0, 1, 2, 0, 3, 1, 0, 0),
	gsSP2Triangles(4, 1, 3, 0, 4, 5, 1, 0),
	gsSP2Triangles(6, 1, 5, 0, 7, 1, 6, 0),
	gsSP2Triangles(7, 8, 1, 0, 8, 9, 1, 0),
	gsSP2Triangles(10, 1, 9, 0, 10, 11, 1, 0),
	gsSP2Triangles(11, 12, 1, 0, 12, 13, 1, 0),
	gsSP2Triangles(14, 1, 13, 0, 14, 15, 1, 0),
	gsSP2Triangles(16, 1, 15, 0, 16, 17, 1, 0),
	gsSP2Triangles(18, 1, 17, 0, 18, 19, 1, 0),
	gsSP2Triangles(19, 20, 1, 0, 20, 21, 1, 0),
	gsSP2Triangles(21, 22, 1, 0, 22, 23, 1, 0),
	gsSP2Triangles(23, 24, 1, 0, 24, 25, 1, 0),
	gsSP2Triangles(26, 1, 25, 0, 27, 1, 26, 0),
	gsSPEndDisplayList(),
};

Vtx totwc_dl_totwc_seg7_dl_07005D28_mesh_mesh_layer_1_vtx_3[4150] = {
	{{{4499, 1789, -3964}, 0, {193, 976}, {0xAC, 0x7B, 0x29, 0xFF}}},
	{{{4470, 1816, -3964}, 0, {196, 970}, {0xAC, 0x7B, 0x29, 0xFF}}},
	{{{4470, 1789, -3964}, 0, {196, 976}, {0xAC, 0x7B, 0x29, 0xFF}}},
	{{{4499, 1789, -4223}, 0, {193, 976}, {0xAC, 0x7B, 0x29, 0xFF}}},
	{{{4470, 1789, -4223}, 0, {196, 970}, {0xAC, 0x7B, 0x29, 0xFF}}},
	{{{4470, 1816, -4223}, 0, {196, 976}, {0xAC, 0x7B, 0x29, 0xFF}}},
	{{{4499, 1746, -3964}, 0, {193, 976}, {0xAC, 0x7B, 0x29, 0xFF}}},
	{{{4470, 1774, -3964}, 0, {196, 970}, {0xAC, 0x7B, 0x29, 0xFF}}},
	{{{4470, 1746, -3964}, 0, {196, 976}, {0xAC, 0x7B, 0x29, 0xFF}}},
	{{{4499, 1746, -4223}, 0, {193, 976}, {0xAC, 0x7B, 0x29, 0xFF}}},
	{{{4470, 1746, -4223}, 0, {196, 970}, {0xAC, 0x7B, 0x29, 0xFF}}},
	{{{4470, 1774, -4223}, 0, {196, 976}, {0xAC, 0x7B, 0x29, 0xFF}}},
	{{{4499, 1702, -3964}, 0, {193, 976}, {0xAC, 0x7B, 0x29, 0xFF}}},
	{{{4470, 1730, -3964}, 0, {196, 970}, {0xAC, 0x7B, 0x29, 0xFF}}},
	{{{4470, 1702, -3964}, 0, {196, 976}, {0xAC, 0x7B, 0x29, 0xFF}}},
	{{{4499, 1702, -4223}, 0, {193, 976}, {0xAC, 0x7B, 0x29, 0xFF}}},
	{{{4470, 1702, -4223}, 0, {196, 970}, {0xAC, 0x7B, 0x29, 0xFF}}},
	{{{4470, 1730, -4223}, 0, {196, 976}, {0xAC, 0x7B, 0x29, 0xFF}}},
	{{{4499, 1661, -3964}, 0, {193, 976}, {0xAC, 0x7B, 0x29, 0xFF}}},
	{{{4470, 1688, -3964}, 0, {196, 970}, {0xAC, 0x7B, 0x29, 0xFF}}},
	{{{4470, 1661, -3964}, 0, {196, 976}, {0xAC, 0x7B, 0x29, 0xFF}}},
	{{{4499, 1661, -4223}, 0, {193, 976}, {0xAC, 0x7B, 0x29, 0xFF}}},
	{{{4470, 1661, -4223}, 0, {196, 970}, {0xAC, 0x7B, 0x29, 0xFF}}},
	{{{4470, 1688, -4223}, 0, {196, 976}, {0xAC, 0x7B, 0x29, 0xFF}}},
	{{{4499, 1617, -3964}, 0, {193, 976}, {0xAC, 0x7B, 0x29, 0xFF}}},
	{{{4470, 1644, -3964}, 0, {196, 970}, {0xAC, 0x7B, 0x29, 0xFF}}},
	{{{4470, 1617, -3964}, 0, {196, 976}, {0xAC, 0x7B, 0x29, 0xFF}}},
	{{{4499, 1617, -4223}, 0, {193, 976}, {0xAC, 0x7B, 0x29, 0xFF}}},
	{{{4470, 1617, -4223}, 0, {196, 970}, {0xAC, 0x7B, 0x29, 0xFF}}},
	{{{4470, 1644, -4223}, 0, {196, 976}, {0xAC, 0x7B, 0x29, 0xFF}}},
	{{{4499, 1573, -3964}, 0, {193, 976}, {0xAC, 0x7B, 0x29, 0xFF}}},
	{{{4470, 1600, -3964}, 0, {196, 970}, {0xAC, 0x7B, 0x29, 0xFF}}},
	{{{4470, 1573, -3964}, 0, {196, 976}, {0xAC, 0x7B, 0x29, 0xFF}}},
	{{{4499, 1573, -4223}, 0, {193, 976}, {0xAC, 0x7B, 0x29, 0xFF}}},
	{{{4470, 1573, -4223}, 0, {196, 970}, {0xAC, 0x7B, 0x29, 0xFF}}},
	{{{4470, 1600, -4223}, 0, {196, 976}, {0xAC, 0x7B, 0x29, 0xFF}}},
	{{{4499, 1529, -3964}, 0, {193, 976}, {0xAC, 0x7B, 0x29, 0xFF}}},
	{{{4470, 1557, -3964}, 0, {196, 970}, {0xAC, 0x7B, 0x29, 0xFF}}},
	{{{4470, 1529, -3964}, 0, {196, 976}, {0xAC, 0x7B, 0x29, 0xFF}}},
	{{{4499, 1529, -4223}, 0, {193, 976}, {0xAC, 0x7B, 0x29, 0xFF}}},
	{{{4470, 1529, -4223}, 0, {196, 970}, {0xAC, 0x7B, 0x29, 0xFF}}},
	{{{4470, 1557, -4223}, 0, {196, 976}, {0xAC, 0x7B, 0x29, 0xFF}}},
	{{{4499, 1487, -3964}, 0, {193, 976}, {0xAC, 0x7B, 0x29, 0xFF}}},
	{{{4470, 1514, -3964}, 0, {196, 970}, {0xAC, 0x7B, 0x29, 0xFF}}},
	{{{4470, 1487, -3964}, 0, {196, 976}, {0xAC, 0x7B, 0x29, 0xFF}}},
	{{{4499, 1487, -4223}, 0, {193, 976}, {0xAC, 0x7B, 0x29, 0xFF}}},
	{{{4470, 1487, -4223}, 0, {196, 970}, {0xAC, 0x7B, 0x29, 0xFF}}},
	{{{4470, 1514, -4223}, 0, {196, 976}, {0xAC, 0x7B, 0x29, 0xFF}}},
	{{{4499, 1443, -3964}, 0, {193, 976}, {0xAC, 0x7B, 0x29, 0xFF}}},
	{{{4470, 1470, -3964}, 0, {196, 970}, {0xAC, 0x7B, 0x29, 0xFF}}},
	{{{4470, 1443, -3964}, 0, {196, 976}, {0xAC, 0x7B, 0x29, 0xFF}}},
	{{{4499, 1443, -4223}, 0, {193, 976}, {0xAC, 0x7B, 0x29, 0xFF}}},
	{{{4470, 1443, -4223}, 0, {196, 970}, {0xAC, 0x7B, 0x29, 0xFF}}},
	{{{4470, 1470, -4223}, 0, {196, 976}, {0xAC, 0x7B, 0x29, 0xFF}}},
	{{{4499, 1404, -3964}, 0, {193, 976}, {0xAC, 0x7B, 0x29, 0xFF}}},
	{{{4470, 1431, -3964}, 0, {196, 970}, {0xAC, 0x7B, 0x29, 0xFF}}},
	{{{4470, 1404, -3964}, 0, {196, 976}, {0xAC, 0x7B, 0x29, 0xFF}}},
	{{{4499, 1404, -4223}, 0, {193, 976}, {0xAC, 0x7B, 0x29, 0xFF}}},
	{{{4470, 1404, -4223}, 0, {196, 970}, {0xAC, 0x7B, 0x29, 0xFF}}},
	{{{4470, 1431, -4223}, 0, {196, 976}, {0xAC, 0x7B, 0x29, 0xFF}}},
	{{{3684, 1789, -3964}, 0, {193, 976}, {0xAC, 0x7B, 0x29, 0xFF}}},
	{{{3713, 1789, -3964}, 0, {196, 970}, {0xAC, 0x7B, 0x29, 0xFF}}},
	{{{3713, 1816, -3964}, 0, {196, 976}, {0xAC, 0x7B, 0x29, 0xFF}}},
	{{{3684, 1789, -4223}, 0, {193, 976}, {0xAC, 0x7B, 0x29, 0xFF}}},
	{{{3713, 1816, -4223}, 0, {196, 970}, {0xAC, 0x7B, 0x29, 0xFF}}},
	{{{3713, 1789, -4223}, 0, {196, 976}, {0xAC, 0x7B, 0x29, 0xFF}}},
	{{{3684, 1746, -3964}, 0, {193, 976}, {0xAC, 0x7B, 0x29, 0xFF}}},
	{{{3713, 1746, -3964}, 0, {196, 970}, {0xAC, 0x7B, 0x29, 0xFF}}},
	{{{3713, 1774, -3964}, 0, {196, 976}, {0xAC, 0x7B, 0x29, 0xFF}}},
	{{{3684, 1746, -4223}, 0, {193, 976}, {0xAC, 0x7B, 0x29, 0xFF}}},
	{{{3713, 1774, -4223}, 0, {196, 970}, {0xAC, 0x7B, 0x29, 0xFF}}},
	{{{3713, 1746, -4223}, 0, {196, 976}, {0xAC, 0x7B, 0x29, 0xFF}}},
	{{{3684, 1702, -3964}, 0, {193, 976}, {0xAC, 0x7B, 0x29, 0xFF}}},
	{{{3713, 1702, -3964}, 0, {196, 970}, {0xAC, 0x7B, 0x29, 0xFF}}},
	{{{3713, 1730, -3964}, 0, {196, 976}, {0xAC, 0x7B, 0x29, 0xFF}}},
	{{{3684, 1702, -4223}, 0, {193, 976}, {0xAC, 0x7B, 0x29, 0xFF}}},
	{{{3713, 1730, -4223}, 0, {196, 970}, {0xAC, 0x7B, 0x29, 0xFF}}},
	{{{3713, 1702, -4223}, 0, {196, 976}, {0xAC, 0x7B, 0x29, 0xFF}}},
	{{{3684, 1661, -3964}, 0, {193, 976}, {0xAC, 0x7B, 0x29, 0xFF}}},
	{{{3713, 1661, -3964}, 0, {196, 970}, {0xAC, 0x7B, 0x29, 0xFF}}},
	{{{3713, 1688, -3964}, 0, {196, 976}, {0xAC, 0x7B, 0x29, 0xFF}}},
	{{{3684, 1661, -4223}, 0, {193, 976}, {0xAC, 0x7B, 0x29, 0xFF}}},
	{{{3713, 1688, -4223}, 0, {196, 970}, {0xAC, 0x7B, 0x29, 0xFF}}},
	{{{3713, 1661, -4223}, 0, {196, 976}, {0xAC, 0x7B, 0x29, 0xFF}}},
	{{{3684, 1617, -3964}, 0, {193, 976}, {0xAC, 0x7B, 0x29, 0xFF}}},
	{{{3713, 1617, -3964}, 0, {196, 970}, {0xAC, 0x7B, 0x29, 0xFF}}},
	{{{3713, 1644, -3964}, 0, {196, 976}, {0xAC, 0x7B, 0x29, 0xFF}}},
	{{{3684, 1617, -4223}, 0, {193, 976}, {0xAC, 0x7B, 0x29, 0xFF}}},
	{{{3713, 1644, -4223}, 0, {196, 970}, {0xAC, 0x7B, 0x29, 0xFF}}},
	{{{3713, 1617, -4223}, 0, {196, 976}, {0xAC, 0x7B, 0x29, 0xFF}}},
	{{{3684, 1573, -3964}, 0, {193, 976}, {0xAC, 0x7B, 0x29, 0xFF}}},
	{{{3713, 1573, -3964}, 0, {196, 970}, {0xAC, 0x7B, 0x29, 0xFF}}},
	{{{3713, 1600, -3964}, 0, {196, 976}, {0xAC, 0x7B, 0x29, 0xFF}}},
	{{{3684, 1573, -4223}, 0, {193, 976}, {0xAC, 0x7B, 0x29, 0xFF}}},
	{{{3713, 1600, -4223}, 0, {196, 970}, {0xAC, 0x7B, 0x29, 0xFF}}},
	{{{3713, 1573, -4223}, 0, {196, 976}, {0xAC, 0x7B, 0x29, 0xFF}}},
	{{{3684, 1529, -3964}, 0, {193, 976}, {0xAC, 0x7B, 0x29, 0xFF}}},
	{{{3713, 1529, -3964}, 0, {196, 970}, {0xAC, 0x7B, 0x29, 0xFF}}},
	{{{3713, 1557, -3964}, 0, {196, 976}, {0xAC, 0x7B, 0x29, 0xFF}}},
	{{{3684, 1529, -4223}, 0, {193, 976}, {0xAC, 0x7B, 0x29, 0xFF}}},
	{{{3713, 1557, -4223}, 0, {196, 970}, {0xAC, 0x7B, 0x29, 0xFF}}},
	{{{3713, 1529, -4223}, 0, {196, 976}, {0xAC, 0x7B, 0x29, 0xFF}}},
	{{{3684, 1487, -3964}, 0, {193, 976}, {0xAC, 0x7B, 0x29, 0xFF}}},
	{{{3713, 1487, -3964}, 0, {196, 970}, {0xAC, 0x7B, 0x29, 0xFF}}},
	{{{3713, 1514, -3964}, 0, {196, 976}, {0xAC, 0x7B, 0x29, 0xFF}}},
	{{{3684, 1487, -4223}, 0, {193, 976}, {0xAC, 0x7B, 0x29, 0xFF}}},
	{{{3713, 1514, -4223}, 0, {196, 970}, {0xAC, 0x7B, 0x29, 0xFF}}},
	{{{3713, 1487, -4223}, 0, {196, 976}, {0xAC, 0x7B, 0x29, 0xFF}}},
	{{{3684, 1443, -3964}, 0, {193, 976}, {0xAC, 0x7B, 0x29, 0xFF}}},
	{{{3713, 1443, -3964}, 0, {196, 970}, {0xAC, 0x7B, 0x29, 0xFF}}},
	{{{3713, 1470, -3964}, 0, {196, 976}, {0xAC, 0x7B, 0x29, 0xFF}}},
	{{{3684, 1443, -4223}, 0, {193, 976}, {0xAC, 0x7B, 0x29, 0xFF}}},
	{{{3713, 1470, -4223}, 0, {196, 970}, {0xAC, 0x7B, 0x29, 0xFF}}},
	{{{3713, 1443, -4223}, 0, {196, 976}, {0xAC, 0x7B, 0x29, 0xFF}}},
	{{{3684, 1404, -3964}, 0, {193, 976}, {0xAC, 0x7B, 0x29, 0xFF}}},
	{{{3713, 1404, -3964}, 0, {196, 970}, {0xAC, 0x7B, 0x29, 0xFF}}},
	{{{3713, 1431, -3964}, 0, {196, 976}, {0xAC, 0x7B, 0x29, 0xFF}}},
	{{{3684, 1404, -4223}, 0, {193, 976}, {0xAC, 0x7B, 0x29, 0xFF}}},
	{{{3713, 1431, -4223}, 0, {196, 970}, {0xAC, 0x7B, 0x29, 0xFF}}},
	{{{3713, 1404, -4223}, 0, {196, 976}, {0xAC, 0x7B, 0x29, 0xFF}}},
	{{{4222, 1789, -4501}, 0, {193, 976}, {0xAC, 0x7B, 0x29, 0xFF}}},
	{{{4222, 1816, -4472}, 0, {196, 970}, {0xAC, 0x7B, 0x29, 0xFF}}},
	{{{4222, 1789, -4472}, 0, {196, 976}, {0xAC, 0x7B, 0x29, 0xFF}}},
	{{{3962, 1789, -4501}, 0, {193, 976}, {0xAC, 0x7B, 0x29, 0xFF}}},
	{{{3962, 1789, -4472}, 0, {196, 970}, {0xAC, 0x7B, 0x29, 0xFF}}},
	{{{3962, 1816, -4472}, 0, {196, 976}, {0xAC, 0x7B, 0x29, 0xFF}}},
	{{{4222, 1746, -4501}, 0, {193, 976}, {0xAC, 0x7B, 0x29, 0xFF}}},
	{{{4222, 1774, -4472}, 0, {196, 970}, {0xAC, 0x7B, 0x29, 0xFF}}},
	{{{4222, 1746, -4472}, 0, {196, 976}, {0xAC, 0x7B, 0x29, 0xFF}}},
	{{{3962, 1746, -4501}, 0, {193, 976}, {0xAC, 0x7B, 0x29, 0xFF}}},
	{{{3962, 1746, -4472}, 0, {196, 970}, {0xAC, 0x7B, 0x29, 0xFF}}},
	{{{3962, 1774, -4472}, 0, {196, 976}, {0xAC, 0x7B, 0x29, 0xFF}}},
	{{{4222, 1702, -4501}, 0, {193, 976}, {0xAC, 0x7B, 0x29, 0xFF}}},
	{{{4222, 1730, -4472}, 0, {196, 970}, {0xAC, 0x7B, 0x29, 0xFF}}},
	{{{4222, 1702, -4472}, 0, {196, 976}, {0xAC, 0x7B, 0x29, 0xFF}}},
	{{{3962, 1702, -4501}, 0, {193, 976}, {0xAC, 0x7B, 0x29, 0xFF}}},
	{{{3962, 1702, -4472}, 0, {196, 970}, {0xAC, 0x7B, 0x29, 0xFF}}},
	{{{3962, 1730, -4472}, 0, {196, 976}, {0xAC, 0x7B, 0x29, 0xFF}}},
	{{{4222, 1661, -4501}, 0, {193, 976}, {0xAC, 0x7B, 0x29, 0xFF}}},
	{{{4222, 1688, -4472}, 0, {196, 970}, {0xAC, 0x7B, 0x29, 0xFF}}},
	{{{4222, 1661, -4472}, 0, {196, 976}, {0xAC, 0x7B, 0x29, 0xFF}}},
	{{{3962, 1661, -4501}, 0, {193, 976}, {0xAC, 0x7B, 0x29, 0xFF}}},
	{{{3962, 1661, -4472}, 0, {196, 970}, {0xAC, 0x7B, 0x29, 0xFF}}},
	{{{3962, 1688, -4472}, 0, {196, 976}, {0xAC, 0x7B, 0x29, 0xFF}}},
	{{{4222, 1617, -4501}, 0, {193, 976}, {0xAC, 0x7B, 0x29, 0xFF}}},
	{{{4222, 1644, -4472}, 0, {196, 970}, {0xAC, 0x7B, 0x29, 0xFF}}},
	{{{4222, 1617, -4472}, 0, {196, 976}, {0xAC, 0x7B, 0x29, 0xFF}}},
	{{{3962, 1617, -4501}, 0, {193, 976}, {0xAC, 0x7B, 0x29, 0xFF}}},
	{{{3962, 1617, -4472}, 0, {196, 970}, {0xAC, 0x7B, 0x29, 0xFF}}},
	{{{3962, 1644, -4472}, 0, {196, 976}, {0xAC, 0x7B, 0x29, 0xFF}}},
	{{{4222, 1573, -4501}, 0, {193, 976}, {0xAC, 0x7B, 0x29, 0xFF}}},
	{{{4222, 1600, -4472}, 0, {196, 970}, {0xAC, 0x7B, 0x29, 0xFF}}},
	{{{4222, 1573, -4472}, 0, {196, 976}, {0xAC, 0x7B, 0x29, 0xFF}}},
	{{{3962, 1573, -4501}, 0, {193, 976}, {0xAC, 0x7B, 0x29, 0xFF}}},
	{{{3962, 1573, -4472}, 0, {196, 970}, {0xAC, 0x7B, 0x29, 0xFF}}},
	{{{3962, 1600, -4472}, 0, {196, 976}, {0xAC, 0x7B, 0x29, 0xFF}}},
	{{{4222, 1529, -4501}, 0, {193, 976}, {0xAC, 0x7B, 0x29, 0xFF}}},
	{{{4222, 1557, -4472}, 0, {196, 970}, {0xAC, 0x7B, 0x29, 0xFF}}},
	{{{4222, 1529, -4472}, 0, {196, 976}, {0xAC, 0x7B, 0x29, 0xFF}}},
	{{{3962, 1529, -4501}, 0, {193, 976}, {0xAC, 0x7B, 0x29, 0xFF}}},
	{{{3962, 1529, -4472}, 0, {196, 970}, {0xAC, 0x7B, 0x29, 0xFF}}},
	{{{3962, 1557, -4472}, 0, {196, 976}, {0xAC, 0x7B, 0x29, 0xFF}}},
	{{{4222, 1487, -4501}, 0, {193, 976}, {0xAC, 0x7B, 0x29, 0xFF}}},
	{{{4222, 1514, -4472}, 0, {196, 970}, {0xAC, 0x7B, 0x29, 0xFF}}},
	{{{4222, 1487, -4472}, 0, {196, 976}, {0xAC, 0x7B, 0x29, 0xFF}}},
	{{{3962, 1487, -4501}, 0, {193, 976}, {0xAC, 0x7B, 0x29, 0xFF}}},
	{{{3962, 1487, -4472}, 0, {196, 970}, {0xAC, 0x7B, 0x29, 0xFF}}},
	{{{3962, 1514, -4472}, 0, {196, 976}, {0xAC, 0x7B, 0x29, 0xFF}}},
	{{{4222, 1443, -4501}, 0, {193, 976}, {0xAC, 0x7B, 0x29, 0xFF}}},
	{{{4222, 1470, -4472}, 0, {196, 970}, {0xAC, 0x7B, 0x29, 0xFF}}},
	{{{4222, 1443, -4472}, 0, {196, 976}, {0xAC, 0x7B, 0x29, 0xFF}}},
	{{{3962, 1443, -4501}, 0, {193, 976}, {0xAC, 0x7B, 0x29, 0xFF}}},
	{{{3962, 1443, -4472}, 0, {196, 970}, {0xAC, 0x7B, 0x29, 0xFF}}},
	{{{3962, 1470, -4472}, 0, {196, 976}, {0xAC, 0x7B, 0x29, 0xFF}}},
	{{{4222, 1404, -4501}, 0, {193, 976}, {0xAC, 0x7B, 0x29, 0xFF}}},
	{{{4222, 1431, -4472}, 0, {196, 970}, {0xAC, 0x7B, 0x29, 0xFF}}},
	{{{4222, 1404, -4472}, 0, {196, 976}, {0xAC, 0x7B, 0x29, 0xFF}}},
	{{{3962, 1404, -4501}, 0, {193, 976}, {0xAC, 0x7B, 0x29, 0xFF}}},
	{{{3962, 1404, -4472}, 0, {196, 970}, {0xAC, 0x7B, 0x29, 0xFF}}},
	{{{3962, 1431, -4472}, 0, {196, 976}, {0xAC, 0x7B, 0x29, 0xFF}}},
	{{{4222, 1789, -3686}, 0, {193, 976}, {0xAC, 0x7B, 0x29, 0xFF}}},
	{{{4222, 1789, -3715}, 0, {196, 970}, {0xAC, 0x7B, 0x29, 0xFF}}},
	{{{4222, 1816, -3715}, 0, {196, 976}, {0xAC, 0x7B, 0x29, 0xFF}}},
	{{{3962, 1789, -3686}, 0, {193, 976}, {0xAC, 0x7B, 0x29, 0xFF}}},
	{{{3962, 1816, -3715}, 0, {196, 970}, {0xAC, 0x7B, 0x29, 0xFF}}},
	{{{3962, 1789, -3715}, 0, {196, 976}, {0xAC, 0x7B, 0x29, 0xFF}}},
	{{{4222, 1746, -3686}, 0, {193, 976}, {0xAC, 0x7B, 0x29, 0xFF}}},
	{{{4222, 1746, -3715}, 0, {196, 970}, {0xAC, 0x7B, 0x29, 0xFF}}},
	{{{4222, 1774, -3715}, 0, {196, 976}, {0xAC, 0x7B, 0x29, 0xFF}}},
	{{{3962, 1746, -3686}, 0, {193, 976}, {0xAC, 0x7B, 0x29, 0xFF}}},
	{{{3962, 1774, -3715}, 0, {196, 970}, {0xAC, 0x7B, 0x29, 0xFF}}},
	{{{3962, 1746, -3715}, 0, {196, 976}, {0xAC, 0x7B, 0x29, 0xFF}}},
	{{{4222, 1702, -3686}, 0, {193, 976}, {0xAC, 0x7B, 0x29, 0xFF}}},
	{{{4222, 1702, -3715}, 0, {196, 970}, {0xAC, 0x7B, 0x29, 0xFF}}},
	{{{4222, 1730, -3715}, 0, {196, 976}, {0xAC, 0x7B, 0x29, 0xFF}}},
	{{{3962, 1702, -3686}, 0, {193, 976}, {0xAC, 0x7B, 0x29, 0xFF}}},
	{{{3962, 1730, -3715}, 0, {196, 970}, {0xAC, 0x7B, 0x29, 0xFF}}},
	{{{3962, 1702, -3715}, 0, {196, 976}, {0xAC, 0x7B, 0x29, 0xFF}}},
	{{{4222, 1661, -3686}, 0, {193, 976}, {0xAC, 0x7B, 0x29, 0xFF}}},
	{{{4222, 1661, -3715}, 0, {196, 970}, {0xAC, 0x7B, 0x29, 0xFF}}},
	{{{4222, 1688, -3715}, 0, {196, 976}, {0xAC, 0x7B, 0x29, 0xFF}}},
	{{{3962, 1661, -3686}, 0, {193, 976}, {0xAC, 0x7B, 0x29, 0xFF}}},
	{{{3962, 1688, -3715}, 0, {196, 970}, {0xAC, 0x7B, 0x29, 0xFF}}},
	{{{3962, 1661, -3715}, 0, {196, 976}, {0xAC, 0x7B, 0x29, 0xFF}}},
	{{{4222, 1617, -3686}, 0, {193, 976}, {0xAC, 0x7B, 0x29, 0xFF}}},
	{{{4222, 1617, -3715}, 0, {196, 970}, {0xAC, 0x7B, 0x29, 0xFF}}},
	{{{4222, 1644, -3715}, 0, {196, 976}, {0xAC, 0x7B, 0x29, 0xFF}}},
	{{{3962, 1617, -3686}, 0, {193, 976}, {0xAC, 0x7B, 0x29, 0xFF}}},
	{{{3962, 1644, -3715}, 0, {196, 970}, {0xAC, 0x7B, 0x29, 0xFF}}},
	{{{3962, 1617, -3715}, 0, {196, 976}, {0xAC, 0x7B, 0x29, 0xFF}}},
	{{{4222, 1573, -3686}, 0, {193, 976}, {0xAC, 0x7B, 0x29, 0xFF}}},
	{{{4222, 1573, -3715}, 0, {196, 970}, {0xAC, 0x7B, 0x29, 0xFF}}},
	{{{4222, 1600, -3715}, 0, {196, 976}, {0xAC, 0x7B, 0x29, 0xFF}}},
	{{{3962, 1573, -3686}, 0, {193, 976}, {0xAC, 0x7B, 0x29, 0xFF}}},
	{{{3962, 1600, -3715}, 0, {196, 970}, {0xAC, 0x7B, 0x29, 0xFF}}},
	{{{3962, 1573, -3715}, 0, {196, 976}, {0xAC, 0x7B, 0x29, 0xFF}}},
	{{{4222, 1529, -3686}, 0, {193, 976}, {0xAC, 0x7B, 0x29, 0xFF}}},
	{{{4222, 1529, -3715}, 0, {196, 970}, {0xAC, 0x7B, 0x29, 0xFF}}},
	{{{4222, 1557, -3715}, 0, {196, 976}, {0xAC, 0x7B, 0x29, 0xFF}}},
	{{{3962, 1529, -3686}, 0, {193, 976}, {0xAC, 0x7B, 0x29, 0xFF}}},
	{{{3962, 1557, -3715}, 0, {196, 970}, {0xAC, 0x7B, 0x29, 0xFF}}},
	{{{3962, 1529, -3715}, 0, {196, 976}, {0xAC, 0x7B, 0x29, 0xFF}}},
	{{{4222, 1487, -3686}, 0, {193, 976}, {0xAC, 0x7B, 0x29, 0xFF}}},
	{{{4222, 1487, -3715}, 0, {196, 970}, {0xAC, 0x7B, 0x29, 0xFF}}},
	{{{4222, 1514, -3715}, 0, {196, 976}, {0xAC, 0x7B, 0x29, 0xFF}}},
	{{{3962, 1487, -3686}, 0, {193, 976}, {0xAC, 0x7B, 0x29, 0xFF}}},
	{{{3962, 1514, -3715}, 0, {196, 970}, {0xAC, 0x7B, 0x29, 0xFF}}},
	{{{3962, 1487, -3715}, 0, {196, 976}, {0xAC, 0x7B, 0x29, 0xFF}}},
	{{{4222, 1443, -3686}, 0, {193, 976}, {0xAC, 0x7B, 0x29, 0xFF}}},
	{{{4222, 1443, -3715}, 0, {196, 970}, {0xAC, 0x7B, 0x29, 0xFF}}},
	{{{4222, 1470, -3715}, 0, {196, 976}, {0xAC, 0x7B, 0x29, 0xFF}}},
	{{{3962, 1443, -3686}, 0, {193, 976}, {0xAC, 0x7B, 0x29, 0xFF}}},
	{{{3962, 1470, -3715}, 0, {196, 970}, {0xAC, 0x7B, 0x29, 0xFF}}},
	{{{3962, 1443, -3715}, 0, {196, 976}, {0xAC, 0x7B, 0x29, 0xFF}}},
	{{{4222, 1404, -3686}, 0, {193, 976}, {0xAC, 0x7B, 0x29, 0xFF}}},
	{{{4222, 1404, -3715}, 0, {196, 970}, {0xAC, 0x7B, 0x29, 0xFF}}},
	{{{4222, 1431, -3715}, 0, {196, 976}, {0xAC, 0x7B, 0x29, 0xFF}}},
	{{{3962, 1404, -3686}, 0, {193, 976}, {0xAC, 0x7B, 0x29, 0xFF}}},
	{{{3962, 1431, -3715}, 0, {196, 970}, {0xAC, 0x7B, 0x29, 0xFF}}},
	{{{3962, 1404, -3715}, 0, {196, 976}, {0xAC, 0x7B, 0x29, 0xFF}}},
	{{{-3964, 1789, -4499}, 0, {193, 976}, {0xAC, 0x7B, 0x29, 0xFF}}},
	{{{-3964, 1816, -4470}, 0, {196, 970}, {0xAC, 0x7B, 0x29, 0xFF}}},
	{{{-3964, 1789, -4470}, 0, {196, 976}, {0xAC, 0x7B, 0x29, 0xFF}}},
	{{{-4223, 1789, -4499}, 0, {193, 976}, {0xAC, 0x7B, 0x29, 0xFF}}},
	{{{-4223, 1789, -4470}, 0, {196, 970}, {0xAC, 0x7B, 0x29, 0xFF}}},
	{{{-4223, 1816, -4470}, 0, {196, 976}, {0xAC, 0x7B, 0x29, 0xFF}}},
	{{{-3964, 1746, -4499}, 0, {193, 976}, {0xAC, 0x7B, 0x29, 0xFF}}},
	{{{-3964, 1774, -4470}, 0, {196, 970}, {0xAC, 0x7B, 0x29, 0xFF}}},
	{{{-3964, 1746, -4470}, 0, {196, 976}, {0xAC, 0x7B, 0x29, 0xFF}}},
	{{{-4223, 1746, -4499}, 0, {193, 976}, {0xAC, 0x7B, 0x29, 0xFF}}},
	{{{-4223, 1746, -4470}, 0, {196, 970}, {0xAC, 0x7B, 0x29, 0xFF}}},
	{{{-4223, 1774, -4470}, 0, {196, 976}, {0xAC, 0x7B, 0x29, 0xFF}}},
	{{{-3964, 1702, -4499}, 0, {193, 976}, {0xAC, 0x7B, 0x29, 0xFF}}},
	{{{-3964, 1730, -4470}, 0, {196, 970}, {0xAC, 0x7B, 0x29, 0xFF}}},
	{{{-3964, 1702, -4470}, 0, {196, 976}, {0xAC, 0x7B, 0x29, 0xFF}}},
	{{{-4223, 1702, -4499}, 0, {193, 976}, {0xAC, 0x7B, 0x29, 0xFF}}},
	{{{-4223, 1702, -4470}, 0, {196, 970}, {0xAC, 0x7B, 0x29, 0xFF}}},
	{{{-4223, 1730, -4470}, 0, {196, 976}, {0xAC, 0x7B, 0x29, 0xFF}}},
	{{{-3964, 1661, -4499}, 0, {193, 976}, {0xAC, 0x7B, 0x29, 0xFF}}},
	{{{-3964, 1688, -4470}, 0, {196, 970}, {0xAC, 0x7B, 0x29, 0xFF}}},
	{{{-3964, 1661, -4470}, 0, {196, 976}, {0xAC, 0x7B, 0x29, 0xFF}}},
	{{{-4223, 1661, -4499}, 0, {193, 976}, {0xAC, 0x7B, 0x29, 0xFF}}},
	{{{-4223, 1661, -4470}, 0, {196, 970}, {0xAC, 0x7B, 0x29, 0xFF}}},
	{{{-4223, 1688, -4470}, 0, {196, 976}, {0xAC, 0x7B, 0x29, 0xFF}}},
	{{{-3964, 1617, -4499}, 0, {193, 976}, {0xAC, 0x7B, 0x29, 0xFF}}},
	{{{-3964, 1644, -4470}, 0, {196, 970}, {0xAC, 0x7B, 0x29, 0xFF}}},
	{{{-3964, 1617, -4470}, 0, {196, 976}, {0xAC, 0x7B, 0x29, 0xFF}}},
	{{{-4223, 1617, -4499}, 0, {193, 976}, {0xAC, 0x7B, 0x29, 0xFF}}},
	{{{-4223, 1617, -4470}, 0, {196, 970}, {0xAC, 0x7B, 0x29, 0xFF}}},
	{{{-4223, 1644, -4470}, 0, {196, 976}, {0xAC, 0x7B, 0x29, 0xFF}}},
	{{{-3964, 1573, -4499}, 0, {193, 976}, {0xAC, 0x7B, 0x29, 0xFF}}},
	{{{-3964, 1600, -4470}, 0, {196, 970}, {0xAC, 0x7B, 0x29, 0xFF}}},
	{{{-3964, 1573, -4470}, 0, {196, 976}, {0xAC, 0x7B, 0x29, 0xFF}}},
	{{{-4223, 1573, -4499}, 0, {193, 976}, {0xAC, 0x7B, 0x29, 0xFF}}},
	{{{-4223, 1573, -4470}, 0, {196, 970}, {0xAC, 0x7B, 0x29, 0xFF}}},
	{{{-4223, 1600, -4470}, 0, {196, 976}, {0xAC, 0x7B, 0x29, 0xFF}}},
	{{{-3964, 1529, -4499}, 0, {193, 976}, {0xAC, 0x7B, 0x29, 0xFF}}},
	{{{-3964, 1557, -4470}, 0, {196, 970}, {0xAC, 0x7B, 0x29, 0xFF}}},
	{{{-3964, 1529, -4470}, 0, {196, 976}, {0xAC, 0x7B, 0x29, 0xFF}}},
	{{{-4223, 1529, -4499}, 0, {193, 976}, {0xAC, 0x7B, 0x29, 0xFF}}},
	{{{-4223, 1529, -4470}, 0, {196, 970}, {0xAC, 0x7B, 0x29, 0xFF}}},
	{{{-4223, 1557, -4470}, 0, {196, 976}, {0xAC, 0x7B, 0x29, 0xFF}}},
	{{{-3964, 1487, -4499}, 0, {193, 976}, {0xAC, 0x7B, 0x29, 0xFF}}},
	{{{-3964, 1514, -4470}, 0, {196, 970}, {0xAC, 0x7B, 0x29, 0xFF}}},
	{{{-3964, 1487, -4470}, 0, {196, 976}, {0xAC, 0x7B, 0x29, 0xFF}}},
	{{{-4223, 1487, -4499}, 0, {193, 976}, {0xAC, 0x7B, 0x29, 0xFF}}},
	{{{-4223, 1487, -4470}, 0, {196, 970}, {0xAC, 0x7B, 0x29, 0xFF}}},
	{{{-4223, 1514, -4470}, 0, {196, 976}, {0xAC, 0x7B, 0x29, 0xFF}}},
	{{{-3964, 1443, -4499}, 0, {193, 976}, {0xAC, 0x7B, 0x29, 0xFF}}},
	{{{-3964, 1470, -4470}, 0, {196, 970}, {0xAC, 0x7B, 0x29, 0xFF}}},
	{{{-3964, 1443, -4470}, 0, {196, 976}, {0xAC, 0x7B, 0x29, 0xFF}}},
	{{{-4223, 1443, -4499}, 0, {193, 976}, {0xAC, 0x7B, 0x29, 0xFF}}},
	{{{-4223, 1443, -4470}, 0, {196, 970}, {0xAC, 0x7B, 0x29, 0xFF}}},
	{{{-4223, 1470, -4470}, 0, {196, 976}, {0xAC, 0x7B, 0x29, 0xFF}}},
	{{{-3964, 1404, -4499}, 0, {193, 976}, {0xAC, 0x7B, 0x29, 0xFF}}},
	{{{-3964, 1431, -4470}, 0, {196, 970}, {0xAC, 0x7B, 0x29, 0xFF}}},
	{{{-3964, 1404, -4470}, 0, {196, 976}, {0xAC, 0x7B, 0x29, 0xFF}}},
	{{{-4223, 1404, -4499}, 0, {193, 976}, {0xAC, 0x7B, 0x29, 0xFF}}},
	{{{-4223, 1404, -4470}, 0, {196, 970}, {0xAC, 0x7B, 0x29, 0xFF}}},
	{{{-4223, 1431, -4470}, 0, {196, 976}, {0xAC, 0x7B, 0x29, 0xFF}}},
	{{{-3964, 1789, -3684}, 0, {193, 976}, {0xAC, 0x7B, 0x29, 0xFF}}},
	{{{-3964, 1789, -3713}, 0, {196, 970}, {0xAC, 0x7B, 0x29, 0xFF}}},
	{{{-3964, 1816, -3713}, 0, {196, 976}, {0xAC, 0x7B, 0x29, 0xFF}}},
	{{{-4223, 1789, -3684}, 0, {193, 976}, {0xAC, 0x7B, 0x29, 0xFF}}},
	{{{-4223, 1816, -3713}, 0, {196, 970}, {0xAC, 0x7B, 0x29, 0xFF}}},
	{{{-4223, 1789, -3713}, 0, {196, 976}, {0xAC, 0x7B, 0x29, 0xFF}}},
	{{{-3964, 1746, -3684}, 0, {193, 976}, {0xAC, 0x7B, 0x29, 0xFF}}},
	{{{-3964, 1746, -3713}, 0, {196, 970}, {0xAC, 0x7B, 0x29, 0xFF}}},
	{{{-3964, 1774, -3713}, 0, {196, 976}, {0xAC, 0x7B, 0x29, 0xFF}}},
	{{{-4223, 1746, -3684}, 0, {193, 976}, {0xAC, 0x7B, 0x29, 0xFF}}},
	{{{-4223, 1774, -3713}, 0, {196, 970}, {0xAC, 0x7B, 0x29, 0xFF}}},
	{{{-4223, 1746, -3713}, 0, {196, 976}, {0xAC, 0x7B, 0x29, 0xFF}}},
	{{{-3964, 1702, -3684}, 0, {193, 976}, {0xAC, 0x7B, 0x29, 0xFF}}},
	{{{-3964, 1702, -3713}, 0, {196, 970}, {0xAC, 0x7B, 0x29, 0xFF}}},
	{{{-3964, 1730, -3713}, 0, {196, 976}, {0xAC, 0x7B, 0x29, 0xFF}}},
	{{{-4223, 1702, -3684}, 0, {193, 976}, {0xAC, 0x7B, 0x29, 0xFF}}},
	{{{-4223, 1730, -3713}, 0, {196, 970}, {0xAC, 0x7B, 0x29, 0xFF}}},
	{{{-4223, 1702, -3713}, 0, {196, 976}, {0xAC, 0x7B, 0x29, 0xFF}}},
	{{{-3964, 1661, -3684}, 0, {193, 976}, {0xAC, 0x7B, 0x29, 0xFF}}},
	{{{-3964, 1661, -3713}, 0, {196, 970}, {0xAC, 0x7B, 0x29, 0xFF}}},
	{{{-3964, 1688, -3713}, 0, {196, 976}, {0xAC, 0x7B, 0x29, 0xFF}}},
	{{{-4223, 1661, -3684}, 0, {193, 976}, {0xAC, 0x7B, 0x29, 0xFF}}},
	{{{-4223, 1688, -3713}, 0, {196, 970}, {0xAC, 0x7B, 0x29, 0xFF}}},
	{{{-4223, 1661, -3713}, 0, {196, 976}, {0xAC, 0x7B, 0x29, 0xFF}}},
	{{{-3964, 1617, -3684}, 0, {193, 976}, {0xAC, 0x7B, 0x29, 0xFF}}},
	{{{-3964, 1617, -3713}, 0, {196, 970}, {0xAC, 0x7B, 0x29, 0xFF}}},
	{{{-3964, 1644, -3713}, 0, {196, 976}, {0xAC, 0x7B, 0x29, 0xFF}}},
	{{{-4223, 1617, -3684}, 0, {193, 976}, {0xAC, 0x7B, 0x29, 0xFF}}},
	{{{-4223, 1644, -3713}, 0, {196, 970}, {0xAC, 0x7B, 0x29, 0xFF}}},
	{{{-4223, 1617, -3713}, 0, {196, 976}, {0xAC, 0x7B, 0x29, 0xFF}}},
	{{{-3964, 1573, -3684}, 0, {193, 976}, {0xAC, 0x7B, 0x29, 0xFF}}},
	{{{-3964, 1573, -3713}, 0, {196, 970}, {0xAC, 0x7B, 0x29, 0xFF}}},
	{{{-3964, 1600, -3713}, 0, {196, 976}, {0xAC, 0x7B, 0x29, 0xFF}}},
	{{{-4223, 1573, -3684}, 0, {193, 976}, {0xAC, 0x7B, 0x29, 0xFF}}},
	{{{-4223, 1600, -3713}, 0, {196, 970}, {0xAC, 0x7B, 0x29, 0xFF}}},
	{{{-4223, 1573, -3713}, 0, {196, 976}, {0xAC, 0x7B, 0x29, 0xFF}}},
	{{{-3964, 1529, -3684}, 0, {193, 976}, {0xAC, 0x7B, 0x29, 0xFF}}},
	{{{-3964, 1529, -3713}, 0, {196, 970}, {0xAC, 0x7B, 0x29, 0xFF}}},
	{{{-3964, 1557, -3713}, 0, {196, 976}, {0xAC, 0x7B, 0x29, 0xFF}}},
	{{{-4223, 1529, -3684}, 0, {193, 976}, {0xAC, 0x7B, 0x29, 0xFF}}},
	{{{-4223, 1557, -3713}, 0, {196, 970}, {0xAC, 0x7B, 0x29, 0xFF}}},
	{{{-4223, 1529, -3713}, 0, {196, 976}, {0xAC, 0x7B, 0x29, 0xFF}}},
	{{{-3964, 1487, -3684}, 0, {193, 976}, {0xAC, 0x7B, 0x29, 0xFF}}},
	{{{-3964, 1487, -3713}, 0, {196, 970}, {0xAC, 0x7B, 0x29, 0xFF}}},
	{{{-3964, 1514, -3713}, 0, {196, 976}, {0xAC, 0x7B, 0x29, 0xFF}}},
	{{{-4223, 1487, -3684}, 0, {193, 976}, {0xAC, 0x7B, 0x29, 0xFF}}},
	{{{-4223, 1514, -3713}, 0, {196, 970}, {0xAC, 0x7B, 0x29, 0xFF}}},
	{{{-4223, 1487, -3713}, 0, {196, 976}, {0xAC, 0x7B, 0x29, 0xFF}}},
	{{{-3964, 1443, -3684}, 0, {193, 976}, {0xAC, 0x7B, 0x29, 0xFF}}},
	{{{-3964, 1443, -3713}, 0, {196, 970}, {0xAC, 0x7B, 0x29, 0xFF}}},
	{{{-3964, 1470, -3713}, 0, {196, 976}, {0xAC, 0x7B, 0x29, 0xFF}}},
	{{{-4223, 1443, -3684}, 0, {193, 976}, {0xAC, 0x7B, 0x29, 0xFF}}},
	{{{-4223, 1470, -3713}, 0, {196, 970}, {0xAC, 0x7B, 0x29, 0xFF}}},
	{{{-4223, 1443, -3713}, 0, {196, 976}, {0xAC, 0x7B, 0x29, 0xFF}}},
	{{{-3964, 1404, -3684}, 0, {193, 976}, {0xAC, 0x7B, 0x29, 0xFF}}},
	{{{-3964, 1404, -3713}, 0, {196, 970}, {0xAC, 0x7B, 0x29, 0xFF}}},
	{{{-3964, 1431, -3713}, 0, {196, 976}, {0xAC, 0x7B, 0x29, 0xFF}}},
	{{{-4223, 1404, -3684}, 0, {193, 976}, {0xAC, 0x7B, 0x29, 0xFF}}},
	{{{-4223, 1431, -3713}, 0, {196, 970}, {0xAC, 0x7B, 0x29, 0xFF}}},
	{{{-4223, 1404, -3713}, 0, {196, 976}, {0xAC, 0x7B, 0x29, 0xFF}}},
	{{{-4501, 1789, -4222}, 0, {193, 976}, {0xAC, 0x7B, 0x29, 0xFF}}},
	{{{-4472, 1816, -4222}, 0, {196, 970}, {0xAC, 0x7B, 0x29, 0xFF}}},
	{{{-4472, 1789, -4222}, 0, {196, 976}, {0xAC, 0x7B, 0x29, 0xFF}}},
	{{{-4501, 1789, -3962}, 0, {193, 976}, {0xAC, 0x7B, 0x29, 0xFF}}},
	{{{-4472, 1789, -3962}, 0, {196, 970}, {0xAC, 0x7B, 0x29, 0xFF}}},
	{{{-4472, 1816, -3962}, 0, {196, 976}, {0xAC, 0x7B, 0x29, 0xFF}}},
	{{{-4501, 1746, -4222}, 0, {193, 976}, {0xAC, 0x7B, 0x29, 0xFF}}},
	{{{-4472, 1774, -4222}, 0, {196, 970}, {0xAC, 0x7B, 0x29, 0xFF}}},
	{{{-4472, 1746, -4222}, 0, {196, 976}, {0xAC, 0x7B, 0x29, 0xFF}}},
	{{{-4501, 1746, -3962}, 0, {193, 976}, {0xAC, 0x7B, 0x29, 0xFF}}},
	{{{-4472, 1746, -3962}, 0, {196, 970}, {0xAC, 0x7B, 0x29, 0xFF}}},
	{{{-4472, 1774, -3962}, 0, {196, 976}, {0xAC, 0x7B, 0x29, 0xFF}}},
	{{{-4501, 1702, -4222}, 0, {193, 976}, {0xAC, 0x7B, 0x29, 0xFF}}},
	{{{-4472, 1730, -4222}, 0, {196, 970}, {0xAC, 0x7B, 0x29, 0xFF}}},
	{{{-4472, 1702, -4222}, 0, {196, 976}, {0xAC, 0x7B, 0x29, 0xFF}}},
	{{{-4501, 1702, -3962}, 0, {193, 976}, {0xAC, 0x7B, 0x29, 0xFF}}},
	{{{-4472, 1702, -3962}, 0, {196, 970}, {0xAC, 0x7B, 0x29, 0xFF}}},
	{{{-4472, 1730, -3962}, 0, {196, 976}, {0xAC, 0x7B, 0x29, 0xFF}}},
	{{{-4501, 1661, -4222}, 0, {193, 976}, {0xAC, 0x7B, 0x29, 0xFF}}},
	{{{-4472, 1688, -4222}, 0, {196, 970}, {0xAC, 0x7B, 0x29, 0xFF}}},
	{{{-4472, 1661, -4222}, 0, {196, 976}, {0xAC, 0x7B, 0x29, 0xFF}}},
	{{{-4501, 1661, -3962}, 0, {193, 976}, {0xAC, 0x7B, 0x29, 0xFF}}},
	{{{-4472, 1661, -3962}, 0, {196, 970}, {0xAC, 0x7B, 0x29, 0xFF}}},
	{{{-4472, 1688, -3962}, 0, {196, 976}, {0xAC, 0x7B, 0x29, 0xFF}}},
	{{{-4501, 1617, -4222}, 0, {193, 976}, {0xAC, 0x7B, 0x29, 0xFF}}},
	{{{-4472, 1644, -4222}, 0, {196, 970}, {0xAC, 0x7B, 0x29, 0xFF}}},
	{{{-4472, 1617, -4222}, 0, {196, 976}, {0xAC, 0x7B, 0x29, 0xFF}}},
	{{{-4501, 1617, -3962}, 0, {193, 976}, {0xAC, 0x7B, 0x29, 0xFF}}},
	{{{-4472, 1617, -3962}, 0, {196, 970}, {0xAC, 0x7B, 0x29, 0xFF}}},
	{{{-4472, 1644, -3962}, 0, {196, 976}, {0xAC, 0x7B, 0x29, 0xFF}}},
	{{{-4501, 1573, -4222}, 0, {193, 976}, {0xAC, 0x7B, 0x29, 0xFF}}},
	{{{-4472, 1600, -4222}, 0, {196, 970}, {0xAC, 0x7B, 0x29, 0xFF}}},
	{{{-4472, 1573, -4222}, 0, {196, 976}, {0xAC, 0x7B, 0x29, 0xFF}}},
	{{{-4501, 1573, -3962}, 0, {193, 976}, {0xAC, 0x7B, 0x29, 0xFF}}},
	{{{-4472, 1573, -3962}, 0, {196, 970}, {0xAC, 0x7B, 0x29, 0xFF}}},
	{{{-4472, 1600, -3962}, 0, {196, 976}, {0xAC, 0x7B, 0x29, 0xFF}}},
	{{{-4501, 1529, -4222}, 0, {193, 976}, {0xAC, 0x7B, 0x29, 0xFF}}},
	{{{-4472, 1557, -4222}, 0, {196, 970}, {0xAC, 0x7B, 0x29, 0xFF}}},
	{{{-4472, 1529, -4222}, 0, {196, 976}, {0xAC, 0x7B, 0x29, 0xFF}}},
	{{{-4501, 1529, -3962}, 0, {193, 976}, {0xAC, 0x7B, 0x29, 0xFF}}},
	{{{-4472, 1529, -3962}, 0, {196, 970}, {0xAC, 0x7B, 0x29, 0xFF}}},
	{{{-4472, 1557, -3962}, 0, {196, 976}, {0xAC, 0x7B, 0x29, 0xFF}}},
	{{{-4501, 1487, -4222}, 0, {193, 976}, {0xAC, 0x7B, 0x29, 0xFF}}},
	{{{-4472, 1514, -4222}, 0, {196, 970}, {0xAC, 0x7B, 0x29, 0xFF}}},
	{{{-4472, 1487, -4222}, 0, {196, 976}, {0xAC, 0x7B, 0x29, 0xFF}}},
	{{{-4501, 1487, -3962}, 0, {193, 976}, {0xAC, 0x7B, 0x29, 0xFF}}},
	{{{-4472, 1487, -3962}, 0, {196, 970}, {0xAC, 0x7B, 0x29, 0xFF}}},
	{{{-4472, 1514, -3962}, 0, {196, 976}, {0xAC, 0x7B, 0x29, 0xFF}}},
	{{{-4501, 1443, -4222}, 0, {193, 976}, {0xAC, 0x7B, 0x29, 0xFF}}},
	{{{-4472, 1470, -4222}, 0, {196, 970}, {0xAC, 0x7B, 0x29, 0xFF}}},
	{{{-4472, 1443, -4222}, 0, {196, 976}, {0xAC, 0x7B, 0x29, 0xFF}}},
	{{{-4501, 1443, -3962}, 0, {193, 976}, {0xAC, 0x7B, 0x29, 0xFF}}},
	{{{-4472, 1443, -3962}, 0, {196, 970}, {0xAC, 0x7B, 0x29, 0xFF}}},
	{{{-4472, 1470, -3962}, 0, {196, 976}, {0xAC, 0x7B, 0x29, 0xFF}}},
	{{{-4501, 1404, -4222}, 0, {193, 976}, {0xAC, 0x7B, 0x29, 0xFF}}},
	{{{-4472, 1431, -4222}, 0, {196, 970}, {0xAC, 0x7B, 0x29, 0xFF}}},
	{{{-4472, 1404, -4222}, 0, {196, 976}, {0xAC, 0x7B, 0x29, 0xFF}}},
	{{{-4501, 1404, -3962}, 0, {193, 976}, {0xAC, 0x7B, 0x29, 0xFF}}},
	{{{-4472, 1404, -3962}, 0, {196, 970}, {0xAC, 0x7B, 0x29, 0xFF}}},
	{{{-4472, 1431, -3962}, 0, {196, 976}, {0xAC, 0x7B, 0x29, 0xFF}}},
	{{{-3686, 1789, -4222}, 0, {193, 976}, {0xAC, 0x7B, 0x29, 0xFF}}},
	{{{-3715, 1789, -4222}, 0, {196, 970}, {0xAC, 0x7B, 0x29, 0xFF}}},
	{{{-3715, 1816, -4222}, 0, {196, 976}, {0xAC, 0x7B, 0x29, 0xFF}}},
	{{{-3686, 1789, -3962}, 0, {193, 976}, {0xAC, 0x7B, 0x29, 0xFF}}},
	{{{-3715, 1816, -3962}, 0, {196, 970}, {0xAC, 0x7B, 0x29, 0xFF}}},
	{{{-3715, 1789, -3962}, 0, {196, 976}, {0xAC, 0x7B, 0x29, 0xFF}}},
	{{{-3686, 1746, -4222}, 0, {193, 976}, {0xAC, 0x7B, 0x29, 0xFF}}},
	{{{-3715, 1746, -4222}, 0, {196, 970}, {0xAC, 0x7B, 0x29, 0xFF}}},
	{{{-3715, 1774, -4222}, 0, {196, 976}, {0xAC, 0x7B, 0x29, 0xFF}}},
	{{{-3686, 1746, -3962}, 0, {193, 976}, {0xAC, 0x7B, 0x29, 0xFF}}},
	{{{-3715, 1774, -3962}, 0, {196, 970}, {0xAC, 0x7B, 0x29, 0xFF}}},
	{{{-3715, 1746, -3962}, 0, {196, 976}, {0xAC, 0x7B, 0x29, 0xFF}}},
	{{{-3686, 1702, -4222}, 0, {193, 976}, {0xAC, 0x7B, 0x29, 0xFF}}},
	{{{-3715, 1702, -4222}, 0, {196, 970}, {0xAC, 0x7B, 0x29, 0xFF}}},
	{{{-3715, 1730, -4222}, 0, {196, 976}, {0xAC, 0x7B, 0x29, 0xFF}}},
	{{{-3686, 1702, -3962}, 0, {193, 976}, {0xAC, 0x7B, 0x29, 0xFF}}},
	{{{-3715, 1730, -3962}, 0, {196, 970}, {0xAC, 0x7B, 0x29, 0xFF}}},
	{{{-3715, 1702, -3962}, 0, {196, 976}, {0xAC, 0x7B, 0x29, 0xFF}}},
	{{{-3686, 1661, -4222}, 0, {193, 976}, {0xAC, 0x7B, 0x29, 0xFF}}},
	{{{-3715, 1661, -4222}, 0, {196, 970}, {0xAC, 0x7B, 0x29, 0xFF}}},
	{{{-3715, 1688, -4222}, 0, {196, 976}, {0xAC, 0x7B, 0x29, 0xFF}}},
	{{{-3686, 1661, -3962}, 0, {193, 976}, {0xAC, 0x7B, 0x29, 0xFF}}},
	{{{-3715, 1688, -3962}, 0, {196, 970}, {0xAC, 0x7B, 0x29, 0xFF}}},
	{{{-3715, 1661, -3962}, 0, {196, 976}, {0xAC, 0x7B, 0x29, 0xFF}}},
	{{{-3686, 1617, -4222}, 0, {193, 976}, {0xAC, 0x7B, 0x29, 0xFF}}},
	{{{-3715, 1617, -4222}, 0, {196, 970}, {0xAC, 0x7B, 0x29, 0xFF}}},
	{{{-3715, 1644, -4222}, 0, {196, 976}, {0xAC, 0x7B, 0x29, 0xFF}}},
	{{{-3686, 1617, -3962}, 0, {193, 976}, {0xAC, 0x7B, 0x29, 0xFF}}},
	{{{-3715, 1644, -3962}, 0, {196, 970}, {0xAC, 0x7B, 0x29, 0xFF}}},
	{{{-3715, 1617, -3962}, 0, {196, 976}, {0xAC, 0x7B, 0x29, 0xFF}}},
	{{{-3686, 1573, -4222}, 0, {193, 976}, {0xAC, 0x7B, 0x29, 0xFF}}},
	{{{-3715, 1573, -4222}, 0, {196, 970}, {0xAC, 0x7B, 0x29, 0xFF}}},
	{{{-3715, 1600, -4222}, 0, {196, 976}, {0xAC, 0x7B, 0x29, 0xFF}}},
	{{{-3686, 1573, -3962}, 0, {193, 976}, {0xAC, 0x7B, 0x29, 0xFF}}},
	{{{-3715, 1600, -3962}, 0, {196, 970}, {0xAC, 0x7B, 0x29, 0xFF}}},
	{{{-3715, 1573, -3962}, 0, {196, 976}, {0xAC, 0x7B, 0x29, 0xFF}}},
	{{{-3686, 1529, -4222}, 0, {193, 976}, {0xAC, 0x7B, 0x29, 0xFF}}},
	{{{-3715, 1529, -4222}, 0, {196, 970}, {0xAC, 0x7B, 0x29, 0xFF}}},
	{{{-3715, 1557, -4222}, 0, {196, 976}, {0xAC, 0x7B, 0x29, 0xFF}}},
	{{{-3686, 1529, -3962}, 0, {193, 976}, {0xAC, 0x7B, 0x29, 0xFF}}},
	{{{-3715, 1557, -3962}, 0, {196, 970}, {0xAC, 0x7B, 0x29, 0xFF}}},
	{{{-3715, 1529, -3962}, 0, {196, 976}, {0xAC, 0x7B, 0x29, 0xFF}}},
	{{{-3686, 1487, -4222}, 0, {193, 976}, {0xAC, 0x7B, 0x29, 0xFF}}},
	{{{-3715, 1487, -4222}, 0, {196, 970}, {0xAC, 0x7B, 0x29, 0xFF}}},
	{{{-3715, 1514, -4222}, 0, {196, 976}, {0xAC, 0x7B, 0x29, 0xFF}}},
	{{{-3686, 1487, -3962}, 0, {193, 976}, {0xAC, 0x7B, 0x29, 0xFF}}},
	{{{-3715, 1514, -3962}, 0, {196, 970}, {0xAC, 0x7B, 0x29, 0xFF}}},
	{{{-3715, 1487, -3962}, 0, {196, 976}, {0xAC, 0x7B, 0x29, 0xFF}}},
	{{{-3686, 1443, -4222}, 0, {193, 976}, {0xAC, 0x7B, 0x29, 0xFF}}},
	{{{-3715, 1443, -4222}, 0, {196, 970}, {0xAC, 0x7B, 0x29, 0xFF}}},
	{{{-3715, 1470, -4222}, 0, {196, 976}, {0xAC, 0x7B, 0x29, 0xFF}}},
	{{{-3686, 1443, -3962}, 0, {193, 976}, {0xAC, 0x7B, 0x29, 0xFF}}},
	{{{-3715, 1470, -3962}, 0, {196, 970}, {0xAC, 0x7B, 0x29, 0xFF}}},
	{{{-3715, 1443, -3962}, 0, {196, 976}, {0xAC, 0x7B, 0x29, 0xFF}}},
	{{{-3686, 1404, -4222}, 0, {193, 976}, {0xAC, 0x7B, 0x29, 0xFF}}},
	{{{-3715, 1404, -4222}, 0, {196, 970}, {0xAC, 0x7B, 0x29, 0xFF}}},
	{{{-3715, 1431, -4222}, 0, {196, 976}, {0xAC, 0x7B, 0x29, 0xFF}}},
	{{{-3686, 1404, -3962}, 0, {193, 976}, {0xAC, 0x7B, 0x29, 0xFF}}},
	{{{-3715, 1431, -3962}, 0, {196, 970}, {0xAC, 0x7B, 0x29, 0xFF}}},
	{{{-3715, 1404, -3962}, 0, {196, 976}, {0xAC, 0x7B, 0x29, 0xFF}}},
	{{{-4499, 1789, 3964}, 0, {193, 976}, {0xAC, 0x7B, 0x29, 0xFF}}},
	{{{-4470, 1816, 3964}, 0, {196, 970}, {0xAC, 0x7B, 0x29, 0xFF}}},
	{{{-4470, 1789, 3964}, 0, {196, 976}, {0xAC, 0x7B, 0x29, 0xFF}}},
	{{{-4499, 1789, 4223}, 0, {193, 976}, {0xAC, 0x7B, 0x29, 0xFF}}},
	{{{-4470, 1789, 4223}, 0, {196, 970}, {0xAC, 0x7B, 0x29, 0xFF}}},
	{{{-4470, 1816, 4223}, 0, {196, 976}, {0xAC, 0x7B, 0x29, 0xFF}}},
	{{{-4499, 1746, 3964}, 0, {193, 976}, {0xAC, 0x7B, 0x29, 0xFF}}},
	{{{-4470, 1774, 3964}, 0, {196, 970}, {0xAC, 0x7B, 0x29, 0xFF}}},
	{{{-4470, 1746, 3964}, 0, {196, 976}, {0xAC, 0x7B, 0x29, 0xFF}}},
	{{{-4499, 1746, 4223}, 0, {193, 976}, {0xAC, 0x7B, 0x29, 0xFF}}},
	{{{-4470, 1746, 4223}, 0, {196, 970}, {0xAC, 0x7B, 0x29, 0xFF}}},
	{{{-4470, 1774, 4223}, 0, {196, 976}, {0xAC, 0x7B, 0x29, 0xFF}}},
	{{{-4499, 1702, 3964}, 0, {193, 976}, {0xAC, 0x7B, 0x29, 0xFF}}},
	{{{-4470, 1730, 3964}, 0, {196, 970}, {0xAC, 0x7B, 0x29, 0xFF}}},
	{{{-4470, 1702, 3964}, 0, {196, 976}, {0xAC, 0x7B, 0x29, 0xFF}}},
	{{{-4499, 1702, 4223}, 0, {193, 976}, {0xAC, 0x7B, 0x29, 0xFF}}},
	{{{-4470, 1702, 4223}, 0, {196, 970}, {0xAC, 0x7B, 0x29, 0xFF}}},
	{{{-4470, 1730, 4223}, 0, {196, 976}, {0xAC, 0x7B, 0x29, 0xFF}}},
	{{{-4499, 1661, 3964}, 0, {193, 976}, {0xAC, 0x7B, 0x29, 0xFF}}},
	{{{-4470, 1688, 3964}, 0, {196, 970}, {0xAC, 0x7B, 0x29, 0xFF}}},
	{{{-4470, 1661, 3964}, 0, {196, 976}, {0xAC, 0x7B, 0x29, 0xFF}}},
	{{{-4499, 1661, 4223}, 0, {193, 976}, {0xAC, 0x7B, 0x29, 0xFF}}},
	{{{-4470, 1661, 4223}, 0, {196, 970}, {0xAC, 0x7B, 0x29, 0xFF}}},
	{{{-4470, 1688, 4223}, 0, {196, 976}, {0xAC, 0x7B, 0x29, 0xFF}}},
	{{{-4499, 1617, 3964}, 0, {193, 976}, {0xAC, 0x7B, 0x29, 0xFF}}},
	{{{-4470, 1644, 3964}, 0, {196, 970}, {0xAC, 0x7B, 0x29, 0xFF}}},
	{{{-4470, 1617, 3964}, 0, {196, 976}, {0xAC, 0x7B, 0x29, 0xFF}}},
	{{{-4499, 1617, 4223}, 0, {193, 976}, {0xAC, 0x7B, 0x29, 0xFF}}},
	{{{-4470, 1617, 4223}, 0, {196, 970}, {0xAC, 0x7B, 0x29, 0xFF}}},
	{{{-4470, 1644, 4223}, 0, {196, 976}, {0xAC, 0x7B, 0x29, 0xFF}}},
	{{{-4499, 1573, 3964}, 0, {193, 976}, {0xAC, 0x7B, 0x29, 0xFF}}},
	{{{-4470, 1600, 3964}, 0, {196, 970}, {0xAC, 0x7B, 0x29, 0xFF}}},
	{{{-4470, 1573, 3964}, 0, {196, 976}, {0xAC, 0x7B, 0x29, 0xFF}}},
	{{{-4499, 1573, 4223}, 0, {193, 976}, {0xAC, 0x7B, 0x29, 0xFF}}},
	{{{-4470, 1573, 4223}, 0, {196, 970}, {0xAC, 0x7B, 0x29, 0xFF}}},
	{{{-4470, 1600, 4223}, 0, {196, 976}, {0xAC, 0x7B, 0x29, 0xFF}}},
	{{{-4499, 1529, 3964}, 0, {193, 976}, {0xAC, 0x7B, 0x29, 0xFF}}},
	{{{-4470, 1557, 3964}, 0, {196, 970}, {0xAC, 0x7B, 0x29, 0xFF}}},
	{{{-4470, 1529, 3964}, 0, {196, 976}, {0xAC, 0x7B, 0x29, 0xFF}}},
	{{{-4499, 1529, 4223}, 0, {193, 976}, {0xAC, 0x7B, 0x29, 0xFF}}},
	{{{-4470, 1529, 4223}, 0, {196, 970}, {0xAC, 0x7B, 0x29, 0xFF}}},
	{{{-4470, 1557, 4223}, 0, {196, 976}, {0xAC, 0x7B, 0x29, 0xFF}}},
	{{{-4499, 1487, 3964}, 0, {193, 976}, {0xAC, 0x7B, 0x29, 0xFF}}},
	{{{-4470, 1514, 3964}, 0, {196, 970}, {0xAC, 0x7B, 0x29, 0xFF}}},
	{{{-4470, 1487, 3964}, 0, {196, 976}, {0xAC, 0x7B, 0x29, 0xFF}}},
	{{{-4499, 1487, 4223}, 0, {193, 976}, {0xAC, 0x7B, 0x29, 0xFF}}},
	{{{-4470, 1487, 4223}, 0, {196, 970}, {0xAC, 0x7B, 0x29, 0xFF}}},
	{{{-4470, 1514, 4223}, 0, {196, 976}, {0xAC, 0x7B, 0x29, 0xFF}}},
	{{{-4499, 1443, 3964}, 0, {193, 976}, {0xAC, 0x7B, 0x29, 0xFF}}},
	{{{-4470, 1470, 3964}, 0, {196, 970}, {0xAC, 0x7B, 0x29, 0xFF}}},
	{{{-4470, 1443, 3964}, 0, {196, 976}, {0xAC, 0x7B, 0x29, 0xFF}}},
	{{{-4499, 1443, 4223}, 0, {193, 976}, {0xAC, 0x7B, 0x29, 0xFF}}},
	{{{-4470, 1443, 4223}, 0, {196, 970}, {0xAC, 0x7B, 0x29, 0xFF}}},
	{{{-4470, 1470, 4223}, 0, {196, 976}, {0xAC, 0x7B, 0x29, 0xFF}}},
	{{{-4499, 1404, 3964}, 0, {193, 976}, {0xAC, 0x7B, 0x29, 0xFF}}},
	{{{-4470, 1431, 3964}, 0, {196, 970}, {0xAC, 0x7B, 0x29, 0xFF}}},
	{{{-4470, 1404, 3964}, 0, {196, 976}, {0xAC, 0x7B, 0x29, 0xFF}}},
	{{{-4499, 1404, 4223}, 0, {193, 976}, {0xAC, 0x7B, 0x29, 0xFF}}},
	{{{-4470, 1404, 4223}, 0, {196, 970}, {0xAC, 0x7B, 0x29, 0xFF}}},
	{{{-4470, 1431, 4223}, 0, {196, 976}, {0xAC, 0x7B, 0x29, 0xFF}}},
	{{{-3684, 1789, 3964}, 0, {193, 976}, {0xAC, 0x7B, 0x29, 0xFF}}},
	{{{-3713, 1789, 3964}, 0, {196, 970}, {0xAC, 0x7B, 0x29, 0xFF}}},
	{{{-3713, 1816, 3964}, 0, {196, 976}, {0xAC, 0x7B, 0x29, 0xFF}}},
	{{{-3684, 1789, 4223}, 0, {193, 976}, {0xAC, 0x7B, 0x29, 0xFF}}},
	{{{-3713, 1816, 4223}, 0, {196, 970}, {0xAC, 0x7B, 0x29, 0xFF}}},
	{{{-3713, 1789, 4223}, 0, {196, 976}, {0xAC, 0x7B, 0x29, 0xFF}}},
	{{{-3684, 1746, 3964}, 0, {193, 976}, {0xAC, 0x7B, 0x29, 0xFF}}},
	{{{-3713, 1746, 3964}, 0, {196, 970}, {0xAC, 0x7B, 0x29, 0xFF}}},
	{{{-3713, 1774, 3964}, 0, {196, 976}, {0xAC, 0x7B, 0x29, 0xFF}}},
	{{{-3684, 1746, 4223}, 0, {193, 976}, {0xAC, 0x7B, 0x29, 0xFF}}},
	{{{-3713, 1774, 4223}, 0, {196, 970}, {0xAC, 0x7B, 0x29, 0xFF}}},
	{{{-3713, 1746, 4223}, 0, {196, 976}, {0xAC, 0x7B, 0x29, 0xFF}}},
	{{{-3684, 1702, 3964}, 0, {193, 976}, {0xAC, 0x7B, 0x29, 0xFF}}},
	{{{-3713, 1702, 3964}, 0, {196, 970}, {0xAC, 0x7B, 0x29, 0xFF}}},
	{{{-3713, 1730, 3964}, 0, {196, 976}, {0xAC, 0x7B, 0x29, 0xFF}}},
	{{{-3684, 1702, 4223}, 0, {193, 976}, {0xAC, 0x7B, 0x29, 0xFF}}},
	{{{-3713, 1730, 4223}, 0, {196, 970}, {0xAC, 0x7B, 0x29, 0xFF}}},
	{{{-3713, 1702, 4223}, 0, {196, 976}, {0xAC, 0x7B, 0x29, 0xFF}}},
	{{{-3684, 1661, 3964}, 0, {193, 976}, {0xAC, 0x7B, 0x29, 0xFF}}},
	{{{-3713, 1661, 3964}, 0, {196, 970}, {0xAC, 0x7B, 0x29, 0xFF}}},
	{{{-3713, 1688, 3964}, 0, {196, 976}, {0xAC, 0x7B, 0x29, 0xFF}}},
	{{{-3684, 1661, 4223}, 0, {193, 976}, {0xAC, 0x7B, 0x29, 0xFF}}},
	{{{-3713, 1688, 4223}, 0, {196, 970}, {0xAC, 0x7B, 0x29, 0xFF}}},
	{{{-3713, 1661, 4223}, 0, {196, 976}, {0xAC, 0x7B, 0x29, 0xFF}}},
	{{{-3684, 1617, 3964}, 0, {193, 976}, {0xAC, 0x7B, 0x29, 0xFF}}},
	{{{-3713, 1617, 3964}, 0, {196, 970}, {0xAC, 0x7B, 0x29, 0xFF}}},
	{{{-3713, 1644, 3964}, 0, {196, 976}, {0xAC, 0x7B, 0x29, 0xFF}}},
	{{{-3684, 1617, 4223}, 0, {193, 976}, {0xAC, 0x7B, 0x29, 0xFF}}},
	{{{-3713, 1644, 4223}, 0, {196, 970}, {0xAC, 0x7B, 0x29, 0xFF}}},
	{{{-3713, 1617, 4223}, 0, {196, 976}, {0xAC, 0x7B, 0x29, 0xFF}}},
	{{{-3684, 1573, 3964}, 0, {193, 976}, {0xAC, 0x7B, 0x29, 0xFF}}},
	{{{-3713, 1573, 3964}, 0, {196, 970}, {0xAC, 0x7B, 0x29, 0xFF}}},
	{{{-3713, 1600, 3964}, 0, {196, 976}, {0xAC, 0x7B, 0x29, 0xFF}}},
	{{{-3684, 1573, 4223}, 0, {193, 976}, {0xAC, 0x7B, 0x29, 0xFF}}},
	{{{-3713, 1600, 4223}, 0, {196, 970}, {0xAC, 0x7B, 0x29, 0xFF}}},
	{{{-3713, 1573, 4223}, 0, {196, 976}, {0xAC, 0x7B, 0x29, 0xFF}}},
	{{{-3684, 1529, 3964}, 0, {193, 976}, {0xAC, 0x7B, 0x29, 0xFF}}},
	{{{-3713, 1529, 3964}, 0, {196, 970}, {0xAC, 0x7B, 0x29, 0xFF}}},
	{{{-3713, 1557, 3964}, 0, {196, 976}, {0xAC, 0x7B, 0x29, 0xFF}}},
	{{{-3684, 1529, 4223}, 0, {193, 976}, {0xAC, 0x7B, 0x29, 0xFF}}},
	{{{-3713, 1557, 4223}, 0, {196, 970}, {0xAC, 0x7B, 0x29, 0xFF}}},
	{{{-3713, 1529, 4223}, 0, {196, 976}, {0xAC, 0x7B, 0x29, 0xFF}}},
	{{{-3684, 1487, 3964}, 0, {193, 976}, {0xAC, 0x7B, 0x29, 0xFF}}},
	{{{-3713, 1487, 3964}, 0, {196, 970}, {0xAC, 0x7B, 0x29, 0xFF}}},
	{{{-3713, 1514, 3964}, 0, {196, 976}, {0xAC, 0x7B, 0x29, 0xFF}}},
	{{{-3684, 1487, 4223}, 0, {193, 976}, {0xAC, 0x7B, 0x29, 0xFF}}},
	{{{-3713, 1514, 4223}, 0, {196, 970}, {0xAC, 0x7B, 0x29, 0xFF}}},
	{{{-3713, 1487, 4223}, 0, {196, 976}, {0xAC, 0x7B, 0x29, 0xFF}}},
	{{{-3684, 1443, 3964}, 0, {193, 976}, {0xAC, 0x7B, 0x29, 0xFF}}},
	{{{-3713, 1443, 3964}, 0, {196, 970}, {0xAC, 0x7B, 0x29, 0xFF}}},
	{{{-3713, 1470, 3964}, 0, {196, 976}, {0xAC, 0x7B, 0x29, 0xFF}}},
	{{{-3684, 1443, 4223}, 0, {193, 976}, {0xAC, 0x7B, 0x29, 0xFF}}},
	{{{-3713, 1470, 4223}, 0, {196, 970}, {0xAC, 0x7B, 0x29, 0xFF}}},
	{{{-3713, 1443, 4223}, 0, {196, 976}, {0xAC, 0x7B, 0x29, 0xFF}}},
	{{{-3684, 1404, 3964}, 0, {193, 976}, {0xAC, 0x7B, 0x29, 0xFF}}},
	{{{-3713, 1404, 3964}, 0, {196, 970}, {0xAC, 0x7B, 0x29, 0xFF}}},
	{{{-3713, 1431, 3964}, 0, {196, 976}, {0xAC, 0x7B, 0x29, 0xFF}}},
	{{{-3684, 1404, 4223}, 0, {193, 976}, {0xAC, 0x7B, 0x29, 0xFF}}},
	{{{-3713, 1431, 4223}, 0, {196, 970}, {0xAC, 0x7B, 0x29, 0xFF}}},
	{{{-3713, 1404, 4223}, 0, {196, 976}, {0xAC, 0x7B, 0x29, 0xFF}}},
	{{{-4222, 1789, 4501}, 0, {193, 976}, {0xAC, 0x7B, 0x29, 0xFF}}},
	{{{-4222, 1816, 4472}, 0, {196, 970}, {0xAC, 0x7B, 0x29, 0xFF}}},
	{{{-4222, 1789, 4472}, 0, {196, 976}, {0xAC, 0x7B, 0x29, 0xFF}}},
	{{{-3962, 1789, 4501}, 0, {193, 976}, {0xAC, 0x7B, 0x29, 0xFF}}},
	{{{-3962, 1789, 4472}, 0, {196, 970}, {0xAC, 0x7B, 0x29, 0xFF}}},
	{{{-3962, 1816, 4472}, 0, {196, 976}, {0xAC, 0x7B, 0x29, 0xFF}}},
	{{{-4222, 1746, 4501}, 0, {193, 976}, {0xAC, 0x7B, 0x29, 0xFF}}},
	{{{-4222, 1774, 4472}, 0, {196, 970}, {0xAC, 0x7B, 0x29, 0xFF}}},
	{{{-4222, 1746, 4472}, 0, {196, 976}, {0xAC, 0x7B, 0x29, 0xFF}}},
	{{{-3962, 1746, 4501}, 0, {193, 976}, {0xAC, 0x7B, 0x29, 0xFF}}},
	{{{-3962, 1746, 4472}, 0, {196, 970}, {0xAC, 0x7B, 0x29, 0xFF}}},
	{{{-3962, 1774, 4472}, 0, {196, 976}, {0xAC, 0x7B, 0x29, 0xFF}}},
	{{{-4222, 1702, 4501}, 0, {193, 976}, {0xAC, 0x7B, 0x29, 0xFF}}},
	{{{-4222, 1730, 4472}, 0, {196, 970}, {0xAC, 0x7B, 0x29, 0xFF}}},
	{{{-4222, 1702, 4472}, 0, {196, 976}, {0xAC, 0x7B, 0x29, 0xFF}}},
	{{{-3962, 1702, 4501}, 0, {193, 976}, {0xAC, 0x7B, 0x29, 0xFF}}},
	{{{-3962, 1702, 4472}, 0, {196, 970}, {0xAC, 0x7B, 0x29, 0xFF}}},
	{{{-3962, 1730, 4472}, 0, {196, 976}, {0xAC, 0x7B, 0x29, 0xFF}}},
	{{{-4222, 1661, 4501}, 0, {193, 976}, {0xAC, 0x7B, 0x29, 0xFF}}},
	{{{-4222, 1688, 4472}, 0, {196, 970}, {0xAC, 0x7B, 0x29, 0xFF}}},
	{{{-4222, 1661, 4472}, 0, {196, 976}, {0xAC, 0x7B, 0x29, 0xFF}}},
	{{{-3962, 1661, 4501}, 0, {193, 976}, {0xAC, 0x7B, 0x29, 0xFF}}},
	{{{-3962, 1661, 4472}, 0, {196, 970}, {0xAC, 0x7B, 0x29, 0xFF}}},
	{{{-3962, 1688, 4472}, 0, {196, 976}, {0xAC, 0x7B, 0x29, 0xFF}}},
	{{{-4222, 1617, 4501}, 0, {193, 976}, {0xAC, 0x7B, 0x29, 0xFF}}},
	{{{-4222, 1644, 4472}, 0, {196, 970}, {0xAC, 0x7B, 0x29, 0xFF}}},
	{{{-4222, 1617, 4472}, 0, {196, 976}, {0xAC, 0x7B, 0x29, 0xFF}}},
	{{{-3962, 1617, 4501}, 0, {193, 976}, {0xAC, 0x7B, 0x29, 0xFF}}},
	{{{-3962, 1617, 4472}, 0, {196, 970}, {0xAC, 0x7B, 0x29, 0xFF}}},
	{{{-3962, 1644, 4472}, 0, {196, 976}, {0xAC, 0x7B, 0x29, 0xFF}}},
	{{{-4222, 1573, 4501}, 0, {193, 976}, {0xAC, 0x7B, 0x29, 0xFF}}},
	{{{-4222, 1600, 4472}, 0, {196, 970}, {0xAC, 0x7B, 0x29, 0xFF}}},
	{{{-4222, 1573, 4472}, 0, {196, 976}, {0xAC, 0x7B, 0x29, 0xFF}}},
	{{{-3962, 1573, 4501}, 0, {193, 976}, {0xAC, 0x7B, 0x29, 0xFF}}},
	{{{-3962, 1573, 4472}, 0, {196, 970}, {0xAC, 0x7B, 0x29, 0xFF}}},
	{{{-3962, 1600, 4472}, 0, {196, 976}, {0xAC, 0x7B, 0x29, 0xFF}}},
	{{{-4222, 1529, 4501}, 0, {193, 976}, {0xAC, 0x7B, 0x29, 0xFF}}},
	{{{-4222, 1557, 4472}, 0, {196, 970}, {0xAC, 0x7B, 0x29, 0xFF}}},
	{{{-4222, 1529, 4472}, 0, {196, 976}, {0xAC, 0x7B, 0x29, 0xFF}}},
	{{{-3962, 1529, 4501}, 0, {193, 976}, {0xAC, 0x7B, 0x29, 0xFF}}},
	{{{-3962, 1529, 4472}, 0, {196, 970}, {0xAC, 0x7B, 0x29, 0xFF}}},
	{{{-3962, 1557, 4472}, 0, {196, 976}, {0xAC, 0x7B, 0x29, 0xFF}}},
	{{{-4222, 1487, 4501}, 0, {193, 976}, {0xAC, 0x7B, 0x29, 0xFF}}},
	{{{-4222, 1514, 4472}, 0, {196, 970}, {0xAC, 0x7B, 0x29, 0xFF}}},
	{{{-4222, 1487, 4472}, 0, {196, 976}, {0xAC, 0x7B, 0x29, 0xFF}}},
	{{{-3962, 1487, 4501}, 0, {193, 976}, {0xAC, 0x7B, 0x29, 0xFF}}},
	{{{-3962, 1487, 4472}, 0, {196, 970}, {0xAC, 0x7B, 0x29, 0xFF}}},
	{{{-3962, 1514, 4472}, 0, {196, 976}, {0xAC, 0x7B, 0x29, 0xFF}}},
	{{{-4222, 1443, 4501}, 0, {193, 976}, {0xAC, 0x7B, 0x29, 0xFF}}},
	{{{-4222, 1470, 4472}, 0, {196, 970}, {0xAC, 0x7B, 0x29, 0xFF}}},
	{{{-4222, 1443, 4472}, 0, {196, 976}, {0xAC, 0x7B, 0x29, 0xFF}}},
	{{{-3962, 1443, 4501}, 0, {193, 976}, {0xAC, 0x7B, 0x29, 0xFF}}},
	{{{-3962, 1443, 4472}, 0, {196, 970}, {0xAC, 0x7B, 0x29, 0xFF}}},
	{{{-3962, 1470, 4472}, 0, {196, 976}, {0xAC, 0x7B, 0x29, 0xFF}}},
	{{{-4222, 1404, 4501}, 0, {193, 976}, {0xAC, 0x7B, 0x29, 0xFF}}},
	{{{-4222, 1431, 4472}, 0, {196, 970}, {0xAC, 0x7B, 0x29, 0xFF}}},
	{{{-4222, 1404, 4472}, 0, {196, 976}, {0xAC, 0x7B, 0x29, 0xFF}}},
	{{{-3962, 1404, 4501}, 0, {193, 976}, {0xAC, 0x7B, 0x29, 0xFF}}},
	{{{-3962, 1404, 4472}, 0, {196, 970}, {0xAC, 0x7B, 0x29, 0xFF}}},
	{{{-3962, 1431, 4472}, 0, {196, 976}, {0xAC, 0x7B, 0x29, 0xFF}}},
	{{{-4222, 1789, 3686}, 0, {193, 976}, {0xAC, 0x7B, 0x29, 0xFF}}},
	{{{-4222, 1789, 3715}, 0, {196, 970}, {0xAC, 0x7B, 0x29, 0xFF}}},
	{{{-4222, 1816, 3715}, 0, {196, 976}, {0xAC, 0x7B, 0x29, 0xFF}}},
	{{{-3962, 1789, 3686}, 0, {193, 976}, {0xAC, 0x7B, 0x29, 0xFF}}},
	{{{-3962, 1816, 3715}, 0, {196, 970}, {0xAC, 0x7B, 0x29, 0xFF}}},
	{{{-3962, 1789, 3715}, 0, {196, 976}, {0xAC, 0x7B, 0x29, 0xFF}}},
	{{{-4222, 1746, 3686}, 0, {193, 976}, {0xAC, 0x7B, 0x29, 0xFF}}},
	{{{-4222, 1746, 3715}, 0, {196, 970}, {0xAC, 0x7B, 0x29, 0xFF}}},
	{{{-4222, 1774, 3715}, 0, {196, 976}, {0xAC, 0x7B, 0x29, 0xFF}}},
	{{{-3962, 1746, 3686}, 0, {193, 976}, {0xAC, 0x7B, 0x29, 0xFF}}},
	{{{-3962, 1774, 3715}, 0, {196, 970}, {0xAC, 0x7B, 0x29, 0xFF}}},
	{{{-3962, 1746, 3715}, 0, {196, 976}, {0xAC, 0x7B, 0x29, 0xFF}}},
	{{{-4222, 1702, 3686}, 0, {193, 976}, {0xAC, 0x7B, 0x29, 0xFF}}},
	{{{-4222, 1702, 3715}, 0, {196, 970}, {0xAC, 0x7B, 0x29, 0xFF}}},
	{{{-4222, 1730, 3715}, 0, {196, 976}, {0xAC, 0x7B, 0x29, 0xFF}}},
	{{{-3962, 1702, 3686}, 0, {193, 976}, {0xAC, 0x7B, 0x29, 0xFF}}},
	{{{-3962, 1730, 3715}, 0, {196, 970}, {0xAC, 0x7B, 0x29, 0xFF}}},
	{{{-3962, 1702, 3715}, 0, {196, 976}, {0xAC, 0x7B, 0x29, 0xFF}}},
	{{{-4222, 1661, 3686}, 0, {193, 976}, {0xAC, 0x7B, 0x29, 0xFF}}},
	{{{-4222, 1661, 3715}, 0, {196, 970}, {0xAC, 0x7B, 0x29, 0xFF}}},
	{{{-4222, 1688, 3715}, 0, {196, 976}, {0xAC, 0x7B, 0x29, 0xFF}}},
	{{{-3962, 1661, 3686}, 0, {193, 976}, {0xAC, 0x7B, 0x29, 0xFF}}},
	{{{-3962, 1688, 3715}, 0, {196, 970}, {0xAC, 0x7B, 0x29, 0xFF}}},
	{{{-3962, 1661, 3715}, 0, {196, 976}, {0xAC, 0x7B, 0x29, 0xFF}}},
	{{{-4222, 1617, 3686}, 0, {193, 976}, {0xAC, 0x7B, 0x29, 0xFF}}},
	{{{-4222, 1617, 3715}, 0, {196, 970}, {0xAC, 0x7B, 0x29, 0xFF}}},
	{{{-4222, 1644, 3715}, 0, {196, 976}, {0xAC, 0x7B, 0x29, 0xFF}}},
	{{{-3962, 1617, 3686}, 0, {193, 976}, {0xAC, 0x7B, 0x29, 0xFF}}},
	{{{-3962, 1644, 3715}, 0, {196, 970}, {0xAC, 0x7B, 0x29, 0xFF}}},
	{{{-3962, 1617, 3715}, 0, {196, 976}, {0xAC, 0x7B, 0x29, 0xFF}}},
	{{{-4222, 1573, 3686}, 0, {193, 976}, {0xAC, 0x7B, 0x29, 0xFF}}},
	{{{-4222, 1573, 3715}, 0, {196, 970}, {0xAC, 0x7B, 0x29, 0xFF}}},
	{{{-4222, 1600, 3715}, 0, {196, 976}, {0xAC, 0x7B, 0x29, 0xFF}}},
	{{{-3962, 1573, 3686}, 0, {193, 976}, {0xAC, 0x7B, 0x29, 0xFF}}},
	{{{-3962, 1600, 3715}, 0, {196, 970}, {0xAC, 0x7B, 0x29, 0xFF}}},
	{{{-3962, 1573, 3715}, 0, {196, 976}, {0xAC, 0x7B, 0x29, 0xFF}}},
	{{{-4222, 1529, 3686}, 0, {193, 976}, {0xAC, 0x7B, 0x29, 0xFF}}},
	{{{-4222, 1529, 3715}, 0, {196, 970}, {0xAC, 0x7B, 0x29, 0xFF}}},
	{{{-4222, 1557, 3715}, 0, {196, 976}, {0xAC, 0x7B, 0x29, 0xFF}}},
	{{{-3962, 1529, 3686}, 0, {193, 976}, {0xAC, 0x7B, 0x29, 0xFF}}},
	{{{-3962, 1557, 3715}, 0, {196, 970}, {0xAC, 0x7B, 0x29, 0xFF}}},
	{{{-3962, 1529, 3715}, 0, {196, 976}, {0xAC, 0x7B, 0x29, 0xFF}}},
	{{{-4222, 1487, 3686}, 0, {193, 976}, {0xAC, 0x7B, 0x29, 0xFF}}},
	{{{-4222, 1487, 3715}, 0, {196, 970}, {0xAC, 0x7B, 0x29, 0xFF}}},
	{{{-4222, 1514, 3715}, 0, {196, 976}, {0xAC, 0x7B, 0x29, 0xFF}}},
	{{{-3962, 1487, 3686}, 0, {193, 976}, {0xAC, 0x7B, 0x29, 0xFF}}},
	{{{-3962, 1514, 3715}, 0, {196, 970}, {0xAC, 0x7B, 0x29, 0xFF}}},
	{{{-3962, 1487, 3715}, 0, {196, 976}, {0xAC, 0x7B, 0x29, 0xFF}}},
	{{{-4222, 1443, 3686}, 0, {193, 976}, {0xAC, 0x7B, 0x29, 0xFF}}},
	{{{-4222, 1443, 3715}, 0, {196, 970}, {0xAC, 0x7B, 0x29, 0xFF}}},
	{{{-4222, 1470, 3715}, 0, {196, 976}, {0xAC, 0x7B, 0x29, 0xFF}}},
	{{{-3962, 1443, 3686}, 0, {193, 976}, {0xAC, 0x7B, 0x29, 0xFF}}},
	{{{-3962, 1470, 3715}, 0, {196, 970}, {0xAC, 0x7B, 0x29, 0xFF}}},
	{{{-3962, 1443, 3715}, 0, {196, 976}, {0xAC, 0x7B, 0x29, 0xFF}}},
	{{{-4222, 1404, 3686}, 0, {193, 976}, {0xAC, 0x7B, 0x29, 0xFF}}},
	{{{-4222, 1404, 3715}, 0, {196, 970}, {0xAC, 0x7B, 0x29, 0xFF}}},
	{{{-4222, 1431, 3715}, 0, {196, 976}, {0xAC, 0x7B, 0x29, 0xFF}}},
	{{{-3962, 1404, 3686}, 0, {193, 976}, {0xAC, 0x7B, 0x29, 0xFF}}},
	{{{-3962, 1431, 3715}, 0, {196, 970}, {0xAC, 0x7B, 0x29, 0xFF}}},
	{{{-3962, 1404, 3715}, 0, {196, 976}, {0xAC, 0x7B, 0x29, 0xFF}}},
	{{{3964, 1789, 4499}, 0, {193, 976}, {0xAC, 0x7B, 0x29, 0xFF}}},
	{{{3964, 1816, 4470}, 0, {196, 970}, {0xAC, 0x7B, 0x29, 0xFF}}},
	{{{3964, 1789, 4470}, 0, {196, 976}, {0xAC, 0x7B, 0x29, 0xFF}}},
	{{{4223, 1789, 4499}, 0, {193, 976}, {0xAC, 0x7B, 0x29, 0xFF}}},
	{{{4223, 1789, 4470}, 0, {196, 970}, {0xAC, 0x7B, 0x29, 0xFF}}},
	{{{4223, 1816, 4470}, 0, {196, 976}, {0xAC, 0x7B, 0x29, 0xFF}}},
	{{{3964, 1746, 4499}, 0, {193, 976}, {0xAC, 0x7B, 0x29, 0xFF}}},
	{{{3964, 1774, 4470}, 0, {196, 970}, {0xAC, 0x7B, 0x29, 0xFF}}},
	{{{3964, 1746, 4470}, 0, {196, 976}, {0xAC, 0x7B, 0x29, 0xFF}}},
	{{{4223, 1746, 4499}, 0, {193, 976}, {0xAC, 0x7B, 0x29, 0xFF}}},
	{{{4223, 1746, 4470}, 0, {196, 970}, {0xAC, 0x7B, 0x29, 0xFF}}},
	{{{4223, 1774, 4470}, 0, {196, 976}, {0xAC, 0x7B, 0x29, 0xFF}}},
	{{{3964, 1702, 4499}, 0, {193, 976}, {0xAC, 0x7B, 0x29, 0xFF}}},
	{{{3964, 1730, 4470}, 0, {196, 970}, {0xAC, 0x7B, 0x29, 0xFF}}},
	{{{3964, 1702, 4470}, 0, {196, 976}, {0xAC, 0x7B, 0x29, 0xFF}}},
	{{{4223, 1702, 4499}, 0, {193, 976}, {0xAC, 0x7B, 0x29, 0xFF}}},
	{{{4223, 1702, 4470}, 0, {196, 970}, {0xAC, 0x7B, 0x29, 0xFF}}},
	{{{4223, 1730, 4470}, 0, {196, 976}, {0xAC, 0x7B, 0x29, 0xFF}}},
	{{{3964, 1661, 4499}, 0, {193, 976}, {0xAC, 0x7B, 0x29, 0xFF}}},
	{{{3964, 1688, 4470}, 0, {196, 970}, {0xAC, 0x7B, 0x29, 0xFF}}},
	{{{3964, 1661, 4470}, 0, {196, 976}, {0xAC, 0x7B, 0x29, 0xFF}}},
	{{{4223, 1661, 4499}, 0, {193, 976}, {0xAC, 0x7B, 0x29, 0xFF}}},
	{{{4223, 1661, 4470}, 0, {196, 970}, {0xAC, 0x7B, 0x29, 0xFF}}},
	{{{4223, 1688, 4470}, 0, {196, 976}, {0xAC, 0x7B, 0x29, 0xFF}}},
	{{{3964, 1617, 4499}, 0, {193, 976}, {0xAC, 0x7B, 0x29, 0xFF}}},
	{{{3964, 1644, 4470}, 0, {196, 970}, {0xAC, 0x7B, 0x29, 0xFF}}},
	{{{3964, 1617, 4470}, 0, {196, 976}, {0xAC, 0x7B, 0x29, 0xFF}}},
	{{{4223, 1617, 4499}, 0, {193, 976}, {0xAC, 0x7B, 0x29, 0xFF}}},
	{{{4223, 1617, 4470}, 0, {196, 970}, {0xAC, 0x7B, 0x29, 0xFF}}},
	{{{4223, 1644, 4470}, 0, {196, 976}, {0xAC, 0x7B, 0x29, 0xFF}}},
	{{{3964, 1573, 4499}, 0, {193, 976}, {0xAC, 0x7B, 0x29, 0xFF}}},
	{{{3964, 1600, 4470}, 0, {196, 970}, {0xAC, 0x7B, 0x29, 0xFF}}},
	{{{3964, 1573, 4470}, 0, {196, 976}, {0xAC, 0x7B, 0x29, 0xFF}}},
	{{{4223, 1573, 4499}, 0, {193, 976}, {0xAC, 0x7B, 0x29, 0xFF}}},
	{{{4223, 1573, 4470}, 0, {196, 970}, {0xAC, 0x7B, 0x29, 0xFF}}},
	{{{4223, 1600, 4470}, 0, {196, 976}, {0xAC, 0x7B, 0x29, 0xFF}}},
	{{{3964, 1529, 4499}, 0, {193, 976}, {0xAC, 0x7B, 0x29, 0xFF}}},
	{{{3964, 1557, 4470}, 0, {196, 970}, {0xAC, 0x7B, 0x29, 0xFF}}},
	{{{3964, 1529, 4470}, 0, {196, 976}, {0xAC, 0x7B, 0x29, 0xFF}}},
	{{{4223, 1529, 4499}, 0, {193, 976}, {0xAC, 0x7B, 0x29, 0xFF}}},
	{{{4223, 1529, 4470}, 0, {196, 970}, {0xAC, 0x7B, 0x29, 0xFF}}},
	{{{4223, 1557, 4470}, 0, {196, 976}, {0xAC, 0x7B, 0x29, 0xFF}}},
	{{{3964, 1487, 4499}, 0, {193, 976}, {0xAC, 0x7B, 0x29, 0xFF}}},
	{{{3964, 1514, 4470}, 0, {196, 970}, {0xAC, 0x7B, 0x29, 0xFF}}},
	{{{3964, 1487, 4470}, 0, {196, 976}, {0xAC, 0x7B, 0x29, 0xFF}}},
	{{{4223, 1487, 4499}, 0, {193, 976}, {0xAC, 0x7B, 0x29, 0xFF}}},
	{{{4223, 1487, 4470}, 0, {196, 970}, {0xAC, 0x7B, 0x29, 0xFF}}},
	{{{4223, 1514, 4470}, 0, {196, 976}, {0xAC, 0x7B, 0x29, 0xFF}}},
	{{{3964, 1443, 4499}, 0, {193, 976}, {0xAC, 0x7B, 0x29, 0xFF}}},
	{{{3964, 1470, 4470}, 0, {196, 970}, {0xAC, 0x7B, 0x29, 0xFF}}},
	{{{3964, 1443, 4470}, 0, {196, 976}, {0xAC, 0x7B, 0x29, 0xFF}}},
	{{{4223, 1443, 4499}, 0, {193, 976}, {0xAC, 0x7B, 0x29, 0xFF}}},
	{{{4223, 1443, 4470}, 0, {196, 970}, {0xAC, 0x7B, 0x29, 0xFF}}},
	{{{4223, 1470, 4470}, 0, {196, 976}, {0xAC, 0x7B, 0x29, 0xFF}}},
	{{{3964, 1404, 4499}, 0, {193, 976}, {0xAC, 0x7B, 0x29, 0xFF}}},
	{{{3964, 1431, 4470}, 0, {196, 970}, {0xAC, 0x7B, 0x29, 0xFF}}},
	{{{3964, 1404, 4470}, 0, {196, 976}, {0xAC, 0x7B, 0x29, 0xFF}}},
	{{{4223, 1404, 4499}, 0, {193, 976}, {0xAC, 0x7B, 0x29, 0xFF}}},
	{{{4223, 1404, 4470}, 0, {196, 970}, {0xAC, 0x7B, 0x29, 0xFF}}},
	{{{4223, 1431, 4470}, 0, {196, 976}, {0xAC, 0x7B, 0x29, 0xFF}}},
	{{{3964, 1789, 3684}, 0, {193, 976}, {0xAC, 0x7B, 0x29, 0xFF}}},
	{{{3964, 1789, 3713}, 0, {196, 970}, {0xAC, 0x7B, 0x29, 0xFF}}},
	{{{3964, 1816, 3713}, 0, {196, 976}, {0xAC, 0x7B, 0x29, 0xFF}}},
	{{{4223, 1789, 3684}, 0, {193, 976}, {0xAC, 0x7B, 0x29, 0xFF}}},
	{{{4223, 1816, 3713}, 0, {196, 970}, {0xAC, 0x7B, 0x29, 0xFF}}},
	{{{4223, 1789, 3713}, 0, {196, 976}, {0xAC, 0x7B, 0x29, 0xFF}}},
	{{{3964, 1746, 3684}, 0, {193, 976}, {0xAC, 0x7B, 0x29, 0xFF}}},
	{{{3964, 1746, 3713}, 0, {196, 970}, {0xAC, 0x7B, 0x29, 0xFF}}},
	{{{3964, 1774, 3713}, 0, {196, 976}, {0xAC, 0x7B, 0x29, 0xFF}}},
	{{{4223, 1746, 3684}, 0, {193, 976}, {0xAC, 0x7B, 0x29, 0xFF}}},
	{{{4223, 1774, 3713}, 0, {196, 970}, {0xAC, 0x7B, 0x29, 0xFF}}},
	{{{4223, 1746, 3713}, 0, {196, 976}, {0xAC, 0x7B, 0x29, 0xFF}}},
	{{{3964, 1702, 3684}, 0, {193, 976}, {0xAC, 0x7B, 0x29, 0xFF}}},
	{{{3964, 1702, 3713}, 0, {196, 970}, {0xAC, 0x7B, 0x29, 0xFF}}},
	{{{3964, 1730, 3713}, 0, {196, 976}, {0xAC, 0x7B, 0x29, 0xFF}}},
	{{{4223, 1702, 3684}, 0, {193, 976}, {0xAC, 0x7B, 0x29, 0xFF}}},
	{{{4223, 1730, 3713}, 0, {196, 970}, {0xAC, 0x7B, 0x29, 0xFF}}},
	{{{4223, 1702, 3713}, 0, {196, 976}, {0xAC, 0x7B, 0x29, 0xFF}}},
	{{{3964, 1661, 3684}, 0, {193, 976}, {0xAC, 0x7B, 0x29, 0xFF}}},
	{{{3964, 1661, 3713}, 0, {196, 970}, {0xAC, 0x7B, 0x29, 0xFF}}},
	{{{3964, 1688, 3713}, 0, {196, 976}, {0xAC, 0x7B, 0x29, 0xFF}}},
	{{{4223, 1661, 3684}, 0, {193, 976}, {0xAC, 0x7B, 0x29, 0xFF}}},
	{{{4223, 1688, 3713}, 0, {196, 970}, {0xAC, 0x7B, 0x29, 0xFF}}},
	{{{4223, 1661, 3713}, 0, {196, 976}, {0xAC, 0x7B, 0x29, 0xFF}}},
	{{{3964, 1617, 3684}, 0, {193, 976}, {0xAC, 0x7B, 0x29, 0xFF}}},
	{{{3964, 1617, 3713}, 0, {196, 970}, {0xAC, 0x7B, 0x29, 0xFF}}},
	{{{3964, 1644, 3713}, 0, {196, 976}, {0xAC, 0x7B, 0x29, 0xFF}}},
	{{{4223, 1617, 3684}, 0, {193, 976}, {0xAC, 0x7B, 0x29, 0xFF}}},
	{{{4223, 1644, 3713}, 0, {196, 970}, {0xAC, 0x7B, 0x29, 0xFF}}},
	{{{4223, 1617, 3713}, 0, {196, 976}, {0xAC, 0x7B, 0x29, 0xFF}}},
	{{{3964, 1573, 3684}, 0, {193, 976}, {0xAC, 0x7B, 0x29, 0xFF}}},
	{{{3964, 1573, 3713}, 0, {196, 970}, {0xAC, 0x7B, 0x29, 0xFF}}},
	{{{3964, 1600, 3713}, 0, {196, 976}, {0xAC, 0x7B, 0x29, 0xFF}}},
	{{{4223, 1573, 3684}, 0, {193, 976}, {0xAC, 0x7B, 0x29, 0xFF}}},
	{{{4223, 1600, 3713}, 0, {196, 970}, {0xAC, 0x7B, 0x29, 0xFF}}},
	{{{4223, 1573, 3713}, 0, {196, 976}, {0xAC, 0x7B, 0x29, 0xFF}}},
	{{{3964, 1529, 3684}, 0, {193, 976}, {0xAC, 0x7B, 0x29, 0xFF}}},
	{{{3964, 1529, 3713}, 0, {196, 970}, {0xAC, 0x7B, 0x29, 0xFF}}},
	{{{3964, 1557, 3713}, 0, {196, 976}, {0xAC, 0x7B, 0x29, 0xFF}}},
	{{{4223, 1529, 3684}, 0, {193, 976}, {0xAC, 0x7B, 0x29, 0xFF}}},
	{{{4223, 1557, 3713}, 0, {196, 970}, {0xAC, 0x7B, 0x29, 0xFF}}},
	{{{4223, 1529, 3713}, 0, {196, 976}, {0xAC, 0x7B, 0x29, 0xFF}}},
	{{{3964, 1487, 3684}, 0, {193, 976}, {0xAC, 0x7B, 0x29, 0xFF}}},
	{{{3964, 1487, 3713}, 0, {196, 970}, {0xAC, 0x7B, 0x29, 0xFF}}},
	{{{3964, 1514, 3713}, 0, {196, 976}, {0xAC, 0x7B, 0x29, 0xFF}}},
	{{{4223, 1487, 3684}, 0, {193, 976}, {0xAC, 0x7B, 0x29, 0xFF}}},
	{{{4223, 1514, 3713}, 0, {196, 970}, {0xAC, 0x7B, 0x29, 0xFF}}},
	{{{4223, 1487, 3713}, 0, {196, 976}, {0xAC, 0x7B, 0x29, 0xFF}}},
	{{{3964, 1443, 3684}, 0, {193, 976}, {0xAC, 0x7B, 0x29, 0xFF}}},
	{{{3964, 1443, 3713}, 0, {196, 970}, {0xAC, 0x7B, 0x29, 0xFF}}},
	{{{3964, 1470, 3713}, 0, {196, 976}, {0xAC, 0x7B, 0x29, 0xFF}}},
	{{{4223, 1443, 3684}, 0, {193, 976}, {0xAC, 0x7B, 0x29, 0xFF}}},
	{{{4223, 1470, 3713}, 0, {196, 970}, {0xAC, 0x7B, 0x29, 0xFF}}},
	{{{4223, 1443, 3713}, 0, {196, 976}, {0xAC, 0x7B, 0x29, 0xFF}}},
	{{{3964, 1404, 3684}, 0, {193, 976}, {0xAC, 0x7B, 0x29, 0xFF}}},
	{{{3964, 1404, 3713}, 0, {196, 970}, {0xAC, 0x7B, 0x29, 0xFF}}},
	{{{3964, 1431, 3713}, 0, {196, 976}, {0xAC, 0x7B, 0x29, 0xFF}}},
	{{{4223, 1404, 3684}, 0, {193, 976}, {0xAC, 0x7B, 0x29, 0xFF}}},
	{{{4223, 1431, 3713}, 0, {196, 970}, {0xAC, 0x7B, 0x29, 0xFF}}},
	{{{4223, 1404, 3713}, 0, {196, 976}, {0xAC, 0x7B, 0x29, 0xFF}}},
	{{{4501, 1789, 4222}, 0, {193, 976}, {0xAC, 0x7B, 0x29, 0xFF}}},
	{{{4472, 1816, 4222}, 0, {196, 970}, {0xAC, 0x7B, 0x29, 0xFF}}},
	{{{4472, 1789, 4222}, 0, {196, 976}, {0xAC, 0x7B, 0x29, 0xFF}}},
	{{{4501, 1789, 3962}, 0, {193, 976}, {0xAC, 0x7B, 0x29, 0xFF}}},
	{{{4472, 1789, 3962}, 0, {196, 970}, {0xAC, 0x7B, 0x29, 0xFF}}},
	{{{4472, 1816, 3962}, 0, {196, 976}, {0xAC, 0x7B, 0x29, 0xFF}}},
	{{{4501, 1746, 4222}, 0, {193, 976}, {0xAC, 0x7B, 0x29, 0xFF}}},
	{{{4472, 1774, 4222}, 0, {196, 970}, {0xAC, 0x7B, 0x29, 0xFF}}},
	{{{4472, 1746, 4222}, 0, {196, 976}, {0xAC, 0x7B, 0x29, 0xFF}}},
	{{{4501, 1746, 3962}, 0, {193, 976}, {0xAC, 0x7B, 0x29, 0xFF}}},
	{{{4472, 1746, 3962}, 0, {196, 970}, {0xAC, 0x7B, 0x29, 0xFF}}},
	{{{4472, 1774, 3962}, 0, {196, 976}, {0xAC, 0x7B, 0x29, 0xFF}}},
	{{{4501, 1702, 4222}, 0, {193, 976}, {0xAC, 0x7B, 0x29, 0xFF}}},
	{{{4472, 1730, 4222}, 0, {196, 970}, {0xAC, 0x7B, 0x29, 0xFF}}},
	{{{4472, 1702, 4222}, 0, {196, 976}, {0xAC, 0x7B, 0x29, 0xFF}}},
	{{{4501, 1702, 3962}, 0, {193, 976}, {0xAC, 0x7B, 0x29, 0xFF}}},
	{{{4472, 1702, 3962}, 0, {196, 970}, {0xAC, 0x7B, 0x29, 0xFF}}},
	{{{4472, 1730, 3962}, 0, {196, 976}, {0xAC, 0x7B, 0x29, 0xFF}}},
	{{{4501, 1661, 4222}, 0, {193, 976}, {0xAC, 0x7B, 0x29, 0xFF}}},
	{{{4472, 1688, 4222}, 0, {196, 970}, {0xAC, 0x7B, 0x29, 0xFF}}},
	{{{4472, 1661, 4222}, 0, {196, 976}, {0xAC, 0x7B, 0x29, 0xFF}}},
	{{{4501, 1661, 3962}, 0, {193, 976}, {0xAC, 0x7B, 0x29, 0xFF}}},
	{{{4472, 1661, 3962}, 0, {196, 970}, {0xAC, 0x7B, 0x29, 0xFF}}},
	{{{4472, 1688, 3962}, 0, {196, 976}, {0xAC, 0x7B, 0x29, 0xFF}}},
	{{{4501, 1617, 4222}, 0, {193, 976}, {0xAC, 0x7B, 0x29, 0xFF}}},
	{{{4472, 1644, 4222}, 0, {196, 970}, {0xAC, 0x7B, 0x29, 0xFF}}},
	{{{4472, 1617, 4222}, 0, {196, 976}, {0xAC, 0x7B, 0x29, 0xFF}}},
	{{{4501, 1617, 3962}, 0, {193, 976}, {0xAC, 0x7B, 0x29, 0xFF}}},
	{{{4472, 1617, 3962}, 0, {196, 970}, {0xAC, 0x7B, 0x29, 0xFF}}},
	{{{4472, 1644, 3962}, 0, {196, 976}, {0xAC, 0x7B, 0x29, 0xFF}}},
	{{{4501, 1573, 4222}, 0, {193, 976}, {0xAC, 0x7B, 0x29, 0xFF}}},
	{{{4472, 1600, 4222}, 0, {196, 970}, {0xAC, 0x7B, 0x29, 0xFF}}},
	{{{4472, 1573, 4222}, 0, {196, 976}, {0xAC, 0x7B, 0x29, 0xFF}}},
	{{{4501, 1573, 3962}, 0, {193, 976}, {0xAC, 0x7B, 0x29, 0xFF}}},
	{{{4472, 1573, 3962}, 0, {196, 970}, {0xAC, 0x7B, 0x29, 0xFF}}},
	{{{4472, 1600, 3962}, 0, {196, 976}, {0xAC, 0x7B, 0x29, 0xFF}}},
	{{{4501, 1529, 4222}, 0, {193, 976}, {0xAC, 0x7B, 0x29, 0xFF}}},
	{{{4472, 1557, 4222}, 0, {196, 970}, {0xAC, 0x7B, 0x29, 0xFF}}},
	{{{4472, 1529, 4222}, 0, {196, 976}, {0xAC, 0x7B, 0x29, 0xFF}}},
	{{{4501, 1529, 3962}, 0, {193, 976}, {0xAC, 0x7B, 0x29, 0xFF}}},
	{{{4472, 1529, 3962}, 0, {196, 970}, {0xAC, 0x7B, 0x29, 0xFF}}},
	{{{4472, 1557, 3962}, 0, {196, 976}, {0xAC, 0x7B, 0x29, 0xFF}}},
	{{{4501, 1487, 4222}, 0, {193, 976}, {0xAC, 0x7B, 0x29, 0xFF}}},
	{{{4472, 1514, 4222}, 0, {196, 970}, {0xAC, 0x7B, 0x29, 0xFF}}},
	{{{4472, 1487, 4222}, 0, {196, 976}, {0xAC, 0x7B, 0x29, 0xFF}}},
	{{{4501, 1487, 3962}, 0, {193, 976}, {0xAC, 0x7B, 0x29, 0xFF}}},
	{{{4472, 1487, 3962}, 0, {196, 970}, {0xAC, 0x7B, 0x29, 0xFF}}},
	{{{4472, 1514, 3962}, 0, {196, 976}, {0xAC, 0x7B, 0x29, 0xFF}}},
	{{{4501, 1443, 4222}, 0, {193, 976}, {0xAC, 0x7B, 0x29, 0xFF}}},
	{{{4472, 1470, 4222}, 0, {196, 970}, {0xAC, 0x7B, 0x29, 0xFF}}},
	{{{4472, 1443, 4222}, 0, {196, 976}, {0xAC, 0x7B, 0x29, 0xFF}}},
	{{{4501, 1443, 3962}, 0, {193, 976}, {0xAC, 0x7B, 0x29, 0xFF}}},
	{{{4472, 1443, 3962}, 0, {196, 970}, {0xAC, 0x7B, 0x29, 0xFF}}},
	{{{4472, 1470, 3962}, 0, {196, 976}, {0xAC, 0x7B, 0x29, 0xFF}}},
	{{{4501, 1404, 4222}, 0, {193, 976}, {0xAC, 0x7B, 0x29, 0xFF}}},
	{{{4472, 1431, 4222}, 0, {196, 970}, {0xAC, 0x7B, 0x29, 0xFF}}},
	{{{4472, 1404, 4222}, 0, {196, 976}, {0xAC, 0x7B, 0x29, 0xFF}}},
	{{{4501, 1404, 3962}, 0, {193, 976}, {0xAC, 0x7B, 0x29, 0xFF}}},
	{{{4472, 1404, 3962}, 0, {196, 970}, {0xAC, 0x7B, 0x29, 0xFF}}},
	{{{4472, 1431, 3962}, 0, {196, 976}, {0xAC, 0x7B, 0x29, 0xFF}}},
	{{{3686, 1789, 4222}, 0, {193, 976}, {0xAC, 0x7B, 0x29, 0xFF}}},
	{{{3715, 1789, 4222}, 0, {196, 970}, {0xAC, 0x7B, 0x29, 0xFF}}},
	{{{3715, 1816, 4222}, 0, {196, 976}, {0xAC, 0x7B, 0x29, 0xFF}}},
	{{{3686, 1789, 3962}, 0, {193, 976}, {0xAC, 0x7B, 0x29, 0xFF}}},
	{{{3715, 1816, 3962}, 0, {196, 970}, {0xAC, 0x7B, 0x29, 0xFF}}},
	{{{3715, 1789, 3962}, 0, {196, 976}, {0xAC, 0x7B, 0x29, 0xFF}}},
	{{{3686, 1746, 4222}, 0, {193, 976}, {0xAC, 0x7B, 0x29, 0xFF}}},
	{{{3715, 1746, 4222}, 0, {196, 970}, {0xAC, 0x7B, 0x29, 0xFF}}},
	{{{3715, 1774, 4222}, 0, {196, 976}, {0xAC, 0x7B, 0x29, 0xFF}}},
	{{{3686, 1746, 3962}, 0, {193, 976}, {0xAC, 0x7B, 0x29, 0xFF}}},
	{{{3715, 1774, 3962}, 0, {196, 970}, {0xAC, 0x7B, 0x29, 0xFF}}},
	{{{3715, 1746, 3962}, 0, {196, 976}, {0xAC, 0x7B, 0x29, 0xFF}}},
	{{{3686, 1702, 4222}, 0, {193, 976}, {0xAC, 0x7B, 0x29, 0xFF}}},
	{{{3715, 1702, 4222}, 0, {196, 970}, {0xAC, 0x7B, 0x29, 0xFF}}},
	{{{3715, 1730, 4222}, 0, {196, 976}, {0xAC, 0x7B, 0x29, 0xFF}}},
	{{{3686, 1702, 3962}, 0, {193, 976}, {0xAC, 0x7B, 0x29, 0xFF}}},
	{{{3715, 1730, 3962}, 0, {196, 970}, {0xAC, 0x7B, 0x29, 0xFF}}},
	{{{3715, 1702, 3962}, 0, {196, 976}, {0xAC, 0x7B, 0x29, 0xFF}}},
	{{{3686, 1661, 4222}, 0, {193, 976}, {0xAC, 0x7B, 0x29, 0xFF}}},
	{{{3715, 1661, 4222}, 0, {196, 970}, {0xAC, 0x7B, 0x29, 0xFF}}},
	{{{3715, 1688, 4222}, 0, {196, 976}, {0xAC, 0x7B, 0x29, 0xFF}}},
	{{{3686, 1661, 3962}, 0, {193, 976}, {0xAC, 0x7B, 0x29, 0xFF}}},
	{{{3715, 1688, 3962}, 0, {196, 970}, {0xAC, 0x7B, 0x29, 0xFF}}},
	{{{3715, 1661, 3962}, 0, {196, 976}, {0xAC, 0x7B, 0x29, 0xFF}}},
	{{{3686, 1617, 4222}, 0, {193, 976}, {0xAC, 0x7B, 0x29, 0xFF}}},
	{{{3715, 1617, 4222}, 0, {196, 970}, {0xAC, 0x7B, 0x29, 0xFF}}},
	{{{3715, 1644, 4222}, 0, {196, 976}, {0xAC, 0x7B, 0x29, 0xFF}}},
	{{{3686, 1617, 3962}, 0, {193, 976}, {0xAC, 0x7B, 0x29, 0xFF}}},
	{{{3715, 1644, 3962}, 0, {196, 970}, {0xAC, 0x7B, 0x29, 0xFF}}},
	{{{3715, 1617, 3962}, 0, {196, 976}, {0xAC, 0x7B, 0x29, 0xFF}}},
	{{{3686, 1573, 4222}, 0, {193, 976}, {0xAC, 0x7B, 0x29, 0xFF}}},
	{{{3715, 1573, 4222}, 0, {196, 970}, {0xAC, 0x7B, 0x29, 0xFF}}},
	{{{3715, 1600, 4222}, 0, {196, 976}, {0xAC, 0x7B, 0x29, 0xFF}}},
	{{{3686, 1573, 3962}, 0, {193, 976}, {0xAC, 0x7B, 0x29, 0xFF}}},
	{{{3715, 1600, 3962}, 0, {196, 970}, {0xAC, 0x7B, 0x29, 0xFF}}},
	{{{3715, 1573, 3962}, 0, {196, 976}, {0xAC, 0x7B, 0x29, 0xFF}}},
	{{{3686, 1529, 4222}, 0, {193, 976}, {0xAC, 0x7B, 0x29, 0xFF}}},
	{{{3715, 1529, 4222}, 0, {196, 970}, {0xAC, 0x7B, 0x29, 0xFF}}},
	{{{3715, 1557, 4222}, 0, {196, 976}, {0xAC, 0x7B, 0x29, 0xFF}}},
	{{{3686, 1529, 3962}, 0, {193, 976}, {0xAC, 0x7B, 0x29, 0xFF}}},
	{{{3715, 1557, 3962}, 0, {196, 970}, {0xAC, 0x7B, 0x29, 0xFF}}},
	{{{3715, 1529, 3962}, 0, {196, 976}, {0xAC, 0x7B, 0x29, 0xFF}}},
	{{{3686, 1487, 4222}, 0, {193, 976}, {0xAC, 0x7B, 0x29, 0xFF}}},
	{{{3715, 1487, 4222}, 0, {196, 970}, {0xAC, 0x7B, 0x29, 0xFF}}},
	{{{3715, 1514, 4222}, 0, {196, 976}, {0xAC, 0x7B, 0x29, 0xFF}}},
	{{{3686, 1487, 3962}, 0, {193, 976}, {0xAC, 0x7B, 0x29, 0xFF}}},
	{{{3715, 1514, 3962}, 0, {196, 970}, {0xAC, 0x7B, 0x29, 0xFF}}},
	{{{3715, 1487, 3962}, 0, {196, 976}, {0xAC, 0x7B, 0x29, 0xFF}}},
	{{{3686, 1443, 4222}, 0, {193, 976}, {0xAC, 0x7B, 0x29, 0xFF}}},
	{{{3715, 1443, 4222}, 0, {196, 970}, {0xAC, 0x7B, 0x29, 0xFF}}},
	{{{3715, 1470, 4222}, 0, {196, 976}, {0xAC, 0x7B, 0x29, 0xFF}}},
	{{{3686, 1443, 3962}, 0, {193, 976}, {0xAC, 0x7B, 0x29, 0xFF}}},
	{{{3715, 1470, 3962}, 0, {196, 970}, {0xAC, 0x7B, 0x29, 0xFF}}},
	{{{3715, 1443, 3962}, 0, {196, 976}, {0xAC, 0x7B, 0x29, 0xFF}}},
	{{{3686, 1404, 4222}, 0, {193, 976}, {0xAC, 0x7B, 0x29, 0xFF}}},
	{{{3715, 1404, 4222}, 0, {196, 970}, {0xAC, 0x7B, 0x29, 0xFF}}},
	{{{3715, 1431, 4222}, 0, {196, 976}, {0xAC, 0x7B, 0x29, 0xFF}}},
	{{{3686, 1404, 3962}, 0, {193, 976}, {0xAC, 0x7B, 0x29, 0xFF}}},
	{{{3715, 1431, 3962}, 0, {196, 970}, {0xAC, 0x7B, 0x29, 0xFF}}},
	{{{3715, 1404, 3962}, 0, {196, 976}, {0xAC, 0x7B, 0x29, 0xFF}}},
	{{{4504, 1168, -3773}, 0, {1092, 1696}, {0xDD, 0xFF, 0xC8, 0xFF}}},
	{{{4504, 2135, -3773}, 0, {1092, -8}, {0xDD, 0xFF, 0xC8, 0xFF}}},
	{{{4412, 2135, -3681}, 0, {920, -8}, {0xDD, 0xFF, 0xC8, 0xFF}}},
	{{{4412, 1168, -3681}, 0, {920, 1696}, {0xDD, 0xFF, 0xC8, 0xFF}}},
	{{{4274, 1815, -3682}, 0, {757, 447}, {0xDD, 0xFF, 0xC8, 0xFF}}},
	{{{4230, 1873, -3682}, 0, {695, 316}, {0xDD, 0xFF, 0xC8, 0xFF}}},
	{{{4176, 1908, -3682}, 0, {617, 238}, {0xDD, 0xFF, 0xC8, 0xFF}}},
	{{{4092, 1925, -3682}, 0, {498, 200}, {0xDD, 0xFF, 0xC8, 0xFF}}},
	{{{4092, 2135, -3681}, 0, {498, -8}, {0xDD, 0xFF, 0xC8, 0xFF}}},
	{{{3772, 2135, -3681}, 0, {76, -8}, {0xDD, 0xFF, 0xC8, 0xFF}}},
	{{{4008, 1908, -3682}, 0, {379, 238}, {0xDD, 0xFF, 0xC8, 0xFF}}},
	{{{3954, 1873, -3682}, 0, {302, 316}, {0xDD, 0xFF, 0xC8, 0xFF}}},
	{{{3910, 1815, -3682}, 0, {240, 447}, {0xDD, 0xFF, 0xC8, 0xFF}}},
	{{{3772, 1168, -3681}, 0, {76, 1696}, {0xDD, 0xFF, 0xC8, 0xFF}}},
	{{{3910, 1350, -3682}, 0, {240, 1355}, {0xDD, 0xFF, 0xC8, 0xFF}}},
	{{{4092, 1350, -3682}, 0, {498, 1355}, {0xDD, 0xFF, 0xC8, 0xFF}}},
	{{{4092, 1168, -3681}, 0, {498, 1696}, {0xDD, 0xFF, 0xC8, 0xFF}}},
	{{{4274, 1350, -3682}, 0, {757, 1355}, {0xDD, 0xFF, 0xC8, 0xFF}}},
	{{{4504, 2135, -4413}, 0, {920, -8}, {0xDD, 0xFF, 0xC8, 0xFF}}},
	{{{4412, 1168, -4505}, 0, {1092, 1696}, {0xDD, 0xFF, 0xC8, 0xFF}}},
	{{{4412, 2135, -4505}, 0, {1092, -8}, {0xDD, 0xFF, 0xC8, 0xFF}}},
	{{{4504, 1168, -4413}, 0, {920, 1696}, {0xDD, 0xFF, 0xC8, 0xFF}}},
	{{{4503, 1815, -4275}, 0, {757, 447}, {0xDD, 0xFF, 0xC8, 0xFF}}},
	{{{4503, 1873, -4231}, 0, {695, 316}, {0xDD, 0xFF, 0xC8, 0xFF}}},
	{{{4503, 1908, -4177}, 0, {617, 238}, {0xDD, 0xFF, 0xC8, 0xFF}}},
	{{{4503, 1925, -4093}, 0, {498, 200}, {0xDD, 0xFF, 0xC8, 0xFF}}},
	{{{4504, 2135, -4093}, 0, {498, -8}, {0xDD, 0xFF, 0xC8, 0xFF}}},
	{{{4504, 2135, -3773}, 0, {76, -8}, {0xDD, 0xFF, 0xC8, 0xFF}}},
	{{{4503, 1908, -4010}, 0, {379, 238}, {0xDD, 0xFF, 0xC8, 0xFF}}},
	{{{4503, 1873, -3955}, 0, {302, 316}, {0xDD, 0xFF, 0xC8, 0xFF}}},
	{{{4503, 1815, -3911}, 0, {240, 447}, {0xDD, 0xFF, 0xC8, 0xFF}}},
	{{{4504, 1168, -3773}, 0, {76, 1696}, {0xDD, 0xFF, 0xC8, 0xFF}}},
	{{{4503, 1350, -3911}, 0, {240, 1355}, {0xDD, 0xFF, 0xC8, 0xFF}}},
	{{{4503, 1350, -4093}, 0, {498, 1355}, {0xDD, 0xFF, 0xC8, 0xFF}}},
	{{{4504, 1168, -4093}, 0, {498, 1696}, {0xDD, 0xFF, 0xC8, 0xFF}}},
	{{{4503, 1350, -4275}, 0, {757, 1355}, {0xDD, 0xFF, 0xC8, 0xFF}}},
	{{{3680, 1168, -4413}, 0, {1092, 1696}, {0xDD, 0xFF, 0xC8, 0xFF}}},
	{{{3680, 2135, -4413}, 0, {1092, -8}, {0xDD, 0xFF, 0xC8, 0xFF}}},
	{{{3772, 2135, -4505}, 0, {920, -8}, {0xDD, 0xFF, 0xC8, 0xFF}}},
	{{{3772, 1168, -4505}, 0, {920, 1696}, {0xDD, 0xFF, 0xC8, 0xFF}}},
	{{{3910, 1815, -4504}, 0, {757, 447}, {0xDD, 0xFF, 0xC8, 0xFF}}},
	{{{3954, 1873, -4504}, 0, {695, 316}, {0xDD, 0xFF, 0xC8, 0xFF}}},
	{{{4008, 1908, -4504}, 0, {617, 238}, {0xDD, 0xFF, 0xC8, 0xFF}}},
	{{{4092, 1925, -4504}, 0, {498, 200}, {0xDD, 0xFF, 0xC8, 0xFF}}},
	{{{4092, 2135, -4505}, 0, {498, -8}, {0xDD, 0xFF, 0xC8, 0xFF}}},
	{{{4412, 2135, -4505}, 0, {76, -8}, {0xDD, 0xFF, 0xC8, 0xFF}}},
	{{{4176, 1908, -4504}, 0, {379, 238}, {0xDD, 0xFF, 0xC8, 0xFF}}},
	{{{4230, 1873, -4504}, 0, {302, 316}, {0xDD, 0xFF, 0xC8, 0xFF}}},
	{{{4274, 1815, -4504}, 0, {240, 447}, {0xDD, 0xFF, 0xC8, 0xFF}}},
	{{{4412, 1168, -4505}, 0, {76, 1696}, {0xDD, 0xFF, 0xC8, 0xFF}}},
	{{{4274, 1815, -4504}, 0, {240, 447}, {0xDD, 0xFF, 0xC8, 0xFF}}},
	{{{4412, 2135, -4505}, 0, {76, -8}, {0xDD, 0xFF, 0xC8, 0xFF}}},
	{{{4274, 1350, -4504}, 0, {240, 1355}, {0xDD, 0xFF, 0xC8, 0xFF}}},
	{{{4092, 1350, -4504}, 0, {498, 1355}, {0xDD, 0xFF, 0xC8, 0xFF}}},
	{{{4092, 1168, -4505}, 0, {498, 1696}, {0xDD, 0xFF, 0xC8, 0xFF}}},
	{{{3772, 1168, -4505}, 0, {920, 1696}, {0xDD, 0xFF, 0xC8, 0xFF}}},
	{{{3910, 1350, -4504}, 0, {757, 1355}, {0xDD, 0xFF, 0xC8, 0xFF}}},
	{{{3910, 1815, -4504}, 0, {757, 447}, {0xDD, 0xFF, 0xC8, 0xFF}}},
	{{{3680, 2135, -3773}, 0, {920, -8}, {0xDD, 0xFF, 0xC8, 0xFF}}},
	{{{3772, 1168, -3681}, 0, {1092, 1696}, {0xDD, 0xFF, 0xC8, 0xFF}}},
	{{{3772, 2135, -3681}, 0, {1092, -8}, {0xDD, 0xFF, 0xC8, 0xFF}}},
	{{{3680, 1168, -3773}, 0, {920, 1696}, {0xDD, 0xFF, 0xC8, 0xFF}}},
	{{{3681, 1815, -3911}, 0, {757, 447}, {0xDD, 0xFF, 0xC8, 0xFF}}},
	{{{3681, 1873, -3955}, 0, {695, 316}, {0xDD, 0xFF, 0xC8, 0xFF}}},
	{{{3681, 1908, -4010}, 0, {617, 238}, {0xDD, 0xFF, 0xC8, 0xFF}}},
	{{{3681, 1925, -4093}, 0, {498, 200}, {0xDD, 0xFF, 0xC8, 0xFF}}},
	{{{3680, 2135, -4093}, 0, {498, -8}, {0xDD, 0xFF, 0xC8, 0xFF}}},
	{{{3680, 2135, -4413}, 0, {76, -8}, {0xDD, 0xFF, 0xC8, 0xFF}}},
	{{{3681, 1908, -4177}, 0, {379, 238}, {0xDD, 0xFF, 0xC8, 0xFF}}},
	{{{3681, 1873, -4231}, 0, {302, 316}, {0xDD, 0xFF, 0xC8, 0xFF}}},
	{{{3681, 1815, -4275}, 0, {240, 447}, {0xDD, 0xFF, 0xC8, 0xFF}}},
	{{{3680, 1168, -4413}, 0, {76, 1696}, {0xDD, 0xFF, 0xC8, 0xFF}}},
	{{{3681, 1350, -4275}, 0, {240, 1355}, {0xDD, 0xFF, 0xC8, 0xFF}}},
	{{{3681, 1350, -4093}, 0, {498, 1355}, {0xDD, 0xFF, 0xC8, 0xFF}}},
	{{{3680, 1168, -4093}, 0, {498, 1696}, {0xDD, 0xFF, 0xC8, 0xFF}}},
	{{{3681, 1350, -3911}, 0, {757, 1355}, {0xDD, 0xFF, 0xC8, 0xFF}}},
	{{{4503, 1884, -4080}, 0, {193, 976}, {0xAC, 0x7B, 0x29, 0xFF}}},
	{{{4493, 1884, -4093}, 0, {193, 970}, {0xAC, 0x7B, 0x29, 0xFF}}},
	{{{4493, 1616, -4093}, 0, {196, 970}, {0xAC, 0x7B, 0x29, 0xFF}}},
	{{{4503, 1616, -4080}, 0, {196, 976}, {0xAC, 0x7B, 0x29, 0xFF}}},
	{{{4503, 1390, -4080}, 0, {193, 976}, {0xAC, 0x7B, 0x29, 0xFF}}},
	{{{4503, 1616, -4080}, 0, {193, 970}, {0xAC, 0x7B, 0x29, 0xFF}}},
	{{{4493, 1390, -4093}, 0, {196, 976}, {0xAC, 0x7B, 0x29, 0xFF}}},
	{{{4512, 1390, -4093}, 0, {193, 976}, {0xAC, 0x7B, 0x29, 0xFF}}},
	{{{4512, 1616, -4093}, 0, {193, 970}, {0xAC, 0x7B, 0x29, 0xFF}}},
	{{{4503, 1616, -4080}, 0, {196, 970}, {0xAC, 0x7B, 0x29, 0xFF}}},
	{{{4503, 1390, -4080}, 0, {196, 976}, {0xAC, 0x7B, 0x29, 0xFF}}},
	{{{4512, 1884, -4093}, 0, {193, 976}, {0xAC, 0x7B, 0x29, 0xFF}}},
	{{{4503, 1884, -4080}, 0, {193, 970}, {0xAC, 0x7B, 0x29, 0xFF}}},
	{{{4512, 1616, -4093}, 0, {196, 976}, {0xAC, 0x7B, 0x29, 0xFF}}},
	{{{4503, 1884, -4107}, 0, {193, 976}, {0xAC, 0x7B, 0x29, 0xFF}}},
	{{{4503, 1616, -4107}, 0, {193, 970}, {0xAC, 0x7B, 0x29, 0xFF}}},
	{{{4493, 1884, -4093}, 0, {196, 976}, {0xAC, 0x7B, 0x29, 0xFF}}},
	{{{4503, 1390, -4107}, 0, {193, 970}, {0xAC, 0x7B, 0x29, 0xFF}}},
	{{{4503, 1616, -4107}, 0, {196, 970}, {0xAC, 0x7B, 0x29, 0xFF}}},
	{{{4503, 1884, -4107}, 0, {196, 976}, {0xAC, 0x7B, 0x29, 0xFF}}},
	{{{4503, 1390, -4107}, 0, {193, 976}, {0xAC, 0x7B, 0x29, 0xFF}}},
	{{{4493, 1390, -4093}, 0, {193, 970}, {0xAC, 0x7B, 0x29, 0xFF}}},
	{{{4503, 1616, -4107}, 0, {196, 976}, {0xAC, 0x7B, 0x29, 0xFF}}},
	{{{4470, 1816, -3964}, 0, {193, 976}, {0xAC, 0x7B, 0x29, 0xFF}}},
	{{{4499, 1789, -3964}, 0, {193, 970}, {0xAC, 0x7B, 0x29, 0xFF}}},
	{{{4499, 1789, -4223}, 0, {196, 970}, {0xAC, 0x7B, 0x29, 0xFF}}},
	{{{4470, 1816, -4223}, 0, {196, 976}, {0xAC, 0x7B, 0x29, 0xFF}}},
	{{{4499, 1789, -3964}, 0, {193, 976}, {0xAC, 0x7B, 0x29, 0xFF}}},
	{{{4470, 1789, -3964}, 0, {193, 970}, {0xAC, 0x7B, 0x29, 0xFF}}},
	{{{4470, 1789, -4223}, 0, {196, 970}, {0xAC, 0x7B, 0x29, 0xFF}}},
	{{{4499, 1789, -4223}, 0, {196, 976}, {0xAC, 0x7B, 0x29, 0xFF}}},
	{{{4470, 1774, -3964}, 0, {193, 976}, {0xAC, 0x7B, 0x29, 0xFF}}},
	{{{4499, 1746, -3964}, 0, {193, 970}, {0xAC, 0x7B, 0x29, 0xFF}}},
	{{{4499, 1746, -4223}, 0, {196, 970}, {0xAC, 0x7B, 0x29, 0xFF}}},
	{{{4470, 1774, -4223}, 0, {196, 976}, {0xAC, 0x7B, 0x29, 0xFF}}},
	{{{4499, 1746, -3964}, 0, {193, 976}, {0xAC, 0x7B, 0x29, 0xFF}}},
	{{{4470, 1746, -3964}, 0, {193, 970}, {0xAC, 0x7B, 0x29, 0xFF}}},
	{{{4470, 1746, -4223}, 0, {196, 970}, {0xAC, 0x7B, 0x29, 0xFF}}},
	{{{4499, 1746, -4223}, 0, {196, 976}, {0xAC, 0x7B, 0x29, 0xFF}}},
	{{{4470, 1730, -3964}, 0, {193, 976}, {0xAC, 0x7B, 0x29, 0xFF}}},
	{{{4499, 1702, -3964}, 0, {193, 970}, {0xAC, 0x7B, 0x29, 0xFF}}},
	{{{4499, 1702, -4223}, 0, {196, 970}, {0xAC, 0x7B, 0x29, 0xFF}}},
	{{{4470, 1730, -4223}, 0, {196, 976}, {0xAC, 0x7B, 0x29, 0xFF}}},
	{{{4499, 1702, -3964}, 0, {193, 976}, {0xAC, 0x7B, 0x29, 0xFF}}},
	{{{4470, 1702, -3964}, 0, {193, 970}, {0xAC, 0x7B, 0x29, 0xFF}}},
	{{{4470, 1702, -4223}, 0, {196, 970}, {0xAC, 0x7B, 0x29, 0xFF}}},
	{{{4499, 1702, -4223}, 0, {196, 976}, {0xAC, 0x7B, 0x29, 0xFF}}},
	{{{4470, 1688, -3964}, 0, {193, 976}, {0xAC, 0x7B, 0x29, 0xFF}}},
	{{{4499, 1661, -3964}, 0, {193, 970}, {0xAC, 0x7B, 0x29, 0xFF}}},
	{{{4499, 1661, -4223}, 0, {196, 970}, {0xAC, 0x7B, 0x29, 0xFF}}},
	{{{4470, 1688, -4223}, 0, {196, 976}, {0xAC, 0x7B, 0x29, 0xFF}}},
	{{{4499, 1661, -3964}, 0, {193, 976}, {0xAC, 0x7B, 0x29, 0xFF}}},
	{{{4470, 1661, -3964}, 0, {193, 970}, {0xAC, 0x7B, 0x29, 0xFF}}},
	{{{4470, 1661, -4223}, 0, {196, 970}, {0xAC, 0x7B, 0x29, 0xFF}}},
	{{{4499, 1661, -4223}, 0, {196, 976}, {0xAC, 0x7B, 0x29, 0xFF}}},
	{{{4470, 1644, -3964}, 0, {193, 976}, {0xAC, 0x7B, 0x29, 0xFF}}},
	{{{4499, 1617, -3964}, 0, {193, 970}, {0xAC, 0x7B, 0x29, 0xFF}}},
	{{{4499, 1617, -4223}, 0, {196, 970}, {0xAC, 0x7B, 0x29, 0xFF}}},
	{{{4470, 1644, -4223}, 0, {196, 976}, {0xAC, 0x7B, 0x29, 0xFF}}},
	{{{4499, 1617, -3964}, 0, {193, 976}, {0xAC, 0x7B, 0x29, 0xFF}}},
	{{{4470, 1617, -3964}, 0, {193, 970}, {0xAC, 0x7B, 0x29, 0xFF}}},
	{{{4470, 1617, -4223}, 0, {196, 970}, {0xAC, 0x7B, 0x29, 0xFF}}},
	{{{4499, 1617, -4223}, 0, {196, 976}, {0xAC, 0x7B, 0x29, 0xFF}}},
	{{{4470, 1600, -3964}, 0, {193, 976}, {0xAC, 0x7B, 0x29, 0xFF}}},
	{{{4499, 1573, -3964}, 0, {193, 970}, {0xAC, 0x7B, 0x29, 0xFF}}},
	{{{4499, 1573, -4223}, 0, {196, 970}, {0xAC, 0x7B, 0x29, 0xFF}}},
	{{{4470, 1600, -4223}, 0, {196, 976}, {0xAC, 0x7B, 0x29, 0xFF}}},
	{{{4499, 1573, -3964}, 0, {193, 976}, {0xAC, 0x7B, 0x29, 0xFF}}},
	{{{4470, 1573, -3964}, 0, {193, 970}, {0xAC, 0x7B, 0x29, 0xFF}}},
	{{{4470, 1573, -4223}, 0, {196, 970}, {0xAC, 0x7B, 0x29, 0xFF}}},
	{{{4499, 1573, -4223}, 0, {196, 976}, {0xAC, 0x7B, 0x29, 0xFF}}},
	{{{4470, 1557, -3964}, 0, {193, 976}, {0xAC, 0x7B, 0x29, 0xFF}}},
	{{{4499, 1529, -3964}, 0, {193, 970}, {0xAC, 0x7B, 0x29, 0xFF}}},
	{{{4499, 1529, -4223}, 0, {196, 970}, {0xAC, 0x7B, 0x29, 0xFF}}},
	{{{4470, 1557, -4223}, 0, {196, 976}, {0xAC, 0x7B, 0x29, 0xFF}}},
	{{{4499, 1529, -3964}, 0, {193, 976}, {0xAC, 0x7B, 0x29, 0xFF}}},
	{{{4470, 1529, -3964}, 0, {193, 970}, {0xAC, 0x7B, 0x29, 0xFF}}},
	{{{4470, 1529, -4223}, 0, {196, 970}, {0xAC, 0x7B, 0x29, 0xFF}}},
	{{{4499, 1529, -4223}, 0, {196, 976}, {0xAC, 0x7B, 0x29, 0xFF}}},
	{{{4470, 1514, -3964}, 0, {193, 976}, {0xAC, 0x7B, 0x29, 0xFF}}},
	{{{4499, 1487, -3964}, 0, {193, 970}, {0xAC, 0x7B, 0x29, 0xFF}}},
	{{{4499, 1487, -4223}, 0, {196, 970}, {0xAC, 0x7B, 0x29, 0xFF}}},
	{{{4470, 1514, -4223}, 0, {196, 976}, {0xAC, 0x7B, 0x29, 0xFF}}},
	{{{4499, 1487, -3964}, 0, {193, 976}, {0xAC, 0x7B, 0x29, 0xFF}}},
	{{{4470, 1487, -3964}, 0, {193, 970}, {0xAC, 0x7B, 0x29, 0xFF}}},
	{{{4470, 1487, -4223}, 0, {196, 970}, {0xAC, 0x7B, 0x29, 0xFF}}},
	{{{4499, 1487, -4223}, 0, {196, 976}, {0xAC, 0x7B, 0x29, 0xFF}}},
	{{{4470, 1470, -3964}, 0, {193, 976}, {0xAC, 0x7B, 0x29, 0xFF}}},
	{{{4499, 1443, -3964}, 0, {193, 970}, {0xAC, 0x7B, 0x29, 0xFF}}},
	{{{4499, 1443, -4223}, 0, {196, 970}, {0xAC, 0x7B, 0x29, 0xFF}}},
	{{{4470, 1470, -4223}, 0, {196, 976}, {0xAC, 0x7B, 0x29, 0xFF}}},
	{{{4499, 1443, -3964}, 0, {193, 976}, {0xAC, 0x7B, 0x29, 0xFF}}},
	{{{4470, 1443, -3964}, 0, {193, 970}, {0xAC, 0x7B, 0x29, 0xFF}}},
	{{{4470, 1443, -4223}, 0, {196, 970}, {0xAC, 0x7B, 0x29, 0xFF}}},
	{{{4499, 1443, -4223}, 0, {196, 976}, {0xAC, 0x7B, 0x29, 0xFF}}},
	{{{4470, 1431, -3964}, 0, {193, 976}, {0xAC, 0x7B, 0x29, 0xFF}}},
	{{{4499, 1404, -3964}, 0, {193, 970}, {0xAC, 0x7B, 0x29, 0xFF}}},
	{{{4499, 1404, -4223}, 0, {196, 970}, {0xAC, 0x7B, 0x29, 0xFF}}},
	{{{4470, 1431, -4223}, 0, {196, 976}, {0xAC, 0x7B, 0x29, 0xFF}}},
	{{{4499, 1404, -3964}, 0, {193, 976}, {0xAC, 0x7B, 0x29, 0xFF}}},
	{{{4470, 1404, -3964}, 0, {193, 970}, {0xAC, 0x7B, 0x29, 0xFF}}},
	{{{4470, 1404, -4223}, 0, {196, 970}, {0xAC, 0x7B, 0x29, 0xFF}}},
	{{{4499, 1404, -4223}, 0, {196, 976}, {0xAC, 0x7B, 0x29, 0xFF}}},
	{{{3681, 1884, -4080}, 0, {193, 976}, {0xAC, 0x7B, 0x29, 0xFF}}},
	{{{3681, 1616, -4080}, 0, {193, 970}, {0xAC, 0x7B, 0x29, 0xFF}}},
	{{{3691, 1616, -4093}, 0, {196, 970}, {0xAC, 0x7B, 0x29, 0xFF}}},
	{{{3691, 1884, -4093}, 0, {196, 976}, {0xAC, 0x7B, 0x29, 0xFF}}},
	{{{3681, 1390, -4080}, 0, {193, 976}, {0xAC, 0x7B, 0x29, 0xFF}}},
	{{{3691, 1390, -4093}, 0, {193, 970}, {0xAC, 0x7B, 0x29, 0xFF}}},
	{{{3681, 1616, -4080}, 0, {196, 976}, {0xAC, 0x7B, 0x29, 0xFF}}},
	{{{3672, 1390, -4093}, 0, {193, 976}, {0xAC, 0x7B, 0x29, 0xFF}}},
	{{{3681, 1390, -4080}, 0, {193, 970}, {0xAC, 0x7B, 0x29, 0xFF}}},
	{{{3681, 1616, -4080}, 0, {196, 970}, {0xAC, 0x7B, 0x29, 0xFF}}},
	{{{3672, 1616, -4093}, 0, {196, 976}, {0xAC, 0x7B, 0x29, 0xFF}}},
	{{{3672, 1884, -4093}, 0, {193, 976}, {0xAC, 0x7B, 0x29, 0xFF}}},
	{{{3672, 1616, -4093}, 0, {193, 970}, {0xAC, 0x7B, 0x29, 0xFF}}},
	{{{3681, 1884, -4080}, 0, {196, 976}, {0xAC, 0x7B, 0x29, 0xFF}}},
	{{{3681, 1884, -4107}, 0, {193, 976}, {0xAC, 0x7B, 0x29, 0xFF}}},
	{{{3691, 1884, -4093}, 0, {193, 970}, {0xAC, 0x7B, 0x29, 0xFF}}},
	{{{3681, 1616, -4107}, 0, {196, 976}, {0xAC, 0x7B, 0x29, 0xFF}}},
	{{{3681, 1616, -4107}, 0, {196, 970}, {0xAC, 0x7B, 0x29, 0xFF}}},
	{{{3681, 1390, -4107}, 0, {196, 976}, {0xAC, 0x7B, 0x29, 0xFF}}},
	{{{3681, 1884, -4107}, 0, {193, 970}, {0xAC, 0x7B, 0x29, 0xFF}}},
	{{{3681, 1390, -4107}, 0, {193, 976}, {0xAC, 0x7B, 0x29, 0xFF}}},
	{{{3681, 1616, -4107}, 0, {193, 970}, {0xAC, 0x7B, 0x29, 0xFF}}},
	{{{3691, 1390, -4093}, 0, {196, 976}, {0xAC, 0x7B, 0x29, 0xFF}}},
	{{{3713, 1816, -3964}, 0, {193, 976}, {0xAC, 0x7B, 0x29, 0xFF}}},
	{{{3713, 1816, -4223}, 0, {193, 970}, {0xAC, 0x7B, 0x29, 0xFF}}},
	{{{3684, 1789, -4223}, 0, {196, 970}, {0xAC, 0x7B, 0x29, 0xFF}}},
	{{{3684, 1789, -3964}, 0, {196, 976}, {0xAC, 0x7B, 0x29, 0xFF}}},
	{{{3684, 1789, -3964}, 0, {193, 976}, {0xAC, 0x7B, 0x29, 0xFF}}},
	{{{3684, 1789, -4223}, 0, {193, 970}, {0xAC, 0x7B, 0x29, 0xFF}}},
	{{{3713, 1789, -4223}, 0, {196, 970}, {0xAC, 0x7B, 0x29, 0xFF}}},
	{{{3713, 1789, -3964}, 0, {196, 976}, {0xAC, 0x7B, 0x29, 0xFF}}},
	{{{3713, 1774, -3964}, 0, {193, 976}, {0xAC, 0x7B, 0x29, 0xFF}}},
	{{{3713, 1774, -4223}, 0, {193, 970}, {0xAC, 0x7B, 0x29, 0xFF}}},
	{{{3684, 1746, -4223}, 0, {196, 970}, {0xAC, 0x7B, 0x29, 0xFF}}},
	{{{3684, 1746, -3964}, 0, {196, 976}, {0xAC, 0x7B, 0x29, 0xFF}}},
	{{{3684, 1746, -3964}, 0, {193, 976}, {0xAC, 0x7B, 0x29, 0xFF}}},
	{{{3684, 1746, -4223}, 0, {193, 970}, {0xAC, 0x7B, 0x29, 0xFF}}},
	{{{3713, 1746, -4223}, 0, {196, 970}, {0xAC, 0x7B, 0x29, 0xFF}}},
	{{{3713, 1746, -3964}, 0, {196, 976}, {0xAC, 0x7B, 0x29, 0xFF}}},
	{{{3713, 1730, -3964}, 0, {193, 976}, {0xAC, 0x7B, 0x29, 0xFF}}},
	{{{3713, 1730, -4223}, 0, {193, 970}, {0xAC, 0x7B, 0x29, 0xFF}}},
	{{{3684, 1702, -4223}, 0, {196, 970}, {0xAC, 0x7B, 0x29, 0xFF}}},
	{{{3684, 1702, -3964}, 0, {196, 976}, {0xAC, 0x7B, 0x29, 0xFF}}},
	{{{3684, 1702, -3964}, 0, {193, 976}, {0xAC, 0x7B, 0x29, 0xFF}}},
	{{{3684, 1702, -4223}, 0, {193, 970}, {0xAC, 0x7B, 0x29, 0xFF}}},
	{{{3713, 1702, -4223}, 0, {196, 970}, {0xAC, 0x7B, 0x29, 0xFF}}},
	{{{3713, 1702, -3964}, 0, {196, 976}, {0xAC, 0x7B, 0x29, 0xFF}}},
	{{{3713, 1688, -3964}, 0, {193, 976}, {0xAC, 0x7B, 0x29, 0xFF}}},
	{{{3713, 1688, -4223}, 0, {193, 970}, {0xAC, 0x7B, 0x29, 0xFF}}},
	{{{3684, 1661, -4223}, 0, {196, 970}, {0xAC, 0x7B, 0x29, 0xFF}}},
	{{{3684, 1661, -3964}, 0, {196, 976}, {0xAC, 0x7B, 0x29, 0xFF}}},
	{{{3684, 1661, -3964}, 0, {193, 976}, {0xAC, 0x7B, 0x29, 0xFF}}},
	{{{3684, 1661, -4223}, 0, {193, 970}, {0xAC, 0x7B, 0x29, 0xFF}}},
	{{{3713, 1661, -4223}, 0, {196, 970}, {0xAC, 0x7B, 0x29, 0xFF}}},
	{{{3713, 1661, -3964}, 0, {196, 976}, {0xAC, 0x7B, 0x29, 0xFF}}},
	{{{3713, 1644, -3964}, 0, {193, 976}, {0xAC, 0x7B, 0x29, 0xFF}}},
	{{{3713, 1644, -4223}, 0, {193, 970}, {0xAC, 0x7B, 0x29, 0xFF}}},
	{{{3684, 1617, -4223}, 0, {196, 970}, {0xAC, 0x7B, 0x29, 0xFF}}},
	{{{3684, 1617, -3964}, 0, {196, 976}, {0xAC, 0x7B, 0x29, 0xFF}}},
	{{{3684, 1617, -3964}, 0, {193, 976}, {0xAC, 0x7B, 0x29, 0xFF}}},
	{{{3684, 1617, -4223}, 0, {193, 970}, {0xAC, 0x7B, 0x29, 0xFF}}},
	{{{3713, 1617, -4223}, 0, {196, 970}, {0xAC, 0x7B, 0x29, 0xFF}}},
	{{{3713, 1617, -3964}, 0, {196, 976}, {0xAC, 0x7B, 0x29, 0xFF}}},
	{{{3713, 1600, -3964}, 0, {193, 976}, {0xAC, 0x7B, 0x29, 0xFF}}},
	{{{3713, 1600, -4223}, 0, {193, 970}, {0xAC, 0x7B, 0x29, 0xFF}}},
	{{{3684, 1573, -4223}, 0, {196, 970}, {0xAC, 0x7B, 0x29, 0xFF}}},
	{{{3684, 1573, -3964}, 0, {196, 976}, {0xAC, 0x7B, 0x29, 0xFF}}},
	{{{3684, 1573, -3964}, 0, {193, 976}, {0xAC, 0x7B, 0x29, 0xFF}}},
	{{{3684, 1573, -4223}, 0, {193, 970}, {0xAC, 0x7B, 0x29, 0xFF}}},
	{{{3713, 1573, -4223}, 0, {196, 970}, {0xAC, 0x7B, 0x29, 0xFF}}},
	{{{3713, 1573, -3964}, 0, {196, 976}, {0xAC, 0x7B, 0x29, 0xFF}}},
	{{{3713, 1557, -3964}, 0, {193, 976}, {0xAC, 0x7B, 0x29, 0xFF}}},
	{{{3713, 1557, -4223}, 0, {193, 970}, {0xAC, 0x7B, 0x29, 0xFF}}},
	{{{3684, 1529, -4223}, 0, {196, 970}, {0xAC, 0x7B, 0x29, 0xFF}}},
	{{{3684, 1529, -3964}, 0, {196, 976}, {0xAC, 0x7B, 0x29, 0xFF}}},
	{{{3684, 1529, -3964}, 0, {193, 976}, {0xAC, 0x7B, 0x29, 0xFF}}},
	{{{3684, 1529, -4223}, 0, {193, 970}, {0xAC, 0x7B, 0x29, 0xFF}}},
	{{{3713, 1529, -4223}, 0, {196, 970}, {0xAC, 0x7B, 0x29, 0xFF}}},
	{{{3713, 1529, -3964}, 0, {196, 976}, {0xAC, 0x7B, 0x29, 0xFF}}},
	{{{3713, 1514, -3964}, 0, {193, 976}, {0xAC, 0x7B, 0x29, 0xFF}}},
	{{{3713, 1514, -4223}, 0, {193, 970}, {0xAC, 0x7B, 0x29, 0xFF}}},
	{{{3684, 1487, -4223}, 0, {196, 970}, {0xAC, 0x7B, 0x29, 0xFF}}},
	{{{3684, 1487, -3964}, 0, {196, 976}, {0xAC, 0x7B, 0x29, 0xFF}}},
	{{{3684, 1487, -3964}, 0, {193, 976}, {0xAC, 0x7B, 0x29, 0xFF}}},
	{{{3684, 1487, -4223}, 0, {193, 970}, {0xAC, 0x7B, 0x29, 0xFF}}},
	{{{3713, 1487, -4223}, 0, {196, 970}, {0xAC, 0x7B, 0x29, 0xFF}}},
	{{{3713, 1487, -3964}, 0, {196, 976}, {0xAC, 0x7B, 0x29, 0xFF}}},
	{{{3713, 1470, -3964}, 0, {193, 976}, {0xAC, 0x7B, 0x29, 0xFF}}},
	{{{3713, 1470, -4223}, 0, {193, 970}, {0xAC, 0x7B, 0x29, 0xFF}}},
	{{{3684, 1443, -4223}, 0, {196, 970}, {0xAC, 0x7B, 0x29, 0xFF}}},
	{{{3684, 1443, -3964}, 0, {196, 976}, {0xAC, 0x7B, 0x29, 0xFF}}},
	{{{3684, 1443, -3964}, 0, {193, 976}, {0xAC, 0x7B, 0x29, 0xFF}}},
	{{{3684, 1443, -4223}, 0, {193, 970}, {0xAC, 0x7B, 0x29, 0xFF}}},
	{{{3713, 1443, -4223}, 0, {196, 970}, {0xAC, 0x7B, 0x29, 0xFF}}},
	{{{3713, 1443, -3964}, 0, {196, 976}, {0xAC, 0x7B, 0x29, 0xFF}}},
	{{{3713, 1431, -3964}, 0, {193, 976}, {0xAC, 0x7B, 0x29, 0xFF}}},
	{{{3713, 1431, -4223}, 0, {193, 970}, {0xAC, 0x7B, 0x29, 0xFF}}},
	{{{3684, 1404, -4223}, 0, {196, 970}, {0xAC, 0x7B, 0x29, 0xFF}}},
	{{{3684, 1404, -3964}, 0, {196, 976}, {0xAC, 0x7B, 0x29, 0xFF}}},
	{{{3684, 1404, -3964}, 0, {193, 976}, {0xAC, 0x7B, 0x29, 0xFF}}},
	{{{3684, 1404, -4223}, 0, {193, 970}, {0xAC, 0x7B, 0x29, 0xFF}}},
	{{{3713, 1404, -4223}, 0, {196, 970}, {0xAC, 0x7B, 0x29, 0xFF}}},
	{{{3713, 1404, -3964}, 0, {196, 976}, {0xAC, 0x7B, 0x29, 0xFF}}},
	{{{4105, 1884, -4504}, 0, {193, 976}, {0xAC, 0x7B, 0x29, 0xFF}}},
	{{{4092, 1884, -4494}, 0, {193, 970}, {0xAC, 0x7B, 0x29, 0xFF}}},
	{{{4092, 1616, -4494}, 0, {196, 970}, {0xAC, 0x7B, 0x29, 0xFF}}},
	{{{4105, 1616, -4504}, 0, {196, 976}, {0xAC, 0x7B, 0x29, 0xFF}}},
	{{{4105, 1390, -4504}, 0, {193, 976}, {0xAC, 0x7B, 0x29, 0xFF}}},
	{{{4105, 1616, -4504}, 0, {193, 970}, {0xAC, 0x7B, 0x29, 0xFF}}},
	{{{4092, 1390, -4494}, 0, {196, 976}, {0xAC, 0x7B, 0x29, 0xFF}}},
	{{{4092, 1390, -4514}, 0, {193, 976}, {0xAC, 0x7B, 0x29, 0xFF}}},
	{{{4092, 1616, -4514}, 0, {193, 970}, {0xAC, 0x7B, 0x29, 0xFF}}},
	{{{4105, 1616, -4504}, 0, {196, 970}, {0xAC, 0x7B, 0x29, 0xFF}}},
	{{{4105, 1390, -4504}, 0, {196, 976}, {0xAC, 0x7B, 0x29, 0xFF}}},
	{{{4092, 1884, -4514}, 0, {193, 976}, {0xAC, 0x7B, 0x29, 0xFF}}},
	{{{4105, 1884, -4504}, 0, {193, 970}, {0xAC, 0x7B, 0x29, 0xFF}}},
	{{{4092, 1616, -4514}, 0, {196, 976}, {0xAC, 0x7B, 0x29, 0xFF}}},
	{{{4078, 1884, -4504}, 0, {193, 976}, {0xAC, 0x7B, 0x29, 0xFF}}},
	{{{4078, 1616, -4504}, 0, {193, 970}, {0xAC, 0x7B, 0x29, 0xFF}}},
	{{{4092, 1884, -4494}, 0, {196, 976}, {0xAC, 0x7B, 0x29, 0xFF}}},
	{{{4078, 1390, -4504}, 0, {193, 970}, {0xAC, 0x7B, 0x29, 0xFF}}},
	{{{4078, 1616, -4504}, 0, {196, 970}, {0xAC, 0x7B, 0x29, 0xFF}}},
	{{{4078, 1884, -4504}, 0, {196, 976}, {0xAC, 0x7B, 0x29, 0xFF}}},
	{{{4078, 1390, -4504}, 0, {193, 976}, {0xAC, 0x7B, 0x29, 0xFF}}},
	{{{4092, 1390, -4494}, 0, {193, 970}, {0xAC, 0x7B, 0x29, 0xFF}}},
	{{{4092, 1616, -4494}, 0, {196, 970}, {0xAC, 0x7B, 0x29, 0xFF}}},
	{{{4078, 1616, -4504}, 0, {196, 976}, {0xAC, 0x7B, 0x29, 0xFF}}},
	{{{4222, 1816, -4472}, 0, {193, 976}, {0xAC, 0x7B, 0x29, 0xFF}}},
	{{{4222, 1789, -4501}, 0, {193, 970}, {0xAC, 0x7B, 0x29, 0xFF}}},
	{{{3962, 1789, -4501}, 0, {196, 970}, {0xAC, 0x7B, 0x29, 0xFF}}},
	{{{3962, 1816, -4472}, 0, {196, 976}, {0xAC, 0x7B, 0x29, 0xFF}}},
	{{{4222, 1789, -4501}, 0, {193, 976}, {0xAC, 0x7B, 0x29, 0xFF}}},
	{{{4222, 1789, -4472}, 0, {193, 970}, {0xAC, 0x7B, 0x29, 0xFF}}},
	{{{3962, 1789, -4472}, 0, {196, 970}, {0xAC, 0x7B, 0x29, 0xFF}}},
	{{{3962, 1789, -4501}, 0, {196, 976}, {0xAC, 0x7B, 0x29, 0xFF}}},
	{{{4222, 1774, -4472}, 0, {193, 976}, {0xAC, 0x7B, 0x29, 0xFF}}},
	{{{4222, 1746, -4501}, 0, {193, 970}, {0xAC, 0x7B, 0x29, 0xFF}}},
	{{{3962, 1746, -4501}, 0, {196, 970}, {0xAC, 0x7B, 0x29, 0xFF}}},
	{{{3962, 1774, -4472}, 0, {196, 976}, {0xAC, 0x7B, 0x29, 0xFF}}},
	{{{4222, 1746, -4501}, 0, {193, 976}, {0xAC, 0x7B, 0x29, 0xFF}}},
	{{{4222, 1746, -4472}, 0, {193, 970}, {0xAC, 0x7B, 0x29, 0xFF}}},
	{{{3962, 1746, -4472}, 0, {196, 970}, {0xAC, 0x7B, 0x29, 0xFF}}},
	{{{3962, 1746, -4501}, 0, {196, 976}, {0xAC, 0x7B, 0x29, 0xFF}}},
	{{{4222, 1730, -4472}, 0, {193, 976}, {0xAC, 0x7B, 0x29, 0xFF}}},
	{{{4222, 1702, -4501}, 0, {193, 970}, {0xAC, 0x7B, 0x29, 0xFF}}},
	{{{3962, 1702, -4501}, 0, {196, 970}, {0xAC, 0x7B, 0x29, 0xFF}}},
	{{{3962, 1730, -4472}, 0, {196, 976}, {0xAC, 0x7B, 0x29, 0xFF}}},
	{{{4222, 1702, -4501}, 0, {193, 976}, {0xAC, 0x7B, 0x29, 0xFF}}},
	{{{4222, 1702, -4472}, 0, {193, 970}, {0xAC, 0x7B, 0x29, 0xFF}}},
	{{{3962, 1702, -4472}, 0, {196, 970}, {0xAC, 0x7B, 0x29, 0xFF}}},
	{{{3962, 1702, -4501}, 0, {196, 976}, {0xAC, 0x7B, 0x29, 0xFF}}},
	{{{4222, 1688, -4472}, 0, {193, 976}, {0xAC, 0x7B, 0x29, 0xFF}}},
	{{{4222, 1661, -4501}, 0, {193, 970}, {0xAC, 0x7B, 0x29, 0xFF}}},
	{{{3962, 1661, -4501}, 0, {196, 970}, {0xAC, 0x7B, 0x29, 0xFF}}},
	{{{3962, 1688, -4472}, 0, {196, 976}, {0xAC, 0x7B, 0x29, 0xFF}}},
	{{{4222, 1661, -4501}, 0, {193, 976}, {0xAC, 0x7B, 0x29, 0xFF}}},
	{{{4222, 1661, -4472}, 0, {193, 970}, {0xAC, 0x7B, 0x29, 0xFF}}},
	{{{3962, 1661, -4472}, 0, {196, 970}, {0xAC, 0x7B, 0x29, 0xFF}}},
	{{{3962, 1661, -4501}, 0, {196, 976}, {0xAC, 0x7B, 0x29, 0xFF}}},
	{{{4222, 1644, -4472}, 0, {193, 976}, {0xAC, 0x7B, 0x29, 0xFF}}},
	{{{4222, 1617, -4501}, 0, {193, 970}, {0xAC, 0x7B, 0x29, 0xFF}}},
	{{{3962, 1617, -4501}, 0, {196, 970}, {0xAC, 0x7B, 0x29, 0xFF}}},
	{{{3962, 1644, -4472}, 0, {196, 976}, {0xAC, 0x7B, 0x29, 0xFF}}},
	{{{4222, 1617, -4501}, 0, {193, 976}, {0xAC, 0x7B, 0x29, 0xFF}}},
	{{{4222, 1617, -4472}, 0, {193, 970}, {0xAC, 0x7B, 0x29, 0xFF}}},
	{{{3962, 1617, -4472}, 0, {196, 970}, {0xAC, 0x7B, 0x29, 0xFF}}},
	{{{3962, 1617, -4501}, 0, {196, 976}, {0xAC, 0x7B, 0x29, 0xFF}}},
	{{{4222, 1600, -4472}, 0, {193, 976}, {0xAC, 0x7B, 0x29, 0xFF}}},
	{{{4222, 1573, -4501}, 0, {193, 970}, {0xAC, 0x7B, 0x29, 0xFF}}},
	{{{3962, 1573, -4501}, 0, {196, 970}, {0xAC, 0x7B, 0x29, 0xFF}}},
	{{{3962, 1600, -4472}, 0, {196, 976}, {0xAC, 0x7B, 0x29, 0xFF}}},
	{{{4222, 1573, -4501}, 0, {193, 976}, {0xAC, 0x7B, 0x29, 0xFF}}},
	{{{4222, 1573, -4472}, 0, {193, 970}, {0xAC, 0x7B, 0x29, 0xFF}}},
	{{{3962, 1573, -4472}, 0, {196, 970}, {0xAC, 0x7B, 0x29, 0xFF}}},
	{{{3962, 1573, -4501}, 0, {196, 976}, {0xAC, 0x7B, 0x29, 0xFF}}},
	{{{4222, 1557, -4472}, 0, {193, 976}, {0xAC, 0x7B, 0x29, 0xFF}}},
	{{{4222, 1529, -4501}, 0, {193, 970}, {0xAC, 0x7B, 0x29, 0xFF}}},
	{{{3962, 1529, -4501}, 0, {196, 970}, {0xAC, 0x7B, 0x29, 0xFF}}},
	{{{3962, 1557, -4472}, 0, {196, 976}, {0xAC, 0x7B, 0x29, 0xFF}}},
	{{{4222, 1529, -4501}, 0, {193, 976}, {0xAC, 0x7B, 0x29, 0xFF}}},
	{{{4222, 1529, -4472}, 0, {193, 970}, {0xAC, 0x7B, 0x29, 0xFF}}},
	{{{3962, 1529, -4472}, 0, {196, 970}, {0xAC, 0x7B, 0x29, 0xFF}}},
	{{{3962, 1529, -4501}, 0, {196, 976}, {0xAC, 0x7B, 0x29, 0xFF}}},
	{{{4222, 1514, -4472}, 0, {193, 976}, {0xAC, 0x7B, 0x29, 0xFF}}},
	{{{4222, 1487, -4501}, 0, {193, 970}, {0xAC, 0x7B, 0x29, 0xFF}}},
	{{{3962, 1487, -4501}, 0, {196, 970}, {0xAC, 0x7B, 0x29, 0xFF}}},
	{{{3962, 1514, -4472}, 0, {196, 976}, {0xAC, 0x7B, 0x29, 0xFF}}},
	{{{4222, 1487, -4501}, 0, {193, 976}, {0xAC, 0x7B, 0x29, 0xFF}}},
	{{{4222, 1487, -4472}, 0, {193, 970}, {0xAC, 0x7B, 0x29, 0xFF}}},
	{{{3962, 1487, -4472}, 0, {196, 970}, {0xAC, 0x7B, 0x29, 0xFF}}},
	{{{3962, 1487, -4501}, 0, {196, 976}, {0xAC, 0x7B, 0x29, 0xFF}}},
	{{{4222, 1470, -4472}, 0, {193, 976}, {0xAC, 0x7B, 0x29, 0xFF}}},
	{{{4222, 1443, -4501}, 0, {193, 970}, {0xAC, 0x7B, 0x29, 0xFF}}},
	{{{3962, 1443, -4501}, 0, {196, 970}, {0xAC, 0x7B, 0x29, 0xFF}}},
	{{{3962, 1470, -4472}, 0, {196, 976}, {0xAC, 0x7B, 0x29, 0xFF}}},
	{{{4222, 1443, -4501}, 0, {193, 976}, {0xAC, 0x7B, 0x29, 0xFF}}},
	{{{4222, 1443, -4472}, 0, {193, 970}, {0xAC, 0x7B, 0x29, 0xFF}}},
	{{{3962, 1443, -4472}, 0, {196, 970}, {0xAC, 0x7B, 0x29, 0xFF}}},
	{{{3962, 1443, -4501}, 0, {196, 976}, {0xAC, 0x7B, 0x29, 0xFF}}},
	{{{4222, 1431, -4472}, 0, {193, 976}, {0xAC, 0x7B, 0x29, 0xFF}}},
	{{{4222, 1404, -4501}, 0, {193, 970}, {0xAC, 0x7B, 0x29, 0xFF}}},
	{{{3962, 1404, -4501}, 0, {196, 970}, {0xAC, 0x7B, 0x29, 0xFF}}},
	{{{3962, 1431, -4472}, 0, {196, 976}, {0xAC, 0x7B, 0x29, 0xFF}}},
	{{{4222, 1404, -4501}, 0, {193, 976}, {0xAC, 0x7B, 0x29, 0xFF}}},
	{{{4222, 1404, -4472}, 0, {193, 970}, {0xAC, 0x7B, 0x29, 0xFF}}},
	{{{3962, 1404, -4472}, 0, {196, 970}, {0xAC, 0x7B, 0x29, 0xFF}}},
	{{{3962, 1404, -4501}, 0, {196, 976}, {0xAC, 0x7B, 0x29, 0xFF}}},
	{{{4105, 1884, -3683}, 0, {193, 976}, {0xAC, 0x7B, 0x29, 0xFF}}},
	{{{4105, 1616, -3683}, 0, {193, 970}, {0xAC, 0x7B, 0x29, 0xFF}}},
	{{{4092, 1616, -3692}, 0, {196, 970}, {0xAC, 0x7B, 0x29, 0xFF}}},
	{{{4092, 1884, -3692}, 0, {196, 976}, {0xAC, 0x7B, 0x29, 0xFF}}},
	{{{4105, 1390, -3683}, 0, {193, 976}, {0xAC, 0x7B, 0x29, 0xFF}}},
	{{{4092, 1390, -3692}, 0, {193, 970}, {0xAC, 0x7B, 0x29, 0xFF}}},
	{{{4105, 1616, -3683}, 0, {196, 976}, {0xAC, 0x7B, 0x29, 0xFF}}},
	{{{4092, 1390, -3673}, 0, {193, 976}, {0xAC, 0x7B, 0x29, 0xFF}}},
	{{{4105, 1390, -3683}, 0, {193, 970}, {0xAC, 0x7B, 0x29, 0xFF}}},
	{{{4105, 1616, -3683}, 0, {196, 970}, {0xAC, 0x7B, 0x29, 0xFF}}},
	{{{4092, 1616, -3673}, 0, {196, 976}, {0xAC, 0x7B, 0x29, 0xFF}}},
	{{{4092, 1884, -3673}, 0, {193, 976}, {0xAC, 0x7B, 0x29, 0xFF}}},
	{{{4092, 1616, -3673}, 0, {193, 970}, {0xAC, 0x7B, 0x29, 0xFF}}},
	{{{4105, 1884, -3683}, 0, {196, 976}, {0xAC, 0x7B, 0x29, 0xFF}}},
	{{{4078, 1884, -3683}, 0, {193, 976}, {0xAC, 0x7B, 0x29, 0xFF}}},
	{{{4092, 1884, -3692}, 0, {193, 970}, {0xAC, 0x7B, 0x29, 0xFF}}},
	{{{4078, 1616, -3683}, 0, {196, 976}, {0xAC, 0x7B, 0x29, 0xFF}}},
	{{{4078, 1616, -3683}, 0, {196, 970}, {0xAC, 0x7B, 0x29, 0xFF}}},
	{{{4078, 1390, -3683}, 0, {196, 976}, {0xAC, 0x7B, 0x29, 0xFF}}},
	{{{4078, 1884, -3683}, 0, {193, 970}, {0xAC, 0x7B, 0x29, 0xFF}}},
	{{{4078, 1390, -3683}, 0, {193, 976}, {0xAC, 0x7B, 0x29, 0xFF}}},
	{{{4078, 1616, -3683}, 0, {193, 970}, {0xAC, 0x7B, 0x29, 0xFF}}},
	{{{4092, 1390, -3692}, 0, {196, 976}, {0xAC, 0x7B, 0x29, 0xFF}}},
	{{{4222, 1816, -3715}, 0, {193, 976}, {0xAC, 0x7B, 0x29, 0xFF}}},
	{{{3962, 1816, -3715}, 0, {193, 970}, {0xAC, 0x7B, 0x29, 0xFF}}},
	{{{3962, 1789, -3686}, 0, {196, 970}, {0xAC, 0x7B, 0x29, 0xFF}}},
	{{{4222, 1789, -3686}, 0, {196, 976}, {0xAC, 0x7B, 0x29, 0xFF}}},
	{{{4222, 1789, -3686}, 0, {193, 976}, {0xAC, 0x7B, 0x29, 0xFF}}},
	{{{3962, 1789, -3686}, 0, {193, 970}, {0xAC, 0x7B, 0x29, 0xFF}}},
	{{{3962, 1789, -3715}, 0, {196, 970}, {0xAC, 0x7B, 0x29, 0xFF}}},
	{{{4222, 1789, -3715}, 0, {196, 976}, {0xAC, 0x7B, 0x29, 0xFF}}},
	{{{4222, 1774, -3715}, 0, {193, 976}, {0xAC, 0x7B, 0x29, 0xFF}}},
	{{{3962, 1774, -3715}, 0, {193, 970}, {0xAC, 0x7B, 0x29, 0xFF}}},
	{{{3962, 1746, -3686}, 0, {196, 970}, {0xAC, 0x7B, 0x29, 0xFF}}},
	{{{4222, 1746, -3686}, 0, {196, 976}, {0xAC, 0x7B, 0x29, 0xFF}}},
	{{{4222, 1746, -3686}, 0, {193, 976}, {0xAC, 0x7B, 0x29, 0xFF}}},
	{{{3962, 1746, -3686}, 0, {193, 970}, {0xAC, 0x7B, 0x29, 0xFF}}},
	{{{3962, 1746, -3715}, 0, {196, 970}, {0xAC, 0x7B, 0x29, 0xFF}}},
	{{{4222, 1746, -3715}, 0, {196, 976}, {0xAC, 0x7B, 0x29, 0xFF}}},
	{{{4222, 1730, -3715}, 0, {193, 976}, {0xAC, 0x7B, 0x29, 0xFF}}},
	{{{3962, 1730, -3715}, 0, {193, 970}, {0xAC, 0x7B, 0x29, 0xFF}}},
	{{{3962, 1702, -3686}, 0, {196, 970}, {0xAC, 0x7B, 0x29, 0xFF}}},
	{{{4222, 1702, -3686}, 0, {196, 976}, {0xAC, 0x7B, 0x29, 0xFF}}},
	{{{4222, 1702, -3686}, 0, {193, 976}, {0xAC, 0x7B, 0x29, 0xFF}}},
	{{{3962, 1702, -3686}, 0, {193, 970}, {0xAC, 0x7B, 0x29, 0xFF}}},
	{{{3962, 1702, -3715}, 0, {196, 970}, {0xAC, 0x7B, 0x29, 0xFF}}},
	{{{4222, 1702, -3715}, 0, {196, 976}, {0xAC, 0x7B, 0x29, 0xFF}}},
	{{{4222, 1688, -3715}, 0, {193, 976}, {0xAC, 0x7B, 0x29, 0xFF}}},
	{{{3962, 1688, -3715}, 0, {193, 970}, {0xAC, 0x7B, 0x29, 0xFF}}},
	{{{3962, 1661, -3686}, 0, {196, 970}, {0xAC, 0x7B, 0x29, 0xFF}}},
	{{{4222, 1661, -3686}, 0, {196, 976}, {0xAC, 0x7B, 0x29, 0xFF}}},
	{{{4222, 1661, -3686}, 0, {193, 976}, {0xAC, 0x7B, 0x29, 0xFF}}},
	{{{3962, 1661, -3686}, 0, {193, 970}, {0xAC, 0x7B, 0x29, 0xFF}}},
	{{{3962, 1661, -3715}, 0, {196, 970}, {0xAC, 0x7B, 0x29, 0xFF}}},
	{{{4222, 1661, -3715}, 0, {196, 976}, {0xAC, 0x7B, 0x29, 0xFF}}},
	{{{4222, 1644, -3715}, 0, {193, 976}, {0xAC, 0x7B, 0x29, 0xFF}}},
	{{{3962, 1644, -3715}, 0, {193, 970}, {0xAC, 0x7B, 0x29, 0xFF}}},
	{{{3962, 1617, -3686}, 0, {196, 970}, {0xAC, 0x7B, 0x29, 0xFF}}},
	{{{4222, 1617, -3686}, 0, {196, 976}, {0xAC, 0x7B, 0x29, 0xFF}}},
	{{{4222, 1617, -3686}, 0, {193, 976}, {0xAC, 0x7B, 0x29, 0xFF}}},
	{{{3962, 1617, -3686}, 0, {193, 970}, {0xAC, 0x7B, 0x29, 0xFF}}},
	{{{3962, 1617, -3715}, 0, {196, 970}, {0xAC, 0x7B, 0x29, 0xFF}}},
	{{{4222, 1617, -3715}, 0, {196, 976}, {0xAC, 0x7B, 0x29, 0xFF}}},
	{{{4222, 1600, -3715}, 0, {193, 976}, {0xAC, 0x7B, 0x29, 0xFF}}},
	{{{3962, 1600, -3715}, 0, {193, 970}, {0xAC, 0x7B, 0x29, 0xFF}}},
	{{{3962, 1573, -3686}, 0, {196, 970}, {0xAC, 0x7B, 0x29, 0xFF}}},
	{{{4222, 1573, -3686}, 0, {196, 976}, {0xAC, 0x7B, 0x29, 0xFF}}},
	{{{4222, 1573, -3686}, 0, {193, 976}, {0xAC, 0x7B, 0x29, 0xFF}}},
	{{{3962, 1573, -3686}, 0, {193, 970}, {0xAC, 0x7B, 0x29, 0xFF}}},
	{{{3962, 1573, -3715}, 0, {196, 970}, {0xAC, 0x7B, 0x29, 0xFF}}},
	{{{4222, 1573, -3715}, 0, {196, 976}, {0xAC, 0x7B, 0x29, 0xFF}}},
	{{{4222, 1557, -3715}, 0, {193, 976}, {0xAC, 0x7B, 0x29, 0xFF}}},
	{{{3962, 1557, -3715}, 0, {193, 970}, {0xAC, 0x7B, 0x29, 0xFF}}},
	{{{3962, 1529, -3686}, 0, {196, 970}, {0xAC, 0x7B, 0x29, 0xFF}}},
	{{{4222, 1529, -3686}, 0, {196, 976}, {0xAC, 0x7B, 0x29, 0xFF}}},
	{{{4222, 1529, -3686}, 0, {193, 976}, {0xAC, 0x7B, 0x29, 0xFF}}},
	{{{3962, 1529, -3686}, 0, {193, 970}, {0xAC, 0x7B, 0x29, 0xFF}}},
	{{{3962, 1529, -3715}, 0, {196, 970}, {0xAC, 0x7B, 0x29, 0xFF}}},
	{{{4222, 1529, -3715}, 0, {196, 976}, {0xAC, 0x7B, 0x29, 0xFF}}},
	{{{4222, 1514, -3715}, 0, {193, 976}, {0xAC, 0x7B, 0x29, 0xFF}}},
	{{{3962, 1514, -3715}, 0, {193, 970}, {0xAC, 0x7B, 0x29, 0xFF}}},
	{{{3962, 1487, -3686}, 0, {196, 970}, {0xAC, 0x7B, 0x29, 0xFF}}},
	{{{4222, 1487, -3686}, 0, {196, 976}, {0xAC, 0x7B, 0x29, 0xFF}}},
	{{{4222, 1487, -3686}, 0, {193, 976}, {0xAC, 0x7B, 0x29, 0xFF}}},
	{{{3962, 1487, -3686}, 0, {193, 970}, {0xAC, 0x7B, 0x29, 0xFF}}},
	{{{3962, 1487, -3715}, 0, {196, 970}, {0xAC, 0x7B, 0x29, 0xFF}}},
	{{{4222, 1487, -3715}, 0, {196, 976}, {0xAC, 0x7B, 0x29, 0xFF}}},
	{{{4222, 1470, -3715}, 0, {193, 976}, {0xAC, 0x7B, 0x29, 0xFF}}},
	{{{3962, 1470, -3715}, 0, {193, 970}, {0xAC, 0x7B, 0x29, 0xFF}}},
	{{{3962, 1443, -3686}, 0, {196, 970}, {0xAC, 0x7B, 0x29, 0xFF}}},
	{{{4222, 1443, -3686}, 0, {196, 976}, {0xAC, 0x7B, 0x29, 0xFF}}},
	{{{4222, 1443, -3686}, 0, {193, 976}, {0xAC, 0x7B, 0x29, 0xFF}}},
	{{{3962, 1443, -3686}, 0, {193, 970}, {0xAC, 0x7B, 0x29, 0xFF}}},
	{{{3962, 1443, -3715}, 0, {196, 970}, {0xAC, 0x7B, 0x29, 0xFF}}},
	{{{4222, 1443, -3715}, 0, {196, 976}, {0xAC, 0x7B, 0x29, 0xFF}}},
	{{{4222, 1431, -3715}, 0, {193, 976}, {0xAC, 0x7B, 0x29, 0xFF}}},
	{{{3962, 1431, -3715}, 0, {193, 970}, {0xAC, 0x7B, 0x29, 0xFF}}},
	{{{3962, 1404, -3686}, 0, {196, 970}, {0xAC, 0x7B, 0x29, 0xFF}}},
	{{{4222, 1404, -3686}, 0, {196, 976}, {0xAC, 0x7B, 0x29, 0xFF}}},
	{{{4222, 1404, -3686}, 0, {193, 976}, {0xAC, 0x7B, 0x29, 0xFF}}},
	{{{3962, 1404, -3686}, 0, {193, 970}, {0xAC, 0x7B, 0x29, 0xFF}}},
	{{{3962, 1404, -3715}, 0, {196, 970}, {0xAC, 0x7B, 0x29, 0xFF}}},
	{{{4222, 1404, -3715}, 0, {196, 976}, {0xAC, 0x7B, 0x29, 0xFF}}},
	{{{-4080, 1884, -4503}, 0, {193, 976}, {0xAC, 0x7B, 0x29, 0xFF}}},
	{{{-4093, 1884, -4493}, 0, {193, 970}, {0xAC, 0x7B, 0x29, 0xFF}}},
	{{{-4093, 1616, -4493}, 0, {196, 970}, {0xAC, 0x7B, 0x29, 0xFF}}},
	{{{-4080, 1616, -4503}, 0, {196, 976}, {0xAC, 0x7B, 0x29, 0xFF}}},
	{{{-4080, 1390, -4503}, 0, {193, 976}, {0xAC, 0x7B, 0x29, 0xFF}}},
	{{{-4080, 1616, -4503}, 0, {193, 970}, {0xAC, 0x7B, 0x29, 0xFF}}},
	{{{-4093, 1616, -4493}, 0, {196, 970}, {0xAC, 0x7B, 0x29, 0xFF}}},
	{{{-4093, 1390, -4493}, 0, {196, 976}, {0xAC, 0x7B, 0x29, 0xFF}}},
	{{{-4093, 1390, -4512}, 0, {193, 976}, {0xAC, 0x7B, 0x29, 0xFF}}},
	{{{-4093, 1616, -4512}, 0, {193, 970}, {0xAC, 0x7B, 0x29, 0xFF}}},
	{{{-4080, 1616, -4503}, 0, {196, 970}, {0xAC, 0x7B, 0x29, 0xFF}}},
	{{{-4080, 1390, -4503}, 0, {196, 976}, {0xAC, 0x7B, 0x29, 0xFF}}},
	{{{-4093, 1884, -4512}, 0, {193, 976}, {0xAC, 0x7B, 0x29, 0xFF}}},
	{{{-4080, 1884, -4503}, 0, {193, 970}, {0xAC, 0x7B, 0x29, 0xFF}}},
	{{{-4093, 1616, -4512}, 0, {196, 976}, {0xAC, 0x7B, 0x29, 0xFF}}},
	{{{-4107, 1884, -4503}, 0, {193, 976}, {0xAC, 0x7B, 0x29, 0xFF}}},
	{{{-4107, 1616, -4503}, 0, {193, 970}, {0xAC, 0x7B, 0x29, 0xFF}}},
	{{{-4093, 1884, -4493}, 0, {196, 976}, {0xAC, 0x7B, 0x29, 0xFF}}},
	{{{-4107, 1390, -4503}, 0, {193, 970}, {0xAC, 0x7B, 0x29, 0xFF}}},
	{{{-4107, 1616, -4503}, 0, {196, 970}, {0xAC, 0x7B, 0x29, 0xFF}}},
	{{{-4107, 1884, -4503}, 0, {196, 976}, {0xAC, 0x7B, 0x29, 0xFF}}},
	{{{-4107, 1390, -4503}, 0, {193, 976}, {0xAC, 0x7B, 0x29, 0xFF}}},
	{{{-4093, 1390, -4493}, 0, {193, 970}, {0xAC, 0x7B, 0x29, 0xFF}}},
	{{{-4107, 1616, -4503}, 0, {196, 976}, {0xAC, 0x7B, 0x29, 0xFF}}},
	{{{-3964, 1816, -4470}, 0, {193, 976}, {0xAC, 0x7B, 0x29, 0xFF}}},
	{{{-3964, 1789, -4499}, 0, {193, 970}, {0xAC, 0x7B, 0x29, 0xFF}}},
	{{{-4223, 1789, -4499}, 0, {196, 970}, {0xAC, 0x7B, 0x29, 0xFF}}},
	{{{-4223, 1816, -4470}, 0, {196, 976}, {0xAC, 0x7B, 0x29, 0xFF}}},
	{{{-3964, 1789, -4499}, 0, {193, 976}, {0xAC, 0x7B, 0x29, 0xFF}}},
	{{{-3964, 1789, -4470}, 0, {193, 970}, {0xAC, 0x7B, 0x29, 0xFF}}},
	{{{-4223, 1789, -4470}, 0, {196, 970}, {0xAC, 0x7B, 0x29, 0xFF}}},
	{{{-4223, 1789, -4499}, 0, {196, 976}, {0xAC, 0x7B, 0x29, 0xFF}}},
	{{{-3964, 1774, -4470}, 0, {193, 976}, {0xAC, 0x7B, 0x29, 0xFF}}},
	{{{-3964, 1746, -4499}, 0, {193, 970}, {0xAC, 0x7B, 0x29, 0xFF}}},
	{{{-4223, 1746, -4499}, 0, {196, 970}, {0xAC, 0x7B, 0x29, 0xFF}}},
	{{{-4223, 1774, -4470}, 0, {196, 976}, {0xAC, 0x7B, 0x29, 0xFF}}},
	{{{-3964, 1746, -4499}, 0, {193, 976}, {0xAC, 0x7B, 0x29, 0xFF}}},
	{{{-3964, 1746, -4470}, 0, {193, 970}, {0xAC, 0x7B, 0x29, 0xFF}}},
	{{{-4223, 1746, -4470}, 0, {196, 970}, {0xAC, 0x7B, 0x29, 0xFF}}},
	{{{-4223, 1746, -4499}, 0, {196, 976}, {0xAC, 0x7B, 0x29, 0xFF}}},
	{{{-3964, 1730, -4470}, 0, {193, 976}, {0xAC, 0x7B, 0x29, 0xFF}}},
	{{{-3964, 1702, -4499}, 0, {193, 970}, {0xAC, 0x7B, 0x29, 0xFF}}},
	{{{-4223, 1702, -4499}, 0, {196, 970}, {0xAC, 0x7B, 0x29, 0xFF}}},
	{{{-4223, 1730, -4470}, 0, {196, 976}, {0xAC, 0x7B, 0x29, 0xFF}}},
	{{{-3964, 1702, -4499}, 0, {193, 976}, {0xAC, 0x7B, 0x29, 0xFF}}},
	{{{-3964, 1702, -4470}, 0, {193, 970}, {0xAC, 0x7B, 0x29, 0xFF}}},
	{{{-4223, 1702, -4470}, 0, {196, 970}, {0xAC, 0x7B, 0x29, 0xFF}}},
	{{{-4223, 1702, -4499}, 0, {196, 976}, {0xAC, 0x7B, 0x29, 0xFF}}},
	{{{-3964, 1688, -4470}, 0, {193, 976}, {0xAC, 0x7B, 0x29, 0xFF}}},
	{{{-3964, 1661, -4499}, 0, {193, 970}, {0xAC, 0x7B, 0x29, 0xFF}}},
	{{{-4223, 1661, -4499}, 0, {196, 970}, {0xAC, 0x7B, 0x29, 0xFF}}},
	{{{-4223, 1688, -4470}, 0, {196, 976}, {0xAC, 0x7B, 0x29, 0xFF}}},
	{{{-3964, 1661, -4499}, 0, {193, 976}, {0xAC, 0x7B, 0x29, 0xFF}}},
	{{{-3964, 1661, -4470}, 0, {193, 970}, {0xAC, 0x7B, 0x29, 0xFF}}},
	{{{-4223, 1661, -4470}, 0, {196, 970}, {0xAC, 0x7B, 0x29, 0xFF}}},
	{{{-4223, 1661, -4499}, 0, {196, 976}, {0xAC, 0x7B, 0x29, 0xFF}}},
	{{{-3964, 1644, -4470}, 0, {193, 976}, {0xAC, 0x7B, 0x29, 0xFF}}},
	{{{-3964, 1617, -4499}, 0, {193, 970}, {0xAC, 0x7B, 0x29, 0xFF}}},
	{{{-4223, 1617, -4499}, 0, {196, 970}, {0xAC, 0x7B, 0x29, 0xFF}}},
	{{{-4223, 1644, -4470}, 0, {196, 976}, {0xAC, 0x7B, 0x29, 0xFF}}},
	{{{-3964, 1617, -4499}, 0, {193, 976}, {0xAC, 0x7B, 0x29, 0xFF}}},
	{{{-3964, 1617, -4470}, 0, {193, 970}, {0xAC, 0x7B, 0x29, 0xFF}}},
	{{{-4223, 1617, -4470}, 0, {196, 970}, {0xAC, 0x7B, 0x29, 0xFF}}},
	{{{-4223, 1617, -4499}, 0, {196, 976}, {0xAC, 0x7B, 0x29, 0xFF}}},
	{{{-3964, 1600, -4470}, 0, {193, 976}, {0xAC, 0x7B, 0x29, 0xFF}}},
	{{{-3964, 1573, -4499}, 0, {193, 970}, {0xAC, 0x7B, 0x29, 0xFF}}},
	{{{-4223, 1573, -4499}, 0, {196, 970}, {0xAC, 0x7B, 0x29, 0xFF}}},
	{{{-4223, 1600, -4470}, 0, {196, 976}, {0xAC, 0x7B, 0x29, 0xFF}}},
	{{{-3964, 1573, -4499}, 0, {193, 976}, {0xAC, 0x7B, 0x29, 0xFF}}},
	{{{-3964, 1573, -4470}, 0, {193, 970}, {0xAC, 0x7B, 0x29, 0xFF}}},
	{{{-4223, 1573, -4470}, 0, {196, 970}, {0xAC, 0x7B, 0x29, 0xFF}}},
	{{{-4223, 1573, -4499}, 0, {196, 976}, {0xAC, 0x7B, 0x29, 0xFF}}},
	{{{-3964, 1557, -4470}, 0, {193, 976}, {0xAC, 0x7B, 0x29, 0xFF}}},
	{{{-3964, 1529, -4499}, 0, {193, 970}, {0xAC, 0x7B, 0x29, 0xFF}}},
	{{{-4223, 1529, -4499}, 0, {196, 970}, {0xAC, 0x7B, 0x29, 0xFF}}},
	{{{-4223, 1557, -4470}, 0, {196, 976}, {0xAC, 0x7B, 0x29, 0xFF}}},
	{{{-3964, 1529, -4499}, 0, {193, 976}, {0xAC, 0x7B, 0x29, 0xFF}}},
	{{{-3964, 1529, -4470}, 0, {193, 970}, {0xAC, 0x7B, 0x29, 0xFF}}},
	{{{-4223, 1529, -4470}, 0, {196, 970}, {0xAC, 0x7B, 0x29, 0xFF}}},
	{{{-4223, 1529, -4499}, 0, {196, 976}, {0xAC, 0x7B, 0x29, 0xFF}}},
	{{{-3964, 1514, -4470}, 0, {193, 976}, {0xAC, 0x7B, 0x29, 0xFF}}},
	{{{-3964, 1487, -4499}, 0, {193, 970}, {0xAC, 0x7B, 0x29, 0xFF}}},
	{{{-4223, 1487, -4499}, 0, {196, 970}, {0xAC, 0x7B, 0x29, 0xFF}}},
	{{{-4223, 1514, -4470}, 0, {196, 976}, {0xAC, 0x7B, 0x29, 0xFF}}},
	{{{-3964, 1487, -4499}, 0, {193, 976}, {0xAC, 0x7B, 0x29, 0xFF}}},
	{{{-3964, 1487, -4470}, 0, {193, 970}, {0xAC, 0x7B, 0x29, 0xFF}}},
	{{{-4223, 1487, -4470}, 0, {196, 970}, {0xAC, 0x7B, 0x29, 0xFF}}},
	{{{-4223, 1487, -4499}, 0, {196, 976}, {0xAC, 0x7B, 0x29, 0xFF}}},
	{{{-3964, 1470, -4470}, 0, {193, 976}, {0xAC, 0x7B, 0x29, 0xFF}}},
	{{{-3964, 1443, -4499}, 0, {193, 970}, {0xAC, 0x7B, 0x29, 0xFF}}},
	{{{-4223, 1443, -4499}, 0, {196, 970}, {0xAC, 0x7B, 0x29, 0xFF}}},
	{{{-4223, 1470, -4470}, 0, {196, 976}, {0xAC, 0x7B, 0x29, 0xFF}}},
	{{{-3964, 1443, -4499}, 0, {193, 976}, {0xAC, 0x7B, 0x29, 0xFF}}},
	{{{-3964, 1443, -4470}, 0, {193, 970}, {0xAC, 0x7B, 0x29, 0xFF}}},
	{{{-4223, 1443, -4470}, 0, {196, 970}, {0xAC, 0x7B, 0x29, 0xFF}}},
	{{{-4223, 1443, -4499}, 0, {196, 976}, {0xAC, 0x7B, 0x29, 0xFF}}},
	{{{-3964, 1431, -4470}, 0, {193, 976}, {0xAC, 0x7B, 0x29, 0xFF}}},
	{{{-3964, 1404, -4499}, 0, {193, 970}, {0xAC, 0x7B, 0x29, 0xFF}}},
	{{{-4223, 1404, -4499}, 0, {196, 970}, {0xAC, 0x7B, 0x29, 0xFF}}},
	{{{-4223, 1431, -4470}, 0, {196, 976}, {0xAC, 0x7B, 0x29, 0xFF}}},
	{{{-3964, 1404, -4499}, 0, {193, 976}, {0xAC, 0x7B, 0x29, 0xFF}}},
	{{{-3964, 1404, -4470}, 0, {193, 970}, {0xAC, 0x7B, 0x29, 0xFF}}},
	{{{-4223, 1404, -4470}, 0, {196, 970}, {0xAC, 0x7B, 0x29, 0xFF}}},
	{{{-4223, 1404, -4499}, 0, {196, 976}, {0xAC, 0x7B, 0x29, 0xFF}}},
	{{{-4080, 1884, -3681}, 0, {193, 976}, {0xAC, 0x7B, 0x29, 0xFF}}},
	{{{-4080, 1616, -3681}, 0, {193, 970}, {0xAC, 0x7B, 0x29, 0xFF}}},
	{{{-4093, 1616, -3691}, 0, {196, 970}, {0xAC, 0x7B, 0x29, 0xFF}}},
	{{{-4093, 1884, -3691}, 0, {196, 976}, {0xAC, 0x7B, 0x29, 0xFF}}},
	{{{-4080, 1390, -3681}, 0, {193, 976}, {0xAC, 0x7B, 0x29, 0xFF}}},
	{{{-4093, 1390, -3691}, 0, {193, 970}, {0xAC, 0x7B, 0x29, 0xFF}}},
	{{{-4080, 1616, -3681}, 0, {196, 976}, {0xAC, 0x7B, 0x29, 0xFF}}},
	{{{-4093, 1390, -3672}, 0, {193, 976}, {0xAC, 0x7B, 0x29, 0xFF}}},
	{{{-4080, 1390, -3681}, 0, {193, 970}, {0xAC, 0x7B, 0x29, 0xFF}}},
	{{{-4080, 1616, -3681}, 0, {196, 970}, {0xAC, 0x7B, 0x29, 0xFF}}},
	{{{-4093, 1616, -3672}, 0, {196, 976}, {0xAC, 0x7B, 0x29, 0xFF}}},
	{{{-4093, 1884, -3672}, 0, {193, 976}, {0xAC, 0x7B, 0x29, 0xFF}}},
	{{{-4093, 1616, -3672}, 0, {193, 970}, {0xAC, 0x7B, 0x29, 0xFF}}},
	{{{-4080, 1884, -3681}, 0, {196, 976}, {0xAC, 0x7B, 0x29, 0xFF}}},
	{{{-4107, 1884, -3681}, 0, {193, 976}, {0xAC, 0x7B, 0x29, 0xFF}}},
	{{{-4093, 1884, -3691}, 0, {193, 970}, {0xAC, 0x7B, 0x29, 0xFF}}},
	{{{-4107, 1616, -3681}, 0, {196, 976}, {0xAC, 0x7B, 0x29, 0xFF}}},
	{{{-4107, 1616, -3681}, 0, {196, 970}, {0xAC, 0x7B, 0x29, 0xFF}}},
	{{{-4107, 1390, -3681}, 0, {196, 976}, {0xAC, 0x7B, 0x29, 0xFF}}},
	{{{-4107, 1884, -3681}, 0, {193, 970}, {0xAC, 0x7B, 0x29, 0xFF}}},
	{{{-4107, 1390, -3681}, 0, {193, 976}, {0xAC, 0x7B, 0x29, 0xFF}}},
	{{{-4107, 1616, -3681}, 0, {193, 970}, {0xAC, 0x7B, 0x29, 0xFF}}},
	{{{-4093, 1390, -3691}, 0, {196, 976}, {0xAC, 0x7B, 0x29, 0xFF}}},
	{{{-3964, 1816, -3713}, 0, {193, 976}, {0xAC, 0x7B, 0x29, 0xFF}}},
	{{{-4223, 1816, -3713}, 0, {193, 970}, {0xAC, 0x7B, 0x29, 0xFF}}},
	{{{-4223, 1789, -3684}, 0, {196, 970}, {0xAC, 0x7B, 0x29, 0xFF}}},
	{{{-3964, 1789, -3684}, 0, {196, 976}, {0xAC, 0x7B, 0x29, 0xFF}}},
	{{{-3964, 1789, -3684}, 0, {193, 976}, {0xAC, 0x7B, 0x29, 0xFF}}},
	{{{-4223, 1789, -3684}, 0, {193, 970}, {0xAC, 0x7B, 0x29, 0xFF}}},
	{{{-4223, 1789, -3713}, 0, {196, 970}, {0xAC, 0x7B, 0x29, 0xFF}}},
	{{{-3964, 1789, -3713}, 0, {196, 976}, {0xAC, 0x7B, 0x29, 0xFF}}},
	{{{-3964, 1774, -3713}, 0, {193, 976}, {0xAC, 0x7B, 0x29, 0xFF}}},
	{{{-4223, 1774, -3713}, 0, {193, 970}, {0xAC, 0x7B, 0x29, 0xFF}}},
	{{{-4223, 1746, -3684}, 0, {196, 970}, {0xAC, 0x7B, 0x29, 0xFF}}},
	{{{-3964, 1746, -3684}, 0, {196, 976}, {0xAC, 0x7B, 0x29, 0xFF}}},
	{{{-3964, 1746, -3684}, 0, {193, 976}, {0xAC, 0x7B, 0x29, 0xFF}}},
	{{{-4223, 1746, -3684}, 0, {193, 970}, {0xAC, 0x7B, 0x29, 0xFF}}},
	{{{-4223, 1746, -3713}, 0, {196, 970}, {0xAC, 0x7B, 0x29, 0xFF}}},
	{{{-3964, 1746, -3713}, 0, {196, 976}, {0xAC, 0x7B, 0x29, 0xFF}}},
	{{{-3964, 1730, -3713}, 0, {193, 976}, {0xAC, 0x7B, 0x29, 0xFF}}},
	{{{-4223, 1730, -3713}, 0, {193, 970}, {0xAC, 0x7B, 0x29, 0xFF}}},
	{{{-4223, 1702, -3684}, 0, {196, 970}, {0xAC, 0x7B, 0x29, 0xFF}}},
	{{{-3964, 1702, -3684}, 0, {196, 976}, {0xAC, 0x7B, 0x29, 0xFF}}},
	{{{-3964, 1702, -3684}, 0, {193, 976}, {0xAC, 0x7B, 0x29, 0xFF}}},
	{{{-4223, 1702, -3684}, 0, {193, 970}, {0xAC, 0x7B, 0x29, 0xFF}}},
	{{{-4223, 1702, -3713}, 0, {196, 970}, {0xAC, 0x7B, 0x29, 0xFF}}},
	{{{-3964, 1702, -3713}, 0, {196, 976}, {0xAC, 0x7B, 0x29, 0xFF}}},
	{{{-3964, 1688, -3713}, 0, {193, 976}, {0xAC, 0x7B, 0x29, 0xFF}}},
	{{{-4223, 1688, -3713}, 0, {193, 970}, {0xAC, 0x7B, 0x29, 0xFF}}},
	{{{-4223, 1661, -3684}, 0, {196, 970}, {0xAC, 0x7B, 0x29, 0xFF}}},
	{{{-3964, 1661, -3684}, 0, {196, 976}, {0xAC, 0x7B, 0x29, 0xFF}}},
	{{{-3964, 1661, -3684}, 0, {193, 976}, {0xAC, 0x7B, 0x29, 0xFF}}},
	{{{-4223, 1661, -3684}, 0, {193, 970}, {0xAC, 0x7B, 0x29, 0xFF}}},
	{{{-4223, 1661, -3713}, 0, {196, 970}, {0xAC, 0x7B, 0x29, 0xFF}}},
	{{{-3964, 1661, -3713}, 0, {196, 976}, {0xAC, 0x7B, 0x29, 0xFF}}},
	{{{-3964, 1644, -3713}, 0, {193, 976}, {0xAC, 0x7B, 0x29, 0xFF}}},
	{{{-4223, 1644, -3713}, 0, {193, 970}, {0xAC, 0x7B, 0x29, 0xFF}}},
	{{{-4223, 1617, -3684}, 0, {196, 970}, {0xAC, 0x7B, 0x29, 0xFF}}},
	{{{-3964, 1617, -3684}, 0, {196, 976}, {0xAC, 0x7B, 0x29, 0xFF}}},
	{{{-3964, 1617, -3684}, 0, {193, 976}, {0xAC, 0x7B, 0x29, 0xFF}}},
	{{{-4223, 1617, -3684}, 0, {193, 970}, {0xAC, 0x7B, 0x29, 0xFF}}},
	{{{-4223, 1617, -3713}, 0, {196, 970}, {0xAC, 0x7B, 0x29, 0xFF}}},
	{{{-3964, 1617, -3713}, 0, {196, 976}, {0xAC, 0x7B, 0x29, 0xFF}}},
	{{{-3964, 1600, -3713}, 0, {193, 976}, {0xAC, 0x7B, 0x29, 0xFF}}},
	{{{-4223, 1600, -3713}, 0, {193, 970}, {0xAC, 0x7B, 0x29, 0xFF}}},
	{{{-4223, 1573, -3684}, 0, {196, 970}, {0xAC, 0x7B, 0x29, 0xFF}}},
	{{{-3964, 1573, -3684}, 0, {196, 976}, {0xAC, 0x7B, 0x29, 0xFF}}},
	{{{-3964, 1573, -3684}, 0, {193, 976}, {0xAC, 0x7B, 0x29, 0xFF}}},
	{{{-4223, 1573, -3684}, 0, {193, 970}, {0xAC, 0x7B, 0x29, 0xFF}}},
	{{{-4223, 1573, -3713}, 0, {196, 970}, {0xAC, 0x7B, 0x29, 0xFF}}},
	{{{-3964, 1573, -3713}, 0, {196, 976}, {0xAC, 0x7B, 0x29, 0xFF}}},
	{{{-3964, 1557, -3713}, 0, {193, 976}, {0xAC, 0x7B, 0x29, 0xFF}}},
	{{{-4223, 1557, -3713}, 0, {193, 970}, {0xAC, 0x7B, 0x29, 0xFF}}},
	{{{-4223, 1529, -3684}, 0, {196, 970}, {0xAC, 0x7B, 0x29, 0xFF}}},
	{{{-3964, 1529, -3684}, 0, {196, 976}, {0xAC, 0x7B, 0x29, 0xFF}}},
	{{{-3964, 1529, -3684}, 0, {193, 976}, {0xAC, 0x7B, 0x29, 0xFF}}},
	{{{-4223, 1529, -3684}, 0, {193, 970}, {0xAC, 0x7B, 0x29, 0xFF}}},
	{{{-4223, 1529, -3713}, 0, {196, 970}, {0xAC, 0x7B, 0x29, 0xFF}}},
	{{{-3964, 1529, -3713}, 0, {196, 976}, {0xAC, 0x7B, 0x29, 0xFF}}},
	{{{-3964, 1514, -3713}, 0, {193, 976}, {0xAC, 0x7B, 0x29, 0xFF}}},
	{{{-4223, 1514, -3713}, 0, {193, 970}, {0xAC, 0x7B, 0x29, 0xFF}}},
	{{{-4223, 1487, -3684}, 0, {196, 970}, {0xAC, 0x7B, 0x29, 0xFF}}},
	{{{-3964, 1487, -3684}, 0, {196, 976}, {0xAC, 0x7B, 0x29, 0xFF}}},
	{{{-3964, 1487, -3684}, 0, {193, 976}, {0xAC, 0x7B, 0x29, 0xFF}}},
	{{{-4223, 1487, -3684}, 0, {193, 970}, {0xAC, 0x7B, 0x29, 0xFF}}},
	{{{-4223, 1487, -3713}, 0, {196, 970}, {0xAC, 0x7B, 0x29, 0xFF}}},
	{{{-3964, 1487, -3713}, 0, {196, 976}, {0xAC, 0x7B, 0x29, 0xFF}}},
	{{{-3964, 1470, -3713}, 0, {193, 976}, {0xAC, 0x7B, 0x29, 0xFF}}},
	{{{-4223, 1470, -3713}, 0, {193, 970}, {0xAC, 0x7B, 0x29, 0xFF}}},
	{{{-4223, 1443, -3684}, 0, {196, 970}, {0xAC, 0x7B, 0x29, 0xFF}}},
	{{{-3964, 1443, -3684}, 0, {196, 976}, {0xAC, 0x7B, 0x29, 0xFF}}},
	{{{-3964, 1443, -3684}, 0, {193, 976}, {0xAC, 0x7B, 0x29, 0xFF}}},
	{{{-4223, 1443, -3684}, 0, {193, 970}, {0xAC, 0x7B, 0x29, 0xFF}}},
	{{{-4223, 1443, -3713}, 0, {196, 970}, {0xAC, 0x7B, 0x29, 0xFF}}},
	{{{-3964, 1443, -3713}, 0, {196, 976}, {0xAC, 0x7B, 0x29, 0xFF}}},
	{{{-3964, 1431, -3713}, 0, {193, 976}, {0xAC, 0x7B, 0x29, 0xFF}}},
	{{{-4223, 1431, -3713}, 0, {193, 970}, {0xAC, 0x7B, 0x29, 0xFF}}},
	{{{-4223, 1404, -3684}, 0, {196, 970}, {0xAC, 0x7B, 0x29, 0xFF}}},
	{{{-3964, 1404, -3684}, 0, {196, 976}, {0xAC, 0x7B, 0x29, 0xFF}}},
	{{{-3964, 1404, -3684}, 0, {193, 976}, {0xAC, 0x7B, 0x29, 0xFF}}},
	{{{-4223, 1404, -3684}, 0, {193, 970}, {0xAC, 0x7B, 0x29, 0xFF}}},
	{{{-4223, 1404, -3713}, 0, {196, 970}, {0xAC, 0x7B, 0x29, 0xFF}}},
	{{{-3964, 1404, -3713}, 0, {196, 976}, {0xAC, 0x7B, 0x29, 0xFF}}},
	{{{-4504, 1884, -4105}, 0, {193, 976}, {0xAC, 0x7B, 0x29, 0xFF}}},
	{{{-4494, 1884, -4092}, 0, {193, 970}, {0xAC, 0x7B, 0x29, 0xFF}}},
	{{{-4494, 1616, -4092}, 0, {196, 970}, {0xAC, 0x7B, 0x29, 0xFF}}},
	{{{-4504, 1616, -4105}, 0, {196, 976}, {0xAC, 0x7B, 0x29, 0xFF}}},
	{{{-4504, 1390, -4105}, 0, {193, 976}, {0xAC, 0x7B, 0x29, 0xFF}}},
	{{{-4504, 1616, -4105}, 0, {193, 970}, {0xAC, 0x7B, 0x29, 0xFF}}},
	{{{-4494, 1390, -4092}, 0, {196, 976}, {0xAC, 0x7B, 0x29, 0xFF}}},
	{{{-4514, 1390, -4092}, 0, {193, 976}, {0xAC, 0x7B, 0x29, 0xFF}}},
	{{{-4514, 1616, -4092}, 0, {193, 970}, {0xAC, 0x7B, 0x29, 0xFF}}},
	{{{-4504, 1616, -4105}, 0, {196, 970}, {0xAC, 0x7B, 0x29, 0xFF}}},
	{{{-4504, 1390, -4105}, 0, {196, 976}, {0xAC, 0x7B, 0x29, 0xFF}}},
	{{{-4514, 1884, -4092}, 0, {193, 976}, {0xAC, 0x7B, 0x29, 0xFF}}},
	{{{-4504, 1884, -4105}, 0, {193, 970}, {0xAC, 0x7B, 0x29, 0xFF}}},
	{{{-4514, 1616, -4092}, 0, {196, 976}, {0xAC, 0x7B, 0x29, 0xFF}}},
	{{{-4504, 1884, -4078}, 0, {193, 976}, {0xAC, 0x7B, 0x29, 0xFF}}},
	{{{-4504, 1616, -4078}, 0, {193, 970}, {0xAC, 0x7B, 0x29, 0xFF}}},
	{{{-4494, 1884, -4092}, 0, {196, 976}, {0xAC, 0x7B, 0x29, 0xFF}}},
	{{{-4504, 1390, -4078}, 0, {193, 970}, {0xAC, 0x7B, 0x29, 0xFF}}},
	{{{-4504, 1616, -4078}, 0, {196, 970}, {0xAC, 0x7B, 0x29, 0xFF}}},
	{{{-4504, 1884, -4078}, 0, {196, 976}, {0xAC, 0x7B, 0x29, 0xFF}}},
	{{{-4504, 1390, -4078}, 0, {193, 976}, {0xAC, 0x7B, 0x29, 0xFF}}},
	{{{-4494, 1390, -4092}, 0, {193, 970}, {0xAC, 0x7B, 0x29, 0xFF}}},
	{{{-4504, 1616, -4078}, 0, {196, 976}, {0xAC, 0x7B, 0x29, 0xFF}}},
	{{{-4472, 1816, -4222}, 0, {193, 976}, {0xAC, 0x7B, 0x29, 0xFF}}},
	{{{-4501, 1789, -4222}, 0, {193, 970}, {0xAC, 0x7B, 0x29, 0xFF}}},
	{{{-4501, 1789, -3962}, 0, {196, 970}, {0xAC, 0x7B, 0x29, 0xFF}}},
	{{{-4472, 1816, -3962}, 0, {196, 976}, {0xAC, 0x7B, 0x29, 0xFF}}},
	{{{-4501, 1789, -4222}, 0, {193, 976}, {0xAC, 0x7B, 0x29, 0xFF}}},
	{{{-4472, 1789, -4222}, 0, {193, 970}, {0xAC, 0x7B, 0x29, 0xFF}}},
	{{{-4472, 1789, -3962}, 0, {196, 970}, {0xAC, 0x7B, 0x29, 0xFF}}},
	{{{-4501, 1789, -3962}, 0, {196, 976}, {0xAC, 0x7B, 0x29, 0xFF}}},
	{{{-4472, 1774, -4222}, 0, {193, 976}, {0xAC, 0x7B, 0x29, 0xFF}}},
	{{{-4501, 1746, -4222}, 0, {193, 970}, {0xAC, 0x7B, 0x29, 0xFF}}},
	{{{-4501, 1746, -3962}, 0, {196, 970}, {0xAC, 0x7B, 0x29, 0xFF}}},
	{{{-4472, 1774, -3962}, 0, {196, 976}, {0xAC, 0x7B, 0x29, 0xFF}}},
	{{{-4501, 1746, -4222}, 0, {193, 976}, {0xAC, 0x7B, 0x29, 0xFF}}},
	{{{-4472, 1746, -4222}, 0, {193, 970}, {0xAC, 0x7B, 0x29, 0xFF}}},
	{{{-4472, 1746, -3962}, 0, {196, 970}, {0xAC, 0x7B, 0x29, 0xFF}}},
	{{{-4501, 1746, -3962}, 0, {196, 976}, {0xAC, 0x7B, 0x29, 0xFF}}},
	{{{-4472, 1730, -4222}, 0, {193, 976}, {0xAC, 0x7B, 0x29, 0xFF}}},
	{{{-4501, 1702, -4222}, 0, {193, 970}, {0xAC, 0x7B, 0x29, 0xFF}}},
	{{{-4501, 1702, -3962}, 0, {196, 970}, {0xAC, 0x7B, 0x29, 0xFF}}},
	{{{-4472, 1730, -3962}, 0, {196, 976}, {0xAC, 0x7B, 0x29, 0xFF}}},
	{{{-4501, 1702, -4222}, 0, {193, 976}, {0xAC, 0x7B, 0x29, 0xFF}}},
	{{{-4472, 1702, -4222}, 0, {193, 970}, {0xAC, 0x7B, 0x29, 0xFF}}},
	{{{-4472, 1702, -3962}, 0, {196, 970}, {0xAC, 0x7B, 0x29, 0xFF}}},
	{{{-4501, 1702, -3962}, 0, {196, 976}, {0xAC, 0x7B, 0x29, 0xFF}}},
	{{{-4472, 1688, -4222}, 0, {193, 976}, {0xAC, 0x7B, 0x29, 0xFF}}},
	{{{-4501, 1661, -4222}, 0, {193, 970}, {0xAC, 0x7B, 0x29, 0xFF}}},
	{{{-4501, 1661, -3962}, 0, {196, 970}, {0xAC, 0x7B, 0x29, 0xFF}}},
	{{{-4472, 1688, -3962}, 0, {196, 976}, {0xAC, 0x7B, 0x29, 0xFF}}},
	{{{-4501, 1661, -4222}, 0, {193, 976}, {0xAC, 0x7B, 0x29, 0xFF}}},
	{{{-4472, 1661, -4222}, 0, {193, 970}, {0xAC, 0x7B, 0x29, 0xFF}}},
	{{{-4472, 1661, -3962}, 0, {196, 970}, {0xAC, 0x7B, 0x29, 0xFF}}},
	{{{-4501, 1661, -3962}, 0, {196, 976}, {0xAC, 0x7B, 0x29, 0xFF}}},
	{{{-4472, 1644, -4222}, 0, {193, 976}, {0xAC, 0x7B, 0x29, 0xFF}}},
	{{{-4501, 1617, -4222}, 0, {193, 970}, {0xAC, 0x7B, 0x29, 0xFF}}},
	{{{-4501, 1617, -3962}, 0, {196, 970}, {0xAC, 0x7B, 0x29, 0xFF}}},
	{{{-4472, 1644, -3962}, 0, {196, 976}, {0xAC, 0x7B, 0x29, 0xFF}}},
	{{{-4501, 1617, -4222}, 0, {193, 976}, {0xAC, 0x7B, 0x29, 0xFF}}},
	{{{-4472, 1617, -4222}, 0, {193, 970}, {0xAC, 0x7B, 0x29, 0xFF}}},
	{{{-4472, 1617, -3962}, 0, {196, 970}, {0xAC, 0x7B, 0x29, 0xFF}}},
	{{{-4501, 1617, -3962}, 0, {196, 976}, {0xAC, 0x7B, 0x29, 0xFF}}},
	{{{-4472, 1600, -4222}, 0, {193, 976}, {0xAC, 0x7B, 0x29, 0xFF}}},
	{{{-4501, 1573, -4222}, 0, {193, 970}, {0xAC, 0x7B, 0x29, 0xFF}}},
	{{{-4501, 1573, -3962}, 0, {196, 970}, {0xAC, 0x7B, 0x29, 0xFF}}},
	{{{-4472, 1600, -3962}, 0, {196, 976}, {0xAC, 0x7B, 0x29, 0xFF}}},
	{{{-4501, 1573, -4222}, 0, {193, 976}, {0xAC, 0x7B, 0x29, 0xFF}}},
	{{{-4472, 1573, -4222}, 0, {193, 970}, {0xAC, 0x7B, 0x29, 0xFF}}},
	{{{-4472, 1573, -3962}, 0, {196, 970}, {0xAC, 0x7B, 0x29, 0xFF}}},
	{{{-4501, 1573, -3962}, 0, {196, 976}, {0xAC, 0x7B, 0x29, 0xFF}}},
	{{{-4472, 1557, -4222}, 0, {193, 976}, {0xAC, 0x7B, 0x29, 0xFF}}},
	{{{-4501, 1529, -4222}, 0, {193, 970}, {0xAC, 0x7B, 0x29, 0xFF}}},
	{{{-4501, 1529, -3962}, 0, {196, 970}, {0xAC, 0x7B, 0x29, 0xFF}}},
	{{{-4472, 1557, -3962}, 0, {196, 976}, {0xAC, 0x7B, 0x29, 0xFF}}},
	{{{-4501, 1529, -4222}, 0, {193, 976}, {0xAC, 0x7B, 0x29, 0xFF}}},
	{{{-4472, 1529, -4222}, 0, {193, 970}, {0xAC, 0x7B, 0x29, 0xFF}}},
	{{{-4472, 1529, -3962}, 0, {196, 970}, {0xAC, 0x7B, 0x29, 0xFF}}},
	{{{-4501, 1529, -3962}, 0, {196, 976}, {0xAC, 0x7B, 0x29, 0xFF}}},
	{{{-4472, 1514, -4222}, 0, {193, 976}, {0xAC, 0x7B, 0x29, 0xFF}}},
	{{{-4501, 1487, -4222}, 0, {193, 970}, {0xAC, 0x7B, 0x29, 0xFF}}},
	{{{-4501, 1487, -3962}, 0, {196, 970}, {0xAC, 0x7B, 0x29, 0xFF}}},
	{{{-4472, 1514, -3962}, 0, {196, 976}, {0xAC, 0x7B, 0x29, 0xFF}}},
	{{{-4501, 1487, -4222}, 0, {193, 976}, {0xAC, 0x7B, 0x29, 0xFF}}},
	{{{-4472, 1487, -4222}, 0, {193, 970}, {0xAC, 0x7B, 0x29, 0xFF}}},
	{{{-4472, 1487, -3962}, 0, {196, 970}, {0xAC, 0x7B, 0x29, 0xFF}}},
	{{{-4501, 1487, -3962}, 0, {196, 976}, {0xAC, 0x7B, 0x29, 0xFF}}},
	{{{-4472, 1470, -4222}, 0, {193, 976}, {0xAC, 0x7B, 0x29, 0xFF}}},
	{{{-4501, 1443, -4222}, 0, {193, 970}, {0xAC, 0x7B, 0x29, 0xFF}}},
	{{{-4501, 1443, -3962}, 0, {196, 970}, {0xAC, 0x7B, 0x29, 0xFF}}},
	{{{-4472, 1470, -3962}, 0, {196, 976}, {0xAC, 0x7B, 0x29, 0xFF}}},
	{{{-4501, 1443, -4222}, 0, {193, 976}, {0xAC, 0x7B, 0x29, 0xFF}}},
	{{{-4472, 1443, -4222}, 0, {193, 970}, {0xAC, 0x7B, 0x29, 0xFF}}},
	{{{-4472, 1443, -3962}, 0, {196, 970}, {0xAC, 0x7B, 0x29, 0xFF}}},
	{{{-4501, 1443, -3962}, 0, {196, 976}, {0xAC, 0x7B, 0x29, 0xFF}}},
	{{{-4472, 1431, -4222}, 0, {193, 976}, {0xAC, 0x7B, 0x29, 0xFF}}},
	{{{-4501, 1404, -4222}, 0, {193, 970}, {0xAC, 0x7B, 0x29, 0xFF}}},
	{{{-4501, 1404, -3962}, 0, {196, 970}, {0xAC, 0x7B, 0x29, 0xFF}}},
	{{{-4472, 1431, -3962}, 0, {196, 976}, {0xAC, 0x7B, 0x29, 0xFF}}},
	{{{-4501, 1404, -4222}, 0, {193, 976}, {0xAC, 0x7B, 0x29, 0xFF}}},
	{{{-4472, 1404, -4222}, 0, {193, 970}, {0xAC, 0x7B, 0x29, 0xFF}}},
	{{{-4472, 1404, -3962}, 0, {196, 970}, {0xAC, 0x7B, 0x29, 0xFF}}},
	{{{-4501, 1404, -3962}, 0, {196, 976}, {0xAC, 0x7B, 0x29, 0xFF}}},
	{{{-3683, 1884, -4105}, 0, {193, 976}, {0xAC, 0x7B, 0x29, 0xFF}}},
	{{{-3683, 1616, -4105}, 0, {193, 970}, {0xAC, 0x7B, 0x29, 0xFF}}},
	{{{-3692, 1616, -4092}, 0, {196, 970}, {0xAC, 0x7B, 0x29, 0xFF}}},
	{{{-3692, 1884, -4092}, 0, {196, 976}, {0xAC, 0x7B, 0x29, 0xFF}}},
	{{{-3683, 1390, -4105}, 0, {193, 976}, {0xAC, 0x7B, 0x29, 0xFF}}},
	{{{-3692, 1390, -4092}, 0, {193, 970}, {0xAC, 0x7B, 0x29, 0xFF}}},
	{{{-3683, 1616, -4105}, 0, {196, 976}, {0xAC, 0x7B, 0x29, 0xFF}}},
	{{{-3673, 1390, -4092}, 0, {193, 976}, {0xAC, 0x7B, 0x29, 0xFF}}},
	{{{-3683, 1390, -4105}, 0, {193, 970}, {0xAC, 0x7B, 0x29, 0xFF}}},
	{{{-3683, 1616, -4105}, 0, {196, 970}, {0xAC, 0x7B, 0x29, 0xFF}}},
	{{{-3673, 1616, -4092}, 0, {196, 976}, {0xAC, 0x7B, 0x29, 0xFF}}},
	{{{-3673, 1884, -4092}, 0, {193, 976}, {0xAC, 0x7B, 0x29, 0xFF}}},
	{{{-3673, 1616, -4092}, 0, {193, 970}, {0xAC, 0x7B, 0x29, 0xFF}}},
	{{{-3683, 1616, -4105}, 0, {196, 970}, {0xAC, 0x7B, 0x29, 0xFF}}},
	{{{-3683, 1884, -4105}, 0, {196, 976}, {0xAC, 0x7B, 0x29, 0xFF}}},
	{{{-3683, 1884, -4078}, 0, {193, 976}, {0xAC, 0x7B, 0x29, 0xFF}}},
	{{{-3692, 1884, -4092}, 0, {193, 970}, {0xAC, 0x7B, 0x29, 0xFF}}},
	{{{-3692, 1616, -4092}, 0, {196, 970}, {0xAC, 0x7B, 0x29, 0xFF}}},
	{{{-3683, 1616, -4078}, 0, {196, 976}, {0xAC, 0x7B, 0x29, 0xFF}}},
	{{{-3673, 1390, -4092}, 0, {193, 976}, {0xAC, 0x7B, 0x29, 0xFF}}},
	{{{-3683, 1616, -4078}, 0, {196, 970}, {0xAC, 0x7B, 0x29, 0xFF}}},
	{{{-3683, 1390, -4078}, 0, {196, 976}, {0xAC, 0x7B, 0x29, 0xFF}}},
	{{{-3683, 1884, -4078}, 0, {193, 970}, {0xAC, 0x7B, 0x29, 0xFF}}},
	{{{-3673, 1616, -4092}, 0, {196, 976}, {0xAC, 0x7B, 0x29, 0xFF}}},
	{{{-3683, 1390, -4078}, 0, {193, 976}, {0xAC, 0x7B, 0x29, 0xFF}}},
	{{{-3683, 1616, -4078}, 0, {193, 970}, {0xAC, 0x7B, 0x29, 0xFF}}},
	{{{-3692, 1390, -4092}, 0, {196, 976}, {0xAC, 0x7B, 0x29, 0xFF}}},
	{{{-3715, 1816, -4222}, 0, {193, 976}, {0xAC, 0x7B, 0x29, 0xFF}}},
	{{{-3715, 1816, -3962}, 0, {193, 970}, {0xAC, 0x7B, 0x29, 0xFF}}},
	{{{-3686, 1789, -3962}, 0, {196, 970}, {0xAC, 0x7B, 0x29, 0xFF}}},
	{{{-3686, 1789, -4222}, 0, {196, 976}, {0xAC, 0x7B, 0x29, 0xFF}}},
	{{{-3686, 1789, -4222}, 0, {193, 976}, {0xAC, 0x7B, 0x29, 0xFF}}},
	{{{-3686, 1789, -3962}, 0, {193, 970}, {0xAC, 0x7B, 0x29, 0xFF}}},
	{{{-3715, 1789, -3962}, 0, {196, 970}, {0xAC, 0x7B, 0x29, 0xFF}}},
	{{{-3715, 1789, -4222}, 0, {196, 976}, {0xAC, 0x7B, 0x29, 0xFF}}},
	{{{-3715, 1774, -4222}, 0, {193, 976}, {0xAC, 0x7B, 0x29, 0xFF}}},
	{{{-3715, 1774, -3962}, 0, {193, 970}, {0xAC, 0x7B, 0x29, 0xFF}}},
	{{{-3686, 1746, -3962}, 0, {196, 970}, {0xAC, 0x7B, 0x29, 0xFF}}},
	{{{-3686, 1746, -4222}, 0, {196, 976}, {0xAC, 0x7B, 0x29, 0xFF}}},
	{{{-3686, 1746, -4222}, 0, {193, 976}, {0xAC, 0x7B, 0x29, 0xFF}}},
	{{{-3686, 1746, -3962}, 0, {193, 970}, {0xAC, 0x7B, 0x29, 0xFF}}},
	{{{-3715, 1746, -3962}, 0, {196, 970}, {0xAC, 0x7B, 0x29, 0xFF}}},
	{{{-3715, 1746, -4222}, 0, {196, 976}, {0xAC, 0x7B, 0x29, 0xFF}}},
	{{{-3715, 1730, -4222}, 0, {193, 976}, {0xAC, 0x7B, 0x29, 0xFF}}},
	{{{-3715, 1730, -3962}, 0, {193, 970}, {0xAC, 0x7B, 0x29, 0xFF}}},
	{{{-3686, 1702, -3962}, 0, {196, 970}, {0xAC, 0x7B, 0x29, 0xFF}}},
	{{{-3686, 1702, -4222}, 0, {196, 976}, {0xAC, 0x7B, 0x29, 0xFF}}},
	{{{-3686, 1702, -4222}, 0, {193, 976}, {0xAC, 0x7B, 0x29, 0xFF}}},
	{{{-3686, 1702, -3962}, 0, {193, 970}, {0xAC, 0x7B, 0x29, 0xFF}}},
	{{{-3715, 1702, -3962}, 0, {196, 970}, {0xAC, 0x7B, 0x29, 0xFF}}},
	{{{-3715, 1702, -4222}, 0, {196, 976}, {0xAC, 0x7B, 0x29, 0xFF}}},
	{{{-3715, 1688, -4222}, 0, {193, 976}, {0xAC, 0x7B, 0x29, 0xFF}}},
	{{{-3715, 1688, -3962}, 0, {193, 970}, {0xAC, 0x7B, 0x29, 0xFF}}},
	{{{-3686, 1661, -3962}, 0, {196, 970}, {0xAC, 0x7B, 0x29, 0xFF}}},
	{{{-3686, 1661, -4222}, 0, {196, 976}, {0xAC, 0x7B, 0x29, 0xFF}}},
	{{{-3686, 1661, -4222}, 0, {193, 976}, {0xAC, 0x7B, 0x29, 0xFF}}},
	{{{-3686, 1661, -3962}, 0, {193, 970}, {0xAC, 0x7B, 0x29, 0xFF}}},
	{{{-3715, 1661, -3962}, 0, {196, 970}, {0xAC, 0x7B, 0x29, 0xFF}}},
	{{{-3715, 1661, -4222}, 0, {196, 976}, {0xAC, 0x7B, 0x29, 0xFF}}},
	{{{-3715, 1644, -4222}, 0, {193, 976}, {0xAC, 0x7B, 0x29, 0xFF}}},
	{{{-3715, 1644, -3962}, 0, {193, 970}, {0xAC, 0x7B, 0x29, 0xFF}}},
	{{{-3686, 1617, -3962}, 0, {196, 970}, {0xAC, 0x7B, 0x29, 0xFF}}},
	{{{-3686, 1617, -4222}, 0, {196, 976}, {0xAC, 0x7B, 0x29, 0xFF}}},
	{{{-3686, 1617, -4222}, 0, {193, 976}, {0xAC, 0x7B, 0x29, 0xFF}}},
	{{{-3686, 1617, -3962}, 0, {193, 970}, {0xAC, 0x7B, 0x29, 0xFF}}},
	{{{-3715, 1617, -3962}, 0, {196, 970}, {0xAC, 0x7B, 0x29, 0xFF}}},
	{{{-3715, 1617, -4222}, 0, {196, 976}, {0xAC, 0x7B, 0x29, 0xFF}}},
	{{{-3715, 1600, -4222}, 0, {193, 976}, {0xAC, 0x7B, 0x29, 0xFF}}},
	{{{-3715, 1600, -3962}, 0, {193, 970}, {0xAC, 0x7B, 0x29, 0xFF}}},
	{{{-3686, 1573, -3962}, 0, {196, 970}, {0xAC, 0x7B, 0x29, 0xFF}}},
	{{{-3686, 1573, -4222}, 0, {196, 976}, {0xAC, 0x7B, 0x29, 0xFF}}},
	{{{-3686, 1573, -4222}, 0, {193, 976}, {0xAC, 0x7B, 0x29, 0xFF}}},
	{{{-3686, 1573, -3962}, 0, {193, 970}, {0xAC, 0x7B, 0x29, 0xFF}}},
	{{{-3715, 1573, -3962}, 0, {196, 970}, {0xAC, 0x7B, 0x29, 0xFF}}},
	{{{-3715, 1573, -4222}, 0, {196, 976}, {0xAC, 0x7B, 0x29, 0xFF}}},
	{{{-3715, 1557, -4222}, 0, {193, 976}, {0xAC, 0x7B, 0x29, 0xFF}}},
	{{{-3715, 1557, -3962}, 0, {193, 970}, {0xAC, 0x7B, 0x29, 0xFF}}},
	{{{-3686, 1529, -3962}, 0, {196, 970}, {0xAC, 0x7B, 0x29, 0xFF}}},
	{{{-3686, 1529, -4222}, 0, {196, 976}, {0xAC, 0x7B, 0x29, 0xFF}}},
	{{{-3686, 1529, -4222}, 0, {193, 976}, {0xAC, 0x7B, 0x29, 0xFF}}},
	{{{-3686, 1529, -3962}, 0, {193, 970}, {0xAC, 0x7B, 0x29, 0xFF}}},
	{{{-3715, 1529, -3962}, 0, {196, 970}, {0xAC, 0x7B, 0x29, 0xFF}}},
	{{{-3715, 1529, -4222}, 0, {196, 976}, {0xAC, 0x7B, 0x29, 0xFF}}},
	{{{-3715, 1514, -4222}, 0, {193, 976}, {0xAC, 0x7B, 0x29, 0xFF}}},
	{{{-3715, 1514, -3962}, 0, {193, 970}, {0xAC, 0x7B, 0x29, 0xFF}}},
	{{{-3686, 1487, -3962}, 0, {196, 970}, {0xAC, 0x7B, 0x29, 0xFF}}},
	{{{-3686, 1487, -4222}, 0, {196, 976}, {0xAC, 0x7B, 0x29, 0xFF}}},
	{{{-3686, 1487, -4222}, 0, {193, 976}, {0xAC, 0x7B, 0x29, 0xFF}}},
	{{{-3686, 1487, -3962}, 0, {193, 970}, {0xAC, 0x7B, 0x29, 0xFF}}},
	{{{-3715, 1487, -3962}, 0, {196, 970}, {0xAC, 0x7B, 0x29, 0xFF}}},
	{{{-3715, 1487, -4222}, 0, {196, 976}, {0xAC, 0x7B, 0x29, 0xFF}}},
	{{{-3715, 1470, -4222}, 0, {193, 976}, {0xAC, 0x7B, 0x29, 0xFF}}},
	{{{-3715, 1470, -3962}, 0, {193, 970}, {0xAC, 0x7B, 0x29, 0xFF}}},
	{{{-3686, 1443, -3962}, 0, {196, 970}, {0xAC, 0x7B, 0x29, 0xFF}}},
	{{{-3686, 1443, -4222}, 0, {196, 976}, {0xAC, 0x7B, 0x29, 0xFF}}},
	{{{-3686, 1443, -4222}, 0, {193, 976}, {0xAC, 0x7B, 0x29, 0xFF}}},
	{{{-3686, 1443, -3962}, 0, {193, 970}, {0xAC, 0x7B, 0x29, 0xFF}}},
	{{{-3715, 1443, -3962}, 0, {196, 970}, {0xAC, 0x7B, 0x29, 0xFF}}},
	{{{-3715, 1443, -4222}, 0, {196, 976}, {0xAC, 0x7B, 0x29, 0xFF}}},
	{{{-3715, 1431, -4222}, 0, {193, 976}, {0xAC, 0x7B, 0x29, 0xFF}}},
	{{{-3715, 1431, -3962}, 0, {193, 970}, {0xAC, 0x7B, 0x29, 0xFF}}},
	{{{-3686, 1404, -3962}, 0, {196, 970}, {0xAC, 0x7B, 0x29, 0xFF}}},
	{{{-3686, 1404, -4222}, 0, {196, 976}, {0xAC, 0x7B, 0x29, 0xFF}}},
	{{{-3686, 1404, -4222}, 0, {193, 976}, {0xAC, 0x7B, 0x29, 0xFF}}},
	{{{-3686, 1404, -3962}, 0, {193, 970}, {0xAC, 0x7B, 0x29, 0xFF}}},
	{{{-3715, 1404, -3962}, 0, {196, 970}, {0xAC, 0x7B, 0x29, 0xFF}}},
	{{{-3715, 1404, -4222}, 0, {196, 976}, {0xAC, 0x7B, 0x29, 0xFF}}},
	{{{-4503, 1884, 4080}, 0, {193, 976}, {0xAC, 0x7B, 0x29, 0xFF}}},
	{{{-4493, 1884, 4093}, 0, {193, 970}, {0xAC, 0x7B, 0x29, 0xFF}}},
	{{{-4493, 1616, 4093}, 0, {196, 970}, {0xAC, 0x7B, 0x29, 0xFF}}},
	{{{-4503, 1616, 4080}, 0, {196, 976}, {0xAC, 0x7B, 0x29, 0xFF}}},
	{{{-4503, 1390, 4080}, 0, {193, 976}, {0xAC, 0x7B, 0x29, 0xFF}}},
	{{{-4503, 1616, 4080}, 0, {193, 970}, {0xAC, 0x7B, 0x29, 0xFF}}},
	{{{-4493, 1390, 4093}, 0, {196, 976}, {0xAC, 0x7B, 0x29, 0xFF}}},
	{{{-4512, 1390, 4093}, 0, {193, 976}, {0xAC, 0x7B, 0x29, 0xFF}}},
	{{{-4512, 1616, 4093}, 0, {193, 970}, {0xAC, 0x7B, 0x29, 0xFF}}},
	{{{-4503, 1616, 4080}, 0, {196, 970}, {0xAC, 0x7B, 0x29, 0xFF}}},
	{{{-4503, 1390, 4080}, 0, {196, 976}, {0xAC, 0x7B, 0x29, 0xFF}}},
	{{{-4512, 1884, 4093}, 0, {193, 976}, {0xAC, 0x7B, 0x29, 0xFF}}},
	{{{-4503, 1884, 4080}, 0, {193, 970}, {0xAC, 0x7B, 0x29, 0xFF}}},
	{{{-4512, 1616, 4093}, 0, {196, 976}, {0xAC, 0x7B, 0x29, 0xFF}}},
	{{{-4503, 1884, 4107}, 0, {193, 976}, {0xAC, 0x7B, 0x29, 0xFF}}},
	{{{-4503, 1616, 4107}, 0, {193, 970}, {0xAC, 0x7B, 0x29, 0xFF}}},
	{{{-4493, 1884, 4093}, 0, {196, 976}, {0xAC, 0x7B, 0x29, 0xFF}}},
	{{{-4503, 1390, 4107}, 0, {193, 970}, {0xAC, 0x7B, 0x29, 0xFF}}},
	{{{-4503, 1616, 4107}, 0, {196, 970}, {0xAC, 0x7B, 0x29, 0xFF}}},
	{{{-4503, 1884, 4107}, 0, {196, 976}, {0xAC, 0x7B, 0x29, 0xFF}}},
	{{{-4503, 1390, 4107}, 0, {193, 976}, {0xAC, 0x7B, 0x29, 0xFF}}},
	{{{-4493, 1390, 4093}, 0, {193, 970}, {0xAC, 0x7B, 0x29, 0xFF}}},
	{{{-4503, 1616, 4107}, 0, {196, 976}, {0xAC, 0x7B, 0x29, 0xFF}}},
	{{{-4470, 1816, 3964}, 0, {193, 976}, {0xAC, 0x7B, 0x29, 0xFF}}},
	{{{-4499, 1789, 3964}, 0, {193, 970}, {0xAC, 0x7B, 0x29, 0xFF}}},
	{{{-4499, 1789, 4223}, 0, {196, 970}, {0xAC, 0x7B, 0x29, 0xFF}}},
	{{{-4470, 1816, 4223}, 0, {196, 976}, {0xAC, 0x7B, 0x29, 0xFF}}},
	{{{-4499, 1789, 3964}, 0, {193, 976}, {0xAC, 0x7B, 0x29, 0xFF}}},
	{{{-4470, 1789, 3964}, 0, {193, 970}, {0xAC, 0x7B, 0x29, 0xFF}}},
	{{{-4470, 1789, 4223}, 0, {196, 970}, {0xAC, 0x7B, 0x29, 0xFF}}},
	{{{-4499, 1789, 4223}, 0, {196, 976}, {0xAC, 0x7B, 0x29, 0xFF}}},
	{{{-4470, 1774, 3964}, 0, {193, 976}, {0xAC, 0x7B, 0x29, 0xFF}}},
	{{{-4499, 1746, 3964}, 0, {193, 970}, {0xAC, 0x7B, 0x29, 0xFF}}},
	{{{-4499, 1746, 4223}, 0, {196, 970}, {0xAC, 0x7B, 0x29, 0xFF}}},
	{{{-4470, 1774, 4223}, 0, {196, 976}, {0xAC, 0x7B, 0x29, 0xFF}}},
	{{{-4499, 1746, 3964}, 0, {193, 976}, {0xAC, 0x7B, 0x29, 0xFF}}},
	{{{-4470, 1746, 3964}, 0, {193, 970}, {0xAC, 0x7B, 0x29, 0xFF}}},
	{{{-4470, 1746, 4223}, 0, {196, 970}, {0xAC, 0x7B, 0x29, 0xFF}}},
	{{{-4499, 1746, 4223}, 0, {196, 976}, {0xAC, 0x7B, 0x29, 0xFF}}},
	{{{-4470, 1730, 3964}, 0, {193, 976}, {0xAC, 0x7B, 0x29, 0xFF}}},
	{{{-4499, 1702, 3964}, 0, {193, 970}, {0xAC, 0x7B, 0x29, 0xFF}}},
	{{{-4499, 1702, 4223}, 0, {196, 970}, {0xAC, 0x7B, 0x29, 0xFF}}},
	{{{-4470, 1730, 4223}, 0, {196, 976}, {0xAC, 0x7B, 0x29, 0xFF}}},
	{{{-4499, 1702, 3964}, 0, {193, 976}, {0xAC, 0x7B, 0x29, 0xFF}}},
	{{{-4470, 1702, 3964}, 0, {193, 970}, {0xAC, 0x7B, 0x29, 0xFF}}},
	{{{-4470, 1702, 4223}, 0, {196, 970}, {0xAC, 0x7B, 0x29, 0xFF}}},
	{{{-4499, 1702, 4223}, 0, {196, 976}, {0xAC, 0x7B, 0x29, 0xFF}}},
	{{{-4470, 1688, 3964}, 0, {193, 976}, {0xAC, 0x7B, 0x29, 0xFF}}},
	{{{-4499, 1661, 3964}, 0, {193, 970}, {0xAC, 0x7B, 0x29, 0xFF}}},
	{{{-4499, 1661, 4223}, 0, {196, 970}, {0xAC, 0x7B, 0x29, 0xFF}}},
	{{{-4470, 1688, 4223}, 0, {196, 976}, {0xAC, 0x7B, 0x29, 0xFF}}},
	{{{-4499, 1661, 3964}, 0, {193, 976}, {0xAC, 0x7B, 0x29, 0xFF}}},
	{{{-4470, 1661, 3964}, 0, {193, 970}, {0xAC, 0x7B, 0x29, 0xFF}}},
	{{{-4470, 1661, 4223}, 0, {196, 970}, {0xAC, 0x7B, 0x29, 0xFF}}},
	{{{-4499, 1661, 4223}, 0, {196, 976}, {0xAC, 0x7B, 0x29, 0xFF}}},
	{{{-4470, 1644, 3964}, 0, {193, 976}, {0xAC, 0x7B, 0x29, 0xFF}}},
	{{{-4499, 1617, 3964}, 0, {193, 970}, {0xAC, 0x7B, 0x29, 0xFF}}},
	{{{-4499, 1617, 4223}, 0, {196, 970}, {0xAC, 0x7B, 0x29, 0xFF}}},
	{{{-4470, 1644, 4223}, 0, {196, 976}, {0xAC, 0x7B, 0x29, 0xFF}}},
	{{{-4499, 1617, 3964}, 0, {193, 976}, {0xAC, 0x7B, 0x29, 0xFF}}},
	{{{-4470, 1617, 3964}, 0, {193, 970}, {0xAC, 0x7B, 0x29, 0xFF}}},
	{{{-4470, 1617, 4223}, 0, {196, 970}, {0xAC, 0x7B, 0x29, 0xFF}}},
	{{{-4499, 1617, 4223}, 0, {196, 976}, {0xAC, 0x7B, 0x29, 0xFF}}},
	{{{-4470, 1600, 3964}, 0, {193, 976}, {0xAC, 0x7B, 0x29, 0xFF}}},
	{{{-4499, 1573, 3964}, 0, {193, 970}, {0xAC, 0x7B, 0x29, 0xFF}}},
	{{{-4499, 1573, 4223}, 0, {196, 970}, {0xAC, 0x7B, 0x29, 0xFF}}},
	{{{-4470, 1600, 4223}, 0, {196, 976}, {0xAC, 0x7B, 0x29, 0xFF}}},
	{{{-4499, 1573, 3964}, 0, {193, 976}, {0xAC, 0x7B, 0x29, 0xFF}}},
	{{{-4470, 1573, 3964}, 0, {193, 970}, {0xAC, 0x7B, 0x29, 0xFF}}},
	{{{-4470, 1573, 4223}, 0, {196, 970}, {0xAC, 0x7B, 0x29, 0xFF}}},
	{{{-4499, 1573, 4223}, 0, {196, 976}, {0xAC, 0x7B, 0x29, 0xFF}}},
	{{{-4470, 1557, 3964}, 0, {193, 976}, {0xAC, 0x7B, 0x29, 0xFF}}},
	{{{-4499, 1529, 3964}, 0, {193, 970}, {0xAC, 0x7B, 0x29, 0xFF}}},
	{{{-4499, 1529, 4223}, 0, {196, 970}, {0xAC, 0x7B, 0x29, 0xFF}}},
	{{{-4470, 1557, 4223}, 0, {196, 976}, {0xAC, 0x7B, 0x29, 0xFF}}},
	{{{-4499, 1529, 3964}, 0, {193, 976}, {0xAC, 0x7B, 0x29, 0xFF}}},
	{{{-4470, 1529, 3964}, 0, {193, 970}, {0xAC, 0x7B, 0x29, 0xFF}}},
	{{{-4470, 1529, 4223}, 0, {196, 970}, {0xAC, 0x7B, 0x29, 0xFF}}},
	{{{-4499, 1529, 4223}, 0, {196, 976}, {0xAC, 0x7B, 0x29, 0xFF}}},
	{{{-4470, 1514, 3964}, 0, {193, 976}, {0xAC, 0x7B, 0x29, 0xFF}}},
	{{{-4499, 1487, 3964}, 0, {193, 970}, {0xAC, 0x7B, 0x29, 0xFF}}},
	{{{-4499, 1487, 4223}, 0, {196, 970}, {0xAC, 0x7B, 0x29, 0xFF}}},
	{{{-4470, 1514, 4223}, 0, {196, 976}, {0xAC, 0x7B, 0x29, 0xFF}}},
	{{{-4499, 1487, 3964}, 0, {193, 976}, {0xAC, 0x7B, 0x29, 0xFF}}},
	{{{-4470, 1487, 3964}, 0, {193, 970}, {0xAC, 0x7B, 0x29, 0xFF}}},
	{{{-4470, 1487, 4223}, 0, {196, 970}, {0xAC, 0x7B, 0x29, 0xFF}}},
	{{{-4499, 1487, 4223}, 0, {196, 976}, {0xAC, 0x7B, 0x29, 0xFF}}},
	{{{-4470, 1470, 3964}, 0, {193, 976}, {0xAC, 0x7B, 0x29, 0xFF}}},
	{{{-4499, 1443, 3964}, 0, {193, 970}, {0xAC, 0x7B, 0x29, 0xFF}}},
	{{{-4499, 1443, 4223}, 0, {196, 970}, {0xAC, 0x7B, 0x29, 0xFF}}},
	{{{-4470, 1470, 4223}, 0, {196, 976}, {0xAC, 0x7B, 0x29, 0xFF}}},
	{{{-4499, 1443, 3964}, 0, {193, 976}, {0xAC, 0x7B, 0x29, 0xFF}}},
	{{{-4470, 1443, 3964}, 0, {193, 970}, {0xAC, 0x7B, 0x29, 0xFF}}},
	{{{-4470, 1443, 4223}, 0, {196, 970}, {0xAC, 0x7B, 0x29, 0xFF}}},
	{{{-4499, 1443, 4223}, 0, {196, 976}, {0xAC, 0x7B, 0x29, 0xFF}}},
	{{{-4470, 1431, 3964}, 0, {193, 976}, {0xAC, 0x7B, 0x29, 0xFF}}},
	{{{-4499, 1404, 3964}, 0, {193, 970}, {0xAC, 0x7B, 0x29, 0xFF}}},
	{{{-4499, 1404, 4223}, 0, {196, 970}, {0xAC, 0x7B, 0x29, 0xFF}}},
	{{{-4470, 1431, 4223}, 0, {196, 976}, {0xAC, 0x7B, 0x29, 0xFF}}},
	{{{-4499, 1404, 3964}, 0, {193, 976}, {0xAC, 0x7B, 0x29, 0xFF}}},
	{{{-4470, 1404, 3964}, 0, {193, 970}, {0xAC, 0x7B, 0x29, 0xFF}}},
	{{{-4470, 1404, 4223}, 0, {196, 970}, {0xAC, 0x7B, 0x29, 0xFF}}},
	{{{-4499, 1404, 4223}, 0, {196, 976}, {0xAC, 0x7B, 0x29, 0xFF}}},
	{{{-3681, 1884, 4080}, 0, {193, 976}, {0xAC, 0x7B, 0x29, 0xFF}}},
	{{{-3681, 1616, 4080}, 0, {193, 970}, {0xAC, 0x7B, 0x29, 0xFF}}},
	{{{-3691, 1616, 4093}, 0, {196, 970}, {0xAC, 0x7B, 0x29, 0xFF}}},
	{{{-3691, 1884, 4093}, 0, {196, 976}, {0xAC, 0x7B, 0x29, 0xFF}}},
	{{{-3681, 1390, 4080}, 0, {193, 976}, {0xAC, 0x7B, 0x29, 0xFF}}},
	{{{-3691, 1390, 4093}, 0, {193, 970}, {0xAC, 0x7B, 0x29, 0xFF}}},
	{{{-3681, 1616, 4080}, 0, {196, 976}, {0xAC, 0x7B, 0x29, 0xFF}}},
	{{{-3672, 1390, 4093}, 0, {193, 976}, {0xAC, 0x7B, 0x29, 0xFF}}},
	{{{-3681, 1390, 4080}, 0, {193, 970}, {0xAC, 0x7B, 0x29, 0xFF}}},
	{{{-3681, 1616, 4080}, 0, {196, 970}, {0xAC, 0x7B, 0x29, 0xFF}}},
	{{{-3672, 1616, 4093}, 0, {196, 976}, {0xAC, 0x7B, 0x29, 0xFF}}},
	{{{-3672, 1884, 4093}, 0, {193, 976}, {0xAC, 0x7B, 0x29, 0xFF}}},
	{{{-3672, 1616, 4093}, 0, {193, 970}, {0xAC, 0x7B, 0x29, 0xFF}}},
	{{{-3681, 1884, 4080}, 0, {196, 976}, {0xAC, 0x7B, 0x29, 0xFF}}},
	{{{-3681, 1884, 4107}, 0, {193, 976}, {0xAC, 0x7B, 0x29, 0xFF}}},
	{{{-3691, 1884, 4093}, 0, {193, 970}, {0xAC, 0x7B, 0x29, 0xFF}}},
	{{{-3681, 1616, 4107}, 0, {196, 976}, {0xAC, 0x7B, 0x29, 0xFF}}},
	{{{-3681, 1616, 4107}, 0, {196, 970}, {0xAC, 0x7B, 0x29, 0xFF}}},
	{{{-3681, 1390, 4107}, 0, {196, 976}, {0xAC, 0x7B, 0x29, 0xFF}}},
	{{{-3681, 1884, 4107}, 0, {193, 970}, {0xAC, 0x7B, 0x29, 0xFF}}},
	{{{-3681, 1390, 4107}, 0, {193, 976}, {0xAC, 0x7B, 0x29, 0xFF}}},
	{{{-3681, 1616, 4107}, 0, {193, 970}, {0xAC, 0x7B, 0x29, 0xFF}}},
	{{{-3691, 1390, 4093}, 0, {196, 976}, {0xAC, 0x7B, 0x29, 0xFF}}},
	{{{-3713, 1816, 3964}, 0, {193, 976}, {0xAC, 0x7B, 0x29, 0xFF}}},
	{{{-3713, 1816, 4223}, 0, {193, 970}, {0xAC, 0x7B, 0x29, 0xFF}}},
	{{{-3684, 1789, 4223}, 0, {196, 970}, {0xAC, 0x7B, 0x29, 0xFF}}},
	{{{-3684, 1789, 3964}, 0, {196, 976}, {0xAC, 0x7B, 0x29, 0xFF}}},
	{{{-3684, 1789, 3964}, 0, {193, 976}, {0xAC, 0x7B, 0x29, 0xFF}}},
	{{{-3684, 1789, 4223}, 0, {193, 970}, {0xAC, 0x7B, 0x29, 0xFF}}},
	{{{-3713, 1789, 4223}, 0, {196, 970}, {0xAC, 0x7B, 0x29, 0xFF}}},
	{{{-3713, 1789, 3964}, 0, {196, 976}, {0xAC, 0x7B, 0x29, 0xFF}}},
	{{{-3713, 1774, 3964}, 0, {193, 976}, {0xAC, 0x7B, 0x29, 0xFF}}},
	{{{-3713, 1774, 4223}, 0, {193, 970}, {0xAC, 0x7B, 0x29, 0xFF}}},
	{{{-3684, 1746, 4223}, 0, {196, 970}, {0xAC, 0x7B, 0x29, 0xFF}}},
	{{{-3684, 1746, 3964}, 0, {196, 976}, {0xAC, 0x7B, 0x29, 0xFF}}},
	{{{-3684, 1746, 3964}, 0, {193, 976}, {0xAC, 0x7B, 0x29, 0xFF}}},
	{{{-3684, 1746, 4223}, 0, {193, 970}, {0xAC, 0x7B, 0x29, 0xFF}}},
	{{{-3713, 1746, 4223}, 0, {196, 970}, {0xAC, 0x7B, 0x29, 0xFF}}},
	{{{-3713, 1746, 3964}, 0, {196, 976}, {0xAC, 0x7B, 0x29, 0xFF}}},
	{{{-3713, 1730, 3964}, 0, {193, 976}, {0xAC, 0x7B, 0x29, 0xFF}}},
	{{{-3713, 1730, 4223}, 0, {193, 970}, {0xAC, 0x7B, 0x29, 0xFF}}},
	{{{-3684, 1702, 4223}, 0, {196, 970}, {0xAC, 0x7B, 0x29, 0xFF}}},
	{{{-3684, 1702, 3964}, 0, {196, 976}, {0xAC, 0x7B, 0x29, 0xFF}}},
	{{{-3684, 1702, 3964}, 0, {193, 976}, {0xAC, 0x7B, 0x29, 0xFF}}},
	{{{-3684, 1702, 4223}, 0, {193, 970}, {0xAC, 0x7B, 0x29, 0xFF}}},
	{{{-3713, 1702, 4223}, 0, {196, 970}, {0xAC, 0x7B, 0x29, 0xFF}}},
	{{{-3713, 1702, 3964}, 0, {196, 976}, {0xAC, 0x7B, 0x29, 0xFF}}},
	{{{-3713, 1688, 3964}, 0, {193, 976}, {0xAC, 0x7B, 0x29, 0xFF}}},
	{{{-3713, 1688, 4223}, 0, {193, 970}, {0xAC, 0x7B, 0x29, 0xFF}}},
	{{{-3684, 1661, 4223}, 0, {196, 970}, {0xAC, 0x7B, 0x29, 0xFF}}},
	{{{-3684, 1661, 3964}, 0, {196, 976}, {0xAC, 0x7B, 0x29, 0xFF}}},
	{{{-3684, 1661, 3964}, 0, {193, 976}, {0xAC, 0x7B, 0x29, 0xFF}}},
	{{{-3684, 1661, 4223}, 0, {193, 970}, {0xAC, 0x7B, 0x29, 0xFF}}},
	{{{-3713, 1661, 4223}, 0, {196, 970}, {0xAC, 0x7B, 0x29, 0xFF}}},
	{{{-3713, 1661, 3964}, 0, {196, 976}, {0xAC, 0x7B, 0x29, 0xFF}}},
	{{{-3713, 1644, 3964}, 0, {193, 976}, {0xAC, 0x7B, 0x29, 0xFF}}},
	{{{-3713, 1644, 4223}, 0, {193, 970}, {0xAC, 0x7B, 0x29, 0xFF}}},
	{{{-3684, 1617, 4223}, 0, {196, 970}, {0xAC, 0x7B, 0x29, 0xFF}}},
	{{{-3684, 1617, 3964}, 0, {196, 976}, {0xAC, 0x7B, 0x29, 0xFF}}},
	{{{-3684, 1617, 3964}, 0, {193, 976}, {0xAC, 0x7B, 0x29, 0xFF}}},
	{{{-3684, 1617, 4223}, 0, {193, 970}, {0xAC, 0x7B, 0x29, 0xFF}}},
	{{{-3713, 1617, 4223}, 0, {196, 970}, {0xAC, 0x7B, 0x29, 0xFF}}},
	{{{-3713, 1617, 3964}, 0, {196, 976}, {0xAC, 0x7B, 0x29, 0xFF}}},
	{{{-3713, 1600, 3964}, 0, {193, 976}, {0xAC, 0x7B, 0x29, 0xFF}}},
	{{{-3713, 1600, 4223}, 0, {193, 970}, {0xAC, 0x7B, 0x29, 0xFF}}},
	{{{-3684, 1573, 4223}, 0, {196, 970}, {0xAC, 0x7B, 0x29, 0xFF}}},
	{{{-3684, 1573, 3964}, 0, {196, 976}, {0xAC, 0x7B, 0x29, 0xFF}}},
	{{{-3684, 1573, 3964}, 0, {193, 976}, {0xAC, 0x7B, 0x29, 0xFF}}},
	{{{-3684, 1573, 4223}, 0, {193, 970}, {0xAC, 0x7B, 0x29, 0xFF}}},
	{{{-3713, 1573, 4223}, 0, {196, 970}, {0xAC, 0x7B, 0x29, 0xFF}}},
	{{{-3713, 1573, 3964}, 0, {196, 976}, {0xAC, 0x7B, 0x29, 0xFF}}},
	{{{-3713, 1557, 3964}, 0, {193, 976}, {0xAC, 0x7B, 0x29, 0xFF}}},
	{{{-3713, 1557, 4223}, 0, {193, 970}, {0xAC, 0x7B, 0x29, 0xFF}}},
	{{{-3684, 1529, 4223}, 0, {196, 970}, {0xAC, 0x7B, 0x29, 0xFF}}},
	{{{-3684, 1529, 3964}, 0, {196, 976}, {0xAC, 0x7B, 0x29, 0xFF}}},
	{{{-3684, 1529, 3964}, 0, {193, 976}, {0xAC, 0x7B, 0x29, 0xFF}}},
	{{{-3684, 1529, 4223}, 0, {193, 970}, {0xAC, 0x7B, 0x29, 0xFF}}},
	{{{-3713, 1529, 4223}, 0, {196, 970}, {0xAC, 0x7B, 0x29, 0xFF}}},
	{{{-3713, 1529, 3964}, 0, {196, 976}, {0xAC, 0x7B, 0x29, 0xFF}}},
	{{{-3713, 1514, 3964}, 0, {193, 976}, {0xAC, 0x7B, 0x29, 0xFF}}},
	{{{-3713, 1514, 4223}, 0, {193, 970}, {0xAC, 0x7B, 0x29, 0xFF}}},
	{{{-3684, 1487, 4223}, 0, {196, 970}, {0xAC, 0x7B, 0x29, 0xFF}}},
	{{{-3684, 1487, 3964}, 0, {196, 976}, {0xAC, 0x7B, 0x29, 0xFF}}},
	{{{-3684, 1487, 3964}, 0, {193, 976}, {0xAC, 0x7B, 0x29, 0xFF}}},
	{{{-3684, 1487, 4223}, 0, {193, 970}, {0xAC, 0x7B, 0x29, 0xFF}}},
	{{{-3713, 1487, 4223}, 0, {196, 970}, {0xAC, 0x7B, 0x29, 0xFF}}},
	{{{-3713, 1487, 3964}, 0, {196, 976}, {0xAC, 0x7B, 0x29, 0xFF}}},
	{{{-3713, 1470, 3964}, 0, {193, 976}, {0xAC, 0x7B, 0x29, 0xFF}}},
	{{{-3713, 1470, 4223}, 0, {193, 970}, {0xAC, 0x7B, 0x29, 0xFF}}},
	{{{-3684, 1443, 4223}, 0, {196, 970}, {0xAC, 0x7B, 0x29, 0xFF}}},
	{{{-3684, 1443, 3964}, 0, {196, 976}, {0xAC, 0x7B, 0x29, 0xFF}}},
	{{{-3684, 1443, 3964}, 0, {193, 976}, {0xAC, 0x7B, 0x29, 0xFF}}},
	{{{-3684, 1443, 4223}, 0, {193, 970}, {0xAC, 0x7B, 0x29, 0xFF}}},
	{{{-3713, 1443, 4223}, 0, {196, 970}, {0xAC, 0x7B, 0x29, 0xFF}}},
	{{{-3713, 1443, 3964}, 0, {196, 976}, {0xAC, 0x7B, 0x29, 0xFF}}},
	{{{-3713, 1431, 3964}, 0, {193, 976}, {0xAC, 0x7B, 0x29, 0xFF}}},
	{{{-3713, 1431, 4223}, 0, {193, 970}, {0xAC, 0x7B, 0x29, 0xFF}}},
	{{{-3684, 1404, 4223}, 0, {196, 970}, {0xAC, 0x7B, 0x29, 0xFF}}},
	{{{-3684, 1404, 3964}, 0, {196, 976}, {0xAC, 0x7B, 0x29, 0xFF}}},
	{{{-3684, 1404, 3964}, 0, {193, 976}, {0xAC, 0x7B, 0x29, 0xFF}}},
	{{{-3684, 1404, 4223}, 0, {193, 970}, {0xAC, 0x7B, 0x29, 0xFF}}},
	{{{-3713, 1404, 4223}, 0, {196, 970}, {0xAC, 0x7B, 0x29, 0xFF}}},
	{{{-3713, 1404, 3964}, 0, {196, 976}, {0xAC, 0x7B, 0x29, 0xFF}}},
	{{{-4105, 1884, 4504}, 0, {193, 976}, {0xAC, 0x7B, 0x29, 0xFF}}},
	{{{-4092, 1884, 4494}, 0, {193, 970}, {0xAC, 0x7B, 0x29, 0xFF}}},
	{{{-4092, 1616, 4494}, 0, {196, 970}, {0xAC, 0x7B, 0x29, 0xFF}}},
	{{{-4105, 1616, 4504}, 0, {196, 976}, {0xAC, 0x7B, 0x29, 0xFF}}},
	{{{-4105, 1390, 4504}, 0, {193, 976}, {0xAC, 0x7B, 0x29, 0xFF}}},
	{{{-4105, 1616, 4504}, 0, {193, 970}, {0xAC, 0x7B, 0x29, 0xFF}}},
	{{{-4092, 1390, 4494}, 0, {196, 976}, {0xAC, 0x7B, 0x29, 0xFF}}},
	{{{-4092, 1390, 4514}, 0, {193, 976}, {0xAC, 0x7B, 0x29, 0xFF}}},
	{{{-4092, 1616, 4514}, 0, {193, 970}, {0xAC, 0x7B, 0x29, 0xFF}}},
	{{{-4105, 1616, 4504}, 0, {196, 970}, {0xAC, 0x7B, 0x29, 0xFF}}},
	{{{-4105, 1390, 4504}, 0, {196, 976}, {0xAC, 0x7B, 0x29, 0xFF}}},
	{{{-4092, 1884, 4514}, 0, {193, 976}, {0xAC, 0x7B, 0x29, 0xFF}}},
	{{{-4105, 1884, 4504}, 0, {193, 970}, {0xAC, 0x7B, 0x29, 0xFF}}},
	{{{-4092, 1616, 4514}, 0, {196, 976}, {0xAC, 0x7B, 0x29, 0xFF}}},
	{{{-4078, 1884, 4504}, 0, {193, 976}, {0xAC, 0x7B, 0x29, 0xFF}}},
	{{{-4078, 1616, 4504}, 0, {193, 970}, {0xAC, 0x7B, 0x29, 0xFF}}},
	{{{-4078, 1884, 4504}, 0, {193, 976}, {0xAC, 0x7B, 0x29, 0xFF}}},
	{{{-4092, 1616, 4494}, 0, {196, 970}, {0xAC, 0x7B, 0x29, 0xFF}}},
	{{{-4092, 1884, 4494}, 0, {196, 976}, {0xAC, 0x7B, 0x29, 0xFF}}},
	{{{-4092, 1390, 4514}, 0, {193, 976}, {0xAC, 0x7B, 0x29, 0xFF}}},
	{{{-4078, 1390, 4504}, 0, {193, 970}, {0xAC, 0x7B, 0x29, 0xFF}}},
	{{{-4078, 1616, 4504}, 0, {196, 970}, {0xAC, 0x7B, 0x29, 0xFF}}},
	{{{-4092, 1616, 4514}, 0, {196, 976}, {0xAC, 0x7B, 0x29, 0xFF}}},
	{{{-4092, 1884, 4514}, 0, {193, 976}, {0xAC, 0x7B, 0x29, 0xFF}}},
	{{{-4092, 1616, 4514}, 0, {193, 970}, {0xAC, 0x7B, 0x29, 0xFF}}},
	{{{-4078, 1884, 4504}, 0, {196, 976}, {0xAC, 0x7B, 0x29, 0xFF}}},
	{{{-4078, 1390, 4504}, 0, {193, 976}, {0xAC, 0x7B, 0x29, 0xFF}}},
	{{{-4092, 1390, 4494}, 0, {193, 970}, {0xAC, 0x7B, 0x29, 0xFF}}},
	{{{-4078, 1616, 4504}, 0, {196, 976}, {0xAC, 0x7B, 0x29, 0xFF}}},
	{{{-4222, 1816, 4472}, 0, {193, 976}, {0xAC, 0x7B, 0x29, 0xFF}}},
	{{{-4222, 1789, 4501}, 0, {193, 970}, {0xAC, 0x7B, 0x29, 0xFF}}},
	{{{-3962, 1789, 4501}, 0, {196, 970}, {0xAC, 0x7B, 0x29, 0xFF}}},
	{{{-3962, 1816, 4472}, 0, {196, 976}, {0xAC, 0x7B, 0x29, 0xFF}}},
	{{{-4222, 1789, 4501}, 0, {193, 976}, {0xAC, 0x7B, 0x29, 0xFF}}},
	{{{-4222, 1789, 4472}, 0, {193, 970}, {0xAC, 0x7B, 0x29, 0xFF}}},
	{{{-3962, 1789, 4472}, 0, {196, 970}, {0xAC, 0x7B, 0x29, 0xFF}}},
	{{{-3962, 1789, 4501}, 0, {196, 976}, {0xAC, 0x7B, 0x29, 0xFF}}},
	{{{-4222, 1774, 4472}, 0, {193, 976}, {0xAC, 0x7B, 0x29, 0xFF}}},
	{{{-4222, 1746, 4501}, 0, {193, 970}, {0xAC, 0x7B, 0x29, 0xFF}}},
	{{{-3962, 1746, 4501}, 0, {196, 970}, {0xAC, 0x7B, 0x29, 0xFF}}},
	{{{-3962, 1774, 4472}, 0, {196, 976}, {0xAC, 0x7B, 0x29, 0xFF}}},
	{{{-4222, 1746, 4501}, 0, {193, 976}, {0xAC, 0x7B, 0x29, 0xFF}}},
	{{{-4222, 1746, 4472}, 0, {193, 970}, {0xAC, 0x7B, 0x29, 0xFF}}},
	{{{-3962, 1746, 4472}, 0, {196, 970}, {0xAC, 0x7B, 0x29, 0xFF}}},
	{{{-3962, 1746, 4501}, 0, {196, 976}, {0xAC, 0x7B, 0x29, 0xFF}}},
	{{{-4222, 1730, 4472}, 0, {193, 976}, {0xAC, 0x7B, 0x29, 0xFF}}},
	{{{-4222, 1702, 4501}, 0, {193, 970}, {0xAC, 0x7B, 0x29, 0xFF}}},
	{{{-3962, 1702, 4501}, 0, {196, 970}, {0xAC, 0x7B, 0x29, 0xFF}}},
	{{{-3962, 1730, 4472}, 0, {196, 976}, {0xAC, 0x7B, 0x29, 0xFF}}},
	{{{-4222, 1702, 4501}, 0, {193, 976}, {0xAC, 0x7B, 0x29, 0xFF}}},
	{{{-4222, 1702, 4472}, 0, {193, 970}, {0xAC, 0x7B, 0x29, 0xFF}}},
	{{{-3962, 1702, 4472}, 0, {196, 970}, {0xAC, 0x7B, 0x29, 0xFF}}},
	{{{-3962, 1702, 4501}, 0, {196, 976}, {0xAC, 0x7B, 0x29, 0xFF}}},
	{{{-4222, 1688, 4472}, 0, {193, 976}, {0xAC, 0x7B, 0x29, 0xFF}}},
	{{{-4222, 1661, 4501}, 0, {193, 970}, {0xAC, 0x7B, 0x29, 0xFF}}},
	{{{-3962, 1661, 4501}, 0, {196, 970}, {0xAC, 0x7B, 0x29, 0xFF}}},
	{{{-3962, 1688, 4472}, 0, {196, 976}, {0xAC, 0x7B, 0x29, 0xFF}}},
	{{{-4222, 1661, 4501}, 0, {193, 976}, {0xAC, 0x7B, 0x29, 0xFF}}},
	{{{-4222, 1661, 4472}, 0, {193, 970}, {0xAC, 0x7B, 0x29, 0xFF}}},
	{{{-3962, 1661, 4472}, 0, {196, 970}, {0xAC, 0x7B, 0x29, 0xFF}}},
	{{{-3962, 1661, 4501}, 0, {196, 976}, {0xAC, 0x7B, 0x29, 0xFF}}},
	{{{-4222, 1644, 4472}, 0, {193, 976}, {0xAC, 0x7B, 0x29, 0xFF}}},
	{{{-4222, 1617, 4501}, 0, {193, 970}, {0xAC, 0x7B, 0x29, 0xFF}}},
	{{{-3962, 1617, 4501}, 0, {196, 970}, {0xAC, 0x7B, 0x29, 0xFF}}},
	{{{-3962, 1644, 4472}, 0, {196, 976}, {0xAC, 0x7B, 0x29, 0xFF}}},
	{{{-4222, 1617, 4501}, 0, {193, 976}, {0xAC, 0x7B, 0x29, 0xFF}}},
	{{{-4222, 1617, 4472}, 0, {193, 970}, {0xAC, 0x7B, 0x29, 0xFF}}},
	{{{-3962, 1617, 4472}, 0, {196, 970}, {0xAC, 0x7B, 0x29, 0xFF}}},
	{{{-3962, 1617, 4501}, 0, {196, 976}, {0xAC, 0x7B, 0x29, 0xFF}}},
	{{{-4222, 1600, 4472}, 0, {193, 976}, {0xAC, 0x7B, 0x29, 0xFF}}},
	{{{-4222, 1573, 4501}, 0, {193, 970}, {0xAC, 0x7B, 0x29, 0xFF}}},
	{{{-3962, 1573, 4501}, 0, {196, 970}, {0xAC, 0x7B, 0x29, 0xFF}}},
	{{{-3962, 1600, 4472}, 0, {196, 976}, {0xAC, 0x7B, 0x29, 0xFF}}},
	{{{-4222, 1573, 4501}, 0, {193, 976}, {0xAC, 0x7B, 0x29, 0xFF}}},
	{{{-4222, 1573, 4472}, 0, {193, 970}, {0xAC, 0x7B, 0x29, 0xFF}}},
	{{{-3962, 1573, 4472}, 0, {196, 970}, {0xAC, 0x7B, 0x29, 0xFF}}},
	{{{-3962, 1573, 4501}, 0, {196, 976}, {0xAC, 0x7B, 0x29, 0xFF}}},
	{{{-4222, 1557, 4472}, 0, {193, 976}, {0xAC, 0x7B, 0x29, 0xFF}}},
	{{{-4222, 1529, 4501}, 0, {193, 970}, {0xAC, 0x7B, 0x29, 0xFF}}},
	{{{-3962, 1529, 4501}, 0, {196, 970}, {0xAC, 0x7B, 0x29, 0xFF}}},
	{{{-4222, 1557, 4472}, 0, {193, 976}, {0xAC, 0x7B, 0x29, 0xFF}}},
	{{{-3962, 1529, 4501}, 0, {196, 970}, {0xAC, 0x7B, 0x29, 0xFF}}},
	{{{-3962, 1557, 4472}, 0, {196, 976}, {0xAC, 0x7B, 0x29, 0xFF}}},
	{{{-4222, 1529, 4501}, 0, {193, 976}, {0xAC, 0x7B, 0x29, 0xFF}}},
	{{{-4222, 1529, 4472}, 0, {193, 970}, {0xAC, 0x7B, 0x29, 0xFF}}},
	{{{-3962, 1529, 4472}, 0, {196, 970}, {0xAC, 0x7B, 0x29, 0xFF}}},
	{{{-3962, 1529, 4501}, 0, {196, 976}, {0xAC, 0x7B, 0x29, 0xFF}}},
	{{{-4222, 1514, 4472}, 0, {193, 976}, {0xAC, 0x7B, 0x29, 0xFF}}},
	{{{-4222, 1487, 4501}, 0, {193, 970}, {0xAC, 0x7B, 0x29, 0xFF}}},
	{{{-3962, 1487, 4501}, 0, {196, 970}, {0xAC, 0x7B, 0x29, 0xFF}}},
	{{{-3962, 1514, 4472}, 0, {196, 976}, {0xAC, 0x7B, 0x29, 0xFF}}},
	{{{-4222, 1487, 4501}, 0, {193, 976}, {0xAC, 0x7B, 0x29, 0xFF}}},
	{{{-4222, 1487, 4472}, 0, {193, 970}, {0xAC, 0x7B, 0x29, 0xFF}}},
	{{{-3962, 1487, 4472}, 0, {196, 970}, {0xAC, 0x7B, 0x29, 0xFF}}},
	{{{-3962, 1487, 4501}, 0, {196, 976}, {0xAC, 0x7B, 0x29, 0xFF}}},
	{{{-4222, 1470, 4472}, 0, {193, 976}, {0xAC, 0x7B, 0x29, 0xFF}}},
	{{{-4222, 1443, 4501}, 0, {193, 970}, {0xAC, 0x7B, 0x29, 0xFF}}},
	{{{-3962, 1443, 4501}, 0, {196, 970}, {0xAC, 0x7B, 0x29, 0xFF}}},
	{{{-3962, 1470, 4472}, 0, {196, 976}, {0xAC, 0x7B, 0x29, 0xFF}}},
	{{{-4222, 1443, 4501}, 0, {193, 976}, {0xAC, 0x7B, 0x29, 0xFF}}},
	{{{-4222, 1443, 4472}, 0, {193, 970}, {0xAC, 0x7B, 0x29, 0xFF}}},
	{{{-3962, 1443, 4472}, 0, {196, 970}, {0xAC, 0x7B, 0x29, 0xFF}}},
	{{{-3962, 1443, 4501}, 0, {196, 976}, {0xAC, 0x7B, 0x29, 0xFF}}},
	{{{-4222, 1431, 4472}, 0, {193, 976}, {0xAC, 0x7B, 0x29, 0xFF}}},
	{{{-4222, 1404, 4501}, 0, {193, 970}, {0xAC, 0x7B, 0x29, 0xFF}}},
	{{{-3962, 1404, 4501}, 0, {196, 970}, {0xAC, 0x7B, 0x29, 0xFF}}},
	{{{-3962, 1431, 4472}, 0, {196, 976}, {0xAC, 0x7B, 0x29, 0xFF}}},
	{{{-4222, 1404, 4501}, 0, {193, 976}, {0xAC, 0x7B, 0x29, 0xFF}}},
	{{{-4222, 1404, 4472}, 0, {193, 970}, {0xAC, 0x7B, 0x29, 0xFF}}},
	{{{-3962, 1404, 4472}, 0, {196, 970}, {0xAC, 0x7B, 0x29, 0xFF}}},
	{{{-3962, 1404, 4501}, 0, {196, 976}, {0xAC, 0x7B, 0x29, 0xFF}}},
	{{{-4105, 1884, 3683}, 0, {193, 976}, {0xAC, 0x7B, 0x29, 0xFF}}},
	{{{-4105, 1616, 3683}, 0, {193, 970}, {0xAC, 0x7B, 0x29, 0xFF}}},
	{{{-4092, 1616, 3692}, 0, {196, 970}, {0xAC, 0x7B, 0x29, 0xFF}}},
	{{{-4092, 1884, 3692}, 0, {196, 976}, {0xAC, 0x7B, 0x29, 0xFF}}},
	{{{-4105, 1390, 3683}, 0, {193, 976}, {0xAC, 0x7B, 0x29, 0xFF}}},
	{{{-4092, 1390, 3692}, 0, {193, 970}, {0xAC, 0x7B, 0x29, 0xFF}}},
	{{{-4105, 1616, 3683}, 0, {196, 976}, {0xAC, 0x7B, 0x29, 0xFF}}},
	{{{-4092, 1390, 3673}, 0, {193, 976}, {0xAC, 0x7B, 0x29, 0xFF}}},
	{{{-4105, 1390, 3683}, 0, {193, 970}, {0xAC, 0x7B, 0x29, 0xFF}}},
	{{{-4105, 1616, 3683}, 0, {196, 970}, {0xAC, 0x7B, 0x29, 0xFF}}},
	{{{-4092, 1616, 3673}, 0, {196, 976}, {0xAC, 0x7B, 0x29, 0xFF}}},
	{{{-4092, 1884, 3673}, 0, {193, 976}, {0xAC, 0x7B, 0x29, 0xFF}}},
	{{{-4092, 1616, 3673}, 0, {193, 970}, {0xAC, 0x7B, 0x29, 0xFF}}},
	{{{-4105, 1884, 3683}, 0, {196, 976}, {0xAC, 0x7B, 0x29, 0xFF}}},
	{{{-4078, 1884, 3683}, 0, {193, 976}, {0xAC, 0x7B, 0x29, 0xFF}}},
	{{{-4092, 1884, 3692}, 0, {193, 970}, {0xAC, 0x7B, 0x29, 0xFF}}},
	{{{-4078, 1616, 3683}, 0, {196, 976}, {0xAC, 0x7B, 0x29, 0xFF}}},
	{{{-4078, 1616, 3683}, 0, {196, 970}, {0xAC, 0x7B, 0x29, 0xFF}}},
	{{{-4078, 1390, 3683}, 0, {196, 976}, {0xAC, 0x7B, 0x29, 0xFF}}},
	{{{-4078, 1884, 3683}, 0, {193, 970}, {0xAC, 0x7B, 0x29, 0xFF}}},
	{{{-4078, 1390, 3683}, 0, {193, 976}, {0xAC, 0x7B, 0x29, 0xFF}}},
	{{{-4078, 1616, 3683}, 0, {193, 970}, {0xAC, 0x7B, 0x29, 0xFF}}},
	{{{-4092, 1390, 3692}, 0, {196, 976}, {0xAC, 0x7B, 0x29, 0xFF}}},
	{{{-4222, 1816, 3715}, 0, {193, 976}, {0xAC, 0x7B, 0x29, 0xFF}}},
	{{{-3962, 1816, 3715}, 0, {193, 970}, {0xAC, 0x7B, 0x29, 0xFF}}},
	{{{-3962, 1789, 3686}, 0, {196, 970}, {0xAC, 0x7B, 0x29, 0xFF}}},
	{{{-4222, 1789, 3686}, 0, {196, 976}, {0xAC, 0x7B, 0x29, 0xFF}}},
	{{{-4222, 1789, 3686}, 0, {193, 976}, {0xAC, 0x7B, 0x29, 0xFF}}},
	{{{-3962, 1789, 3686}, 0, {193, 970}, {0xAC, 0x7B, 0x29, 0xFF}}},
	{{{-3962, 1789, 3715}, 0, {196, 970}, {0xAC, 0x7B, 0x29, 0xFF}}},
	{{{-4222, 1789, 3715}, 0, {196, 976}, {0xAC, 0x7B, 0x29, 0xFF}}},
	{{{-4222, 1774, 3715}, 0, {193, 976}, {0xAC, 0x7B, 0x29, 0xFF}}},
	{{{-3962, 1774, 3715}, 0, {193, 970}, {0xAC, 0x7B, 0x29, 0xFF}}},
	{{{-3962, 1746, 3686}, 0, {196, 970}, {0xAC, 0x7B, 0x29, 0xFF}}},
	{{{-4222, 1746, 3686}, 0, {196, 976}, {0xAC, 0x7B, 0x29, 0xFF}}},
	{{{-4222, 1746, 3686}, 0, {193, 976}, {0xAC, 0x7B, 0x29, 0xFF}}},
	{{{-3962, 1746, 3686}, 0, {193, 970}, {0xAC, 0x7B, 0x29, 0xFF}}},
	{{{-3962, 1746, 3715}, 0, {196, 970}, {0xAC, 0x7B, 0x29, 0xFF}}},
	{{{-4222, 1746, 3715}, 0, {196, 976}, {0xAC, 0x7B, 0x29, 0xFF}}},
	{{{-4222, 1730, 3715}, 0, {193, 976}, {0xAC, 0x7B, 0x29, 0xFF}}},
	{{{-3962, 1730, 3715}, 0, {193, 970}, {0xAC, 0x7B, 0x29, 0xFF}}},
	{{{-3962, 1702, 3686}, 0, {196, 970}, {0xAC, 0x7B, 0x29, 0xFF}}},
	{{{-4222, 1702, 3686}, 0, {196, 976}, {0xAC, 0x7B, 0x29, 0xFF}}},
	{{{-4222, 1702, 3686}, 0, {193, 976}, {0xAC, 0x7B, 0x29, 0xFF}}},
	{{{-3962, 1702, 3686}, 0, {193, 970}, {0xAC, 0x7B, 0x29, 0xFF}}},
	{{{-3962, 1702, 3715}, 0, {196, 970}, {0xAC, 0x7B, 0x29, 0xFF}}},
	{{{-4222, 1702, 3715}, 0, {196, 976}, {0xAC, 0x7B, 0x29, 0xFF}}},
	{{{-4222, 1688, 3715}, 0, {193, 976}, {0xAC, 0x7B, 0x29, 0xFF}}},
	{{{-3962, 1688, 3715}, 0, {193, 970}, {0xAC, 0x7B, 0x29, 0xFF}}},
	{{{-3962, 1661, 3686}, 0, {196, 970}, {0xAC, 0x7B, 0x29, 0xFF}}},
	{{{-4222, 1661, 3686}, 0, {196, 976}, {0xAC, 0x7B, 0x29, 0xFF}}},
	{{{-4222, 1661, 3686}, 0, {193, 976}, {0xAC, 0x7B, 0x29, 0xFF}}},
	{{{-3962, 1661, 3686}, 0, {193, 970}, {0xAC, 0x7B, 0x29, 0xFF}}},
	{{{-3962, 1661, 3715}, 0, {196, 970}, {0xAC, 0x7B, 0x29, 0xFF}}},
	{{{-4222, 1661, 3715}, 0, {196, 976}, {0xAC, 0x7B, 0x29, 0xFF}}},
	{{{-4222, 1644, 3715}, 0, {193, 976}, {0xAC, 0x7B, 0x29, 0xFF}}},
	{{{-3962, 1644, 3715}, 0, {193, 970}, {0xAC, 0x7B, 0x29, 0xFF}}},
	{{{-3962, 1617, 3686}, 0, {196, 970}, {0xAC, 0x7B, 0x29, 0xFF}}},
	{{{-4222, 1617, 3686}, 0, {196, 976}, {0xAC, 0x7B, 0x29, 0xFF}}},
	{{{-4222, 1617, 3686}, 0, {193, 976}, {0xAC, 0x7B, 0x29, 0xFF}}},
	{{{-3962, 1617, 3686}, 0, {193, 970}, {0xAC, 0x7B, 0x29, 0xFF}}},
	{{{-3962, 1617, 3715}, 0, {196, 970}, {0xAC, 0x7B, 0x29, 0xFF}}},
	{{{-4222, 1617, 3715}, 0, {196, 976}, {0xAC, 0x7B, 0x29, 0xFF}}},
	{{{-4222, 1600, 3715}, 0, {193, 976}, {0xAC, 0x7B, 0x29, 0xFF}}},
	{{{-3962, 1600, 3715}, 0, {193, 970}, {0xAC, 0x7B, 0x29, 0xFF}}},
	{{{-3962, 1573, 3686}, 0, {196, 970}, {0xAC, 0x7B, 0x29, 0xFF}}},
	{{{-4222, 1573, 3686}, 0, {196, 976}, {0xAC, 0x7B, 0x29, 0xFF}}},
	{{{-4222, 1573, 3686}, 0, {193, 976}, {0xAC, 0x7B, 0x29, 0xFF}}},
	{{{-3962, 1573, 3686}, 0, {193, 970}, {0xAC, 0x7B, 0x29, 0xFF}}},
	{{{-3962, 1573, 3715}, 0, {196, 970}, {0xAC, 0x7B, 0x29, 0xFF}}},
	{{{-4222, 1573, 3715}, 0, {196, 976}, {0xAC, 0x7B, 0x29, 0xFF}}},
	{{{-4222, 1557, 3715}, 0, {193, 976}, {0xAC, 0x7B, 0x29, 0xFF}}},
	{{{-3962, 1557, 3715}, 0, {193, 970}, {0xAC, 0x7B, 0x29, 0xFF}}},
	{{{-3962, 1529, 3686}, 0, {196, 970}, {0xAC, 0x7B, 0x29, 0xFF}}},
	{{{-4222, 1529, 3686}, 0, {196, 976}, {0xAC, 0x7B, 0x29, 0xFF}}},
	{{{-4222, 1529, 3686}, 0, {193, 976}, {0xAC, 0x7B, 0x29, 0xFF}}},
	{{{-3962, 1529, 3686}, 0, {193, 970}, {0xAC, 0x7B, 0x29, 0xFF}}},
	{{{-3962, 1529, 3715}, 0, {196, 970}, {0xAC, 0x7B, 0x29, 0xFF}}},
	{{{-4222, 1529, 3715}, 0, {196, 976}, {0xAC, 0x7B, 0x29, 0xFF}}},
	{{{-4222, 1514, 3715}, 0, {193, 976}, {0xAC, 0x7B, 0x29, 0xFF}}},
	{{{-3962, 1514, 3715}, 0, {193, 970}, {0xAC, 0x7B, 0x29, 0xFF}}},
	{{{-3962, 1487, 3686}, 0, {196, 970}, {0xAC, 0x7B, 0x29, 0xFF}}},
	{{{-4222, 1487, 3686}, 0, {196, 976}, {0xAC, 0x7B, 0x29, 0xFF}}},
	{{{-4222, 1487, 3686}, 0, {193, 976}, {0xAC, 0x7B, 0x29, 0xFF}}},
	{{{-3962, 1487, 3686}, 0, {193, 970}, {0xAC, 0x7B, 0x29, 0xFF}}},
	{{{-3962, 1487, 3715}, 0, {196, 970}, {0xAC, 0x7B, 0x29, 0xFF}}},
	{{{-4222, 1487, 3715}, 0, {196, 976}, {0xAC, 0x7B, 0x29, 0xFF}}},
	{{{-4222, 1470, 3715}, 0, {193, 976}, {0xAC, 0x7B, 0x29, 0xFF}}},
	{{{-3962, 1470, 3715}, 0, {193, 970}, {0xAC, 0x7B, 0x29, 0xFF}}},
	{{{-3962, 1443, 3686}, 0, {196, 970}, {0xAC, 0x7B, 0x29, 0xFF}}},
	{{{-4222, 1443, 3686}, 0, {196, 976}, {0xAC, 0x7B, 0x29, 0xFF}}},
	{{{-4222, 1443, 3686}, 0, {193, 976}, {0xAC, 0x7B, 0x29, 0xFF}}},
	{{{-3962, 1443, 3686}, 0, {193, 970}, {0xAC, 0x7B, 0x29, 0xFF}}},
	{{{-3962, 1443, 3715}, 0, {196, 970}, {0xAC, 0x7B, 0x29, 0xFF}}},
	{{{-4222, 1443, 3715}, 0, {196, 976}, {0xAC, 0x7B, 0x29, 0xFF}}},
	{{{-4222, 1431, 3715}, 0, {193, 976}, {0xAC, 0x7B, 0x29, 0xFF}}},
	{{{-3962, 1431, 3715}, 0, {193, 970}, {0xAC, 0x7B, 0x29, 0xFF}}},
	{{{-3962, 1404, 3686}, 0, {196, 970}, {0xAC, 0x7B, 0x29, 0xFF}}},
	{{{-4222, 1404, 3686}, 0, {196, 976}, {0xAC, 0x7B, 0x29, 0xFF}}},
	{{{-4222, 1404, 3686}, 0, {193, 976}, {0xAC, 0x7B, 0x29, 0xFF}}},
	{{{-3962, 1404, 3686}, 0, {193, 970}, {0xAC, 0x7B, 0x29, 0xFF}}},
	{{{-3962, 1404, 3715}, 0, {196, 970}, {0xAC, 0x7B, 0x29, 0xFF}}},
	{{{-4222, 1404, 3715}, 0, {196, 976}, {0xAC, 0x7B, 0x29, 0xFF}}},
	{{{4080, 1884, 4503}, 0, {193, 976}, {0xAC, 0x7B, 0x29, 0xFF}}},
	{{{4093, 1884, 4493}, 0, {193, 970}, {0xAC, 0x7B, 0x29, 0xFF}}},
	{{{4093, 1616, 4493}, 0, {196, 970}, {0xAC, 0x7B, 0x29, 0xFF}}},
	{{{4080, 1616, 4503}, 0, {196, 976}, {0xAC, 0x7B, 0x29, 0xFF}}},
	{{{4080, 1390, 4503}, 0, {193, 976}, {0xAC, 0x7B, 0x29, 0xFF}}},
	{{{4080, 1616, 4503}, 0, {193, 970}, {0xAC, 0x7B, 0x29, 0xFF}}},
	{{{4093, 1390, 4493}, 0, {196, 976}, {0xAC, 0x7B, 0x29, 0xFF}}},
	{{{4093, 1390, 4512}, 0, {193, 976}, {0xAC, 0x7B, 0x29, 0xFF}}},
	{{{4093, 1616, 4512}, 0, {193, 970}, {0xAC, 0x7B, 0x29, 0xFF}}},
	{{{4080, 1616, 4503}, 0, {196, 970}, {0xAC, 0x7B, 0x29, 0xFF}}},
	{{{4080, 1390, 4503}, 0, {196, 976}, {0xAC, 0x7B, 0x29, 0xFF}}},
	{{{4093, 1884, 4512}, 0, {193, 976}, {0xAC, 0x7B, 0x29, 0xFF}}},
	{{{4080, 1884, 4503}, 0, {193, 970}, {0xAC, 0x7B, 0x29, 0xFF}}},
	{{{4093, 1616, 4512}, 0, {196, 976}, {0xAC, 0x7B, 0x29, 0xFF}}},
	{{{4107, 1884, 4503}, 0, {193, 976}, {0xAC, 0x7B, 0x29, 0xFF}}},
	{{{4107, 1616, 4503}, 0, {193, 970}, {0xAC, 0x7B, 0x29, 0xFF}}},
	{{{4093, 1884, 4493}, 0, {196, 976}, {0xAC, 0x7B, 0x29, 0xFF}}},
	{{{4107, 1390, 4503}, 0, {193, 970}, {0xAC, 0x7B, 0x29, 0xFF}}},
	{{{4107, 1616, 4503}, 0, {196, 970}, {0xAC, 0x7B, 0x29, 0xFF}}},
	{{{4107, 1884, 4503}, 0, {196, 976}, {0xAC, 0x7B, 0x29, 0xFF}}},
	{{{4107, 1390, 4503}, 0, {193, 976}, {0xAC, 0x7B, 0x29, 0xFF}}},
	{{{4093, 1390, 4493}, 0, {193, 970}, {0xAC, 0x7B, 0x29, 0xFF}}},
	{{{4107, 1616, 4503}, 0, {196, 976}, {0xAC, 0x7B, 0x29, 0xFF}}},
	{{{3964, 1816, 4470}, 0, {193, 976}, {0xAC, 0x7B, 0x29, 0xFF}}},
	{{{3964, 1789, 4499}, 0, {193, 970}, {0xAC, 0x7B, 0x29, 0xFF}}},
	{{{4223, 1789, 4499}, 0, {196, 970}, {0xAC, 0x7B, 0x29, 0xFF}}},
	{{{4223, 1816, 4470}, 0, {196, 976}, {0xAC, 0x7B, 0x29, 0xFF}}},
	{{{3964, 1789, 4499}, 0, {193, 976}, {0xAC, 0x7B, 0x29, 0xFF}}},
	{{{3964, 1789, 4470}, 0, {193, 970}, {0xAC, 0x7B, 0x29, 0xFF}}},
	{{{4223, 1789, 4470}, 0, {196, 970}, {0xAC, 0x7B, 0x29, 0xFF}}},
	{{{4223, 1789, 4499}, 0, {196, 976}, {0xAC, 0x7B, 0x29, 0xFF}}},
	{{{3964, 1774, 4470}, 0, {193, 976}, {0xAC, 0x7B, 0x29, 0xFF}}},
	{{{3964, 1746, 4499}, 0, {193, 970}, {0xAC, 0x7B, 0x29, 0xFF}}},
	{{{4223, 1746, 4499}, 0, {196, 970}, {0xAC, 0x7B, 0x29, 0xFF}}},
	{{{4223, 1774, 4470}, 0, {196, 976}, {0xAC, 0x7B, 0x29, 0xFF}}},
	{{{3964, 1746, 4499}, 0, {193, 976}, {0xAC, 0x7B, 0x29, 0xFF}}},
	{{{3964, 1746, 4470}, 0, {193, 970}, {0xAC, 0x7B, 0x29, 0xFF}}},
	{{{4223, 1746, 4470}, 0, {196, 970}, {0xAC, 0x7B, 0x29, 0xFF}}},
	{{{4223, 1746, 4499}, 0, {196, 976}, {0xAC, 0x7B, 0x29, 0xFF}}},
	{{{3964, 1730, 4470}, 0, {193, 976}, {0xAC, 0x7B, 0x29, 0xFF}}},
	{{{3964, 1702, 4499}, 0, {193, 970}, {0xAC, 0x7B, 0x29, 0xFF}}},
	{{{4223, 1702, 4499}, 0, {196, 970}, {0xAC, 0x7B, 0x29, 0xFF}}},
	{{{4223, 1730, 4470}, 0, {196, 976}, {0xAC, 0x7B, 0x29, 0xFF}}},
	{{{3964, 1702, 4499}, 0, {193, 976}, {0xAC, 0x7B, 0x29, 0xFF}}},
	{{{3964, 1702, 4470}, 0, {193, 970}, {0xAC, 0x7B, 0x29, 0xFF}}},
	{{{4223, 1702, 4470}, 0, {196, 970}, {0xAC, 0x7B, 0x29, 0xFF}}},
	{{{4223, 1702, 4499}, 0, {196, 976}, {0xAC, 0x7B, 0x29, 0xFF}}},
	{{{3964, 1688, 4470}, 0, {193, 976}, {0xAC, 0x7B, 0x29, 0xFF}}},
	{{{3964, 1661, 4499}, 0, {193, 970}, {0xAC, 0x7B, 0x29, 0xFF}}},
	{{{4223, 1661, 4499}, 0, {196, 970}, {0xAC, 0x7B, 0x29, 0xFF}}},
	{{{4223, 1688, 4470}, 0, {196, 976}, {0xAC, 0x7B, 0x29, 0xFF}}},
	{{{3964, 1661, 4499}, 0, {193, 976}, {0xAC, 0x7B, 0x29, 0xFF}}},
	{{{3964, 1661, 4470}, 0, {193, 970}, {0xAC, 0x7B, 0x29, 0xFF}}},
	{{{4223, 1661, 4470}, 0, {196, 970}, {0xAC, 0x7B, 0x29, 0xFF}}},
	{{{4223, 1661, 4499}, 0, {196, 976}, {0xAC, 0x7B, 0x29, 0xFF}}},
	{{{3964, 1644, 4470}, 0, {193, 976}, {0xAC, 0x7B, 0x29, 0xFF}}},
	{{{3964, 1617, 4499}, 0, {193, 970}, {0xAC, 0x7B, 0x29, 0xFF}}},
	{{{4223, 1617, 4499}, 0, {196, 970}, {0xAC, 0x7B, 0x29, 0xFF}}},
	{{{4223, 1644, 4470}, 0, {196, 976}, {0xAC, 0x7B, 0x29, 0xFF}}},
	{{{3964, 1617, 4499}, 0, {193, 976}, {0xAC, 0x7B, 0x29, 0xFF}}},
	{{{3964, 1617, 4470}, 0, {193, 970}, {0xAC, 0x7B, 0x29, 0xFF}}},
	{{{4223, 1617, 4470}, 0, {196, 970}, {0xAC, 0x7B, 0x29, 0xFF}}},
	{{{4223, 1617, 4499}, 0, {196, 976}, {0xAC, 0x7B, 0x29, 0xFF}}},
	{{{3964, 1600, 4470}, 0, {193, 976}, {0xAC, 0x7B, 0x29, 0xFF}}},
	{{{3964, 1573, 4499}, 0, {193, 970}, {0xAC, 0x7B, 0x29, 0xFF}}},
	{{{4223, 1573, 4499}, 0, {196, 970}, {0xAC, 0x7B, 0x29, 0xFF}}},
	{{{4223, 1600, 4470}, 0, {196, 976}, {0xAC, 0x7B, 0x29, 0xFF}}},
	{{{3964, 1573, 4499}, 0, {193, 976}, {0xAC, 0x7B, 0x29, 0xFF}}},
	{{{3964, 1573, 4470}, 0, {193, 970}, {0xAC, 0x7B, 0x29, 0xFF}}},
	{{{4223, 1573, 4470}, 0, {196, 970}, {0xAC, 0x7B, 0x29, 0xFF}}},
	{{{4223, 1573, 4499}, 0, {196, 976}, {0xAC, 0x7B, 0x29, 0xFF}}},
	{{{3964, 1557, 4470}, 0, {193, 976}, {0xAC, 0x7B, 0x29, 0xFF}}},
	{{{3964, 1529, 4499}, 0, {193, 970}, {0xAC, 0x7B, 0x29, 0xFF}}},
	{{{4223, 1529, 4499}, 0, {196, 970}, {0xAC, 0x7B, 0x29, 0xFF}}},
	{{{4223, 1557, 4470}, 0, {196, 976}, {0xAC, 0x7B, 0x29, 0xFF}}},
	{{{3964, 1529, 4499}, 0, {193, 976}, {0xAC, 0x7B, 0x29, 0xFF}}},
	{{{3964, 1529, 4470}, 0, {193, 970}, {0xAC, 0x7B, 0x29, 0xFF}}},
	{{{4223, 1529, 4470}, 0, {196, 970}, {0xAC, 0x7B, 0x29, 0xFF}}},
	{{{4223, 1529, 4499}, 0, {196, 976}, {0xAC, 0x7B, 0x29, 0xFF}}},
	{{{3964, 1514, 4470}, 0, {193, 976}, {0xAC, 0x7B, 0x29, 0xFF}}},
	{{{3964, 1487, 4499}, 0, {193, 970}, {0xAC, 0x7B, 0x29, 0xFF}}},
	{{{4223, 1487, 4499}, 0, {196, 970}, {0xAC, 0x7B, 0x29, 0xFF}}},
	{{{4223, 1514, 4470}, 0, {196, 976}, {0xAC, 0x7B, 0x29, 0xFF}}},
	{{{3964, 1487, 4499}, 0, {193, 976}, {0xAC, 0x7B, 0x29, 0xFF}}},
	{{{3964, 1487, 4470}, 0, {193, 970}, {0xAC, 0x7B, 0x29, 0xFF}}},
	{{{4223, 1487, 4470}, 0, {196, 970}, {0xAC, 0x7B, 0x29, 0xFF}}},
	{{{4223, 1487, 4499}, 0, {196, 976}, {0xAC, 0x7B, 0x29, 0xFF}}},
	{{{3964, 1470, 4470}, 0, {193, 976}, {0xAC, 0x7B, 0x29, 0xFF}}},
	{{{3964, 1443, 4499}, 0, {193, 970}, {0xAC, 0x7B, 0x29, 0xFF}}},
	{{{4223, 1443, 4499}, 0, {196, 970}, {0xAC, 0x7B, 0x29, 0xFF}}},
	{{{4223, 1470, 4470}, 0, {196, 976}, {0xAC, 0x7B, 0x29, 0xFF}}},
	{{{3964, 1443, 4499}, 0, {193, 976}, {0xAC, 0x7B, 0x29, 0xFF}}},
	{{{3964, 1443, 4470}, 0, {193, 970}, {0xAC, 0x7B, 0x29, 0xFF}}},
	{{{4223, 1443, 4470}, 0, {196, 970}, {0xAC, 0x7B, 0x29, 0xFF}}},
	{{{4223, 1443, 4499}, 0, {196, 976}, {0xAC, 0x7B, 0x29, 0xFF}}},
	{{{3964, 1431, 4470}, 0, {193, 976}, {0xAC, 0x7B, 0x29, 0xFF}}},
	{{{3964, 1404, 4499}, 0, {193, 970}, {0xAC, 0x7B, 0x29, 0xFF}}},
	{{{4223, 1404, 4499}, 0, {196, 970}, {0xAC, 0x7B, 0x29, 0xFF}}},
	{{{4223, 1431, 4470}, 0, {196, 976}, {0xAC, 0x7B, 0x29, 0xFF}}},
	{{{3964, 1404, 4499}, 0, {193, 976}, {0xAC, 0x7B, 0x29, 0xFF}}},
	{{{3964, 1404, 4470}, 0, {193, 970}, {0xAC, 0x7B, 0x29, 0xFF}}},
	{{{4223, 1404, 4470}, 0, {196, 970}, {0xAC, 0x7B, 0x29, 0xFF}}},
	{{{4223, 1404, 4499}, 0, {196, 976}, {0xAC, 0x7B, 0x29, 0xFF}}},
	{{{4080, 1884, 3681}, 0, {193, 976}, {0xAC, 0x7B, 0x29, 0xFF}}},
	{{{4080, 1616, 3681}, 0, {193, 970}, {0xAC, 0x7B, 0x29, 0xFF}}},
	{{{4093, 1616, 3691}, 0, {196, 970}, {0xAC, 0x7B, 0x29, 0xFF}}},
	{{{4093, 1884, 3691}, 0, {196, 976}, {0xAC, 0x7B, 0x29, 0xFF}}},
	{{{4080, 1390, 3681}, 0, {193, 976}, {0xAC, 0x7B, 0x29, 0xFF}}},
	{{{4093, 1390, 3691}, 0, {193, 970}, {0xAC, 0x7B, 0x29, 0xFF}}},
	{{{4080, 1616, 3681}, 0, {196, 976}, {0xAC, 0x7B, 0x29, 0xFF}}},
	{{{4093, 1390, 3672}, 0, {193, 976}, {0xAC, 0x7B, 0x29, 0xFF}}},
	{{{4080, 1390, 3681}, 0, {193, 970}, {0xAC, 0x7B, 0x29, 0xFF}}},
	{{{4080, 1616, 3681}, 0, {196, 970}, {0xAC, 0x7B, 0x29, 0xFF}}},
	{{{4093, 1616, 3672}, 0, {196, 976}, {0xAC, 0x7B, 0x29, 0xFF}}},
	{{{4093, 1884, 3672}, 0, {193, 976}, {0xAC, 0x7B, 0x29, 0xFF}}},
	{{{4093, 1616, 3672}, 0, {193, 970}, {0xAC, 0x7B, 0x29, 0xFF}}},
	{{{4080, 1884, 3681}, 0, {196, 976}, {0xAC, 0x7B, 0x29, 0xFF}}},
	{{{4107, 1884, 3681}, 0, {193, 976}, {0xAC, 0x7B, 0x29, 0xFF}}},
	{{{4093, 1884, 3691}, 0, {193, 970}, {0xAC, 0x7B, 0x29, 0xFF}}},
	{{{4107, 1884, 3681}, 0, {193, 976}, {0xAC, 0x7B, 0x29, 0xFF}}},
	{{{4093, 1616, 3691}, 0, {196, 970}, {0xAC, 0x7B, 0x29, 0xFF}}},
	{{{4107, 1616, 3681}, 0, {196, 976}, {0xAC, 0x7B, 0x29, 0xFF}}},
	{{{4093, 1390, 3672}, 0, {193, 976}, {0xAC, 0x7B, 0x29, 0xFF}}},
	{{{4093, 1616, 3672}, 0, {193, 970}, {0xAC, 0x7B, 0x29, 0xFF}}},
	{{{4107, 1616, 3681}, 0, {196, 970}, {0xAC, 0x7B, 0x29, 0xFF}}},
	{{{4107, 1390, 3681}, 0, {196, 976}, {0xAC, 0x7B, 0x29, 0xFF}}},
	{{{4093, 1884, 3672}, 0, {193, 976}, {0xAC, 0x7B, 0x29, 0xFF}}},
	{{{4107, 1884, 3681}, 0, {193, 970}, {0xAC, 0x7B, 0x29, 0xFF}}},
	{{{4093, 1616, 3672}, 0, {196, 976}, {0xAC, 0x7B, 0x29, 0xFF}}},
	{{{4107, 1390, 3681}, 0, {193, 976}, {0xAC, 0x7B, 0x29, 0xFF}}},
	{{{4107, 1616, 3681}, 0, {193, 970}, {0xAC, 0x7B, 0x29, 0xFF}}},
	{{{4093, 1390, 3691}, 0, {196, 976}, {0xAC, 0x7B, 0x29, 0xFF}}},
	{{{3964, 1816, 3713}, 0, {193, 976}, {0xAC, 0x7B, 0x29, 0xFF}}},
	{{{4223, 1816, 3713}, 0, {193, 970}, {0xAC, 0x7B, 0x29, 0xFF}}},
	{{{4223, 1789, 3684}, 0, {196, 970}, {0xAC, 0x7B, 0x29, 0xFF}}},
	{{{3964, 1789, 3684}, 0, {196, 976}, {0xAC, 0x7B, 0x29, 0xFF}}},
	{{{3964, 1789, 3684}, 0, {193, 976}, {0xAC, 0x7B, 0x29, 0xFF}}},
	{{{4223, 1789, 3684}, 0, {193, 970}, {0xAC, 0x7B, 0x29, 0xFF}}},
	{{{4223, 1789, 3713}, 0, {196, 970}, {0xAC, 0x7B, 0x29, 0xFF}}},
	{{{3964, 1789, 3713}, 0, {196, 976}, {0xAC, 0x7B, 0x29, 0xFF}}},
	{{{3964, 1774, 3713}, 0, {193, 976}, {0xAC, 0x7B, 0x29, 0xFF}}},
	{{{4223, 1774, 3713}, 0, {193, 970}, {0xAC, 0x7B, 0x29, 0xFF}}},
	{{{4223, 1746, 3684}, 0, {196, 970}, {0xAC, 0x7B, 0x29, 0xFF}}},
	{{{3964, 1746, 3684}, 0, {196, 976}, {0xAC, 0x7B, 0x29, 0xFF}}},
	{{{3964, 1746, 3684}, 0, {193, 976}, {0xAC, 0x7B, 0x29, 0xFF}}},
	{{{4223, 1746, 3684}, 0, {193, 970}, {0xAC, 0x7B, 0x29, 0xFF}}},
	{{{4223, 1746, 3713}, 0, {196, 970}, {0xAC, 0x7B, 0x29, 0xFF}}},
	{{{3964, 1746, 3713}, 0, {196, 976}, {0xAC, 0x7B, 0x29, 0xFF}}},
	{{{3964, 1730, 3713}, 0, {193, 976}, {0xAC, 0x7B, 0x29, 0xFF}}},
	{{{4223, 1730, 3713}, 0, {193, 970}, {0xAC, 0x7B, 0x29, 0xFF}}},
	{{{4223, 1702, 3684}, 0, {196, 970}, {0xAC, 0x7B, 0x29, 0xFF}}},
	{{{3964, 1702, 3684}, 0, {196, 976}, {0xAC, 0x7B, 0x29, 0xFF}}},
	{{{3964, 1702, 3684}, 0, {193, 976}, {0xAC, 0x7B, 0x29, 0xFF}}},
	{{{4223, 1702, 3684}, 0, {193, 970}, {0xAC, 0x7B, 0x29, 0xFF}}},
	{{{4223, 1702, 3713}, 0, {196, 970}, {0xAC, 0x7B, 0x29, 0xFF}}},
	{{{3964, 1702, 3713}, 0, {196, 976}, {0xAC, 0x7B, 0x29, 0xFF}}},
	{{{3964, 1688, 3713}, 0, {193, 976}, {0xAC, 0x7B, 0x29, 0xFF}}},
	{{{4223, 1688, 3713}, 0, {193, 970}, {0xAC, 0x7B, 0x29, 0xFF}}},
	{{{4223, 1661, 3684}, 0, {196, 970}, {0xAC, 0x7B, 0x29, 0xFF}}},
	{{{3964, 1661, 3684}, 0, {196, 976}, {0xAC, 0x7B, 0x29, 0xFF}}},
	{{{3964, 1661, 3684}, 0, {193, 976}, {0xAC, 0x7B, 0x29, 0xFF}}},
	{{{4223, 1661, 3684}, 0, {193, 970}, {0xAC, 0x7B, 0x29, 0xFF}}},
	{{{4223, 1661, 3713}, 0, {196, 970}, {0xAC, 0x7B, 0x29, 0xFF}}},
	{{{3964, 1661, 3713}, 0, {196, 976}, {0xAC, 0x7B, 0x29, 0xFF}}},
	{{{3964, 1644, 3713}, 0, {193, 976}, {0xAC, 0x7B, 0x29, 0xFF}}},
	{{{4223, 1644, 3713}, 0, {193, 970}, {0xAC, 0x7B, 0x29, 0xFF}}},
	{{{4223, 1617, 3684}, 0, {196, 970}, {0xAC, 0x7B, 0x29, 0xFF}}},
	{{{3964, 1617, 3684}, 0, {196, 976}, {0xAC, 0x7B, 0x29, 0xFF}}},
	{{{3964, 1617, 3684}, 0, {193, 976}, {0xAC, 0x7B, 0x29, 0xFF}}},
	{{{4223, 1617, 3684}, 0, {193, 970}, {0xAC, 0x7B, 0x29, 0xFF}}},
	{{{4223, 1617, 3713}, 0, {196, 970}, {0xAC, 0x7B, 0x29, 0xFF}}},
	{{{3964, 1617, 3713}, 0, {196, 976}, {0xAC, 0x7B, 0x29, 0xFF}}},
	{{{3964, 1600, 3713}, 0, {193, 976}, {0xAC, 0x7B, 0x29, 0xFF}}},
	{{{4223, 1600, 3713}, 0, {193, 970}, {0xAC, 0x7B, 0x29, 0xFF}}},
	{{{4223, 1573, 3684}, 0, {196, 970}, {0xAC, 0x7B, 0x29, 0xFF}}},
	{{{3964, 1573, 3684}, 0, {196, 976}, {0xAC, 0x7B, 0x29, 0xFF}}},
	{{{3964, 1573, 3684}, 0, {193, 976}, {0xAC, 0x7B, 0x29, 0xFF}}},
	{{{4223, 1573, 3684}, 0, {193, 970}, {0xAC, 0x7B, 0x29, 0xFF}}},
	{{{4223, 1573, 3713}, 0, {196, 970}, {0xAC, 0x7B, 0x29, 0xFF}}},
	{{{3964, 1573, 3713}, 0, {196, 976}, {0xAC, 0x7B, 0x29, 0xFF}}},
	{{{3964, 1557, 3713}, 0, {193, 976}, {0xAC, 0x7B, 0x29, 0xFF}}},
	{{{4223, 1557, 3713}, 0, {193, 970}, {0xAC, 0x7B, 0x29, 0xFF}}},
	{{{4223, 1529, 3684}, 0, {196, 970}, {0xAC, 0x7B, 0x29, 0xFF}}},
	{{{3964, 1557, 3713}, 0, {193, 976}, {0xAC, 0x7B, 0x29, 0xFF}}},
	{{{4223, 1529, 3684}, 0, {196, 970}, {0xAC, 0x7B, 0x29, 0xFF}}},
	{{{3964, 1529, 3684}, 0, {196, 976}, {0xAC, 0x7B, 0x29, 0xFF}}},
	{{{3964, 1529, 3684}, 0, {193, 976}, {0xAC, 0x7B, 0x29, 0xFF}}},
	{{{4223, 1529, 3684}, 0, {193, 970}, {0xAC, 0x7B, 0x29, 0xFF}}},
	{{{4223, 1529, 3713}, 0, {196, 970}, {0xAC, 0x7B, 0x29, 0xFF}}},
	{{{3964, 1529, 3713}, 0, {196, 976}, {0xAC, 0x7B, 0x29, 0xFF}}},
	{{{3964, 1514, 3713}, 0, {193, 976}, {0xAC, 0x7B, 0x29, 0xFF}}},
	{{{4223, 1514, 3713}, 0, {193, 970}, {0xAC, 0x7B, 0x29, 0xFF}}},
	{{{4223, 1487, 3684}, 0, {196, 970}, {0xAC, 0x7B, 0x29, 0xFF}}},
	{{{3964, 1487, 3684}, 0, {196, 976}, {0xAC, 0x7B, 0x29, 0xFF}}},
	{{{3964, 1487, 3684}, 0, {193, 976}, {0xAC, 0x7B, 0x29, 0xFF}}},
	{{{4223, 1487, 3684}, 0, {193, 970}, {0xAC, 0x7B, 0x29, 0xFF}}},
	{{{4223, 1487, 3713}, 0, {196, 970}, {0xAC, 0x7B, 0x29, 0xFF}}},
	{{{3964, 1487, 3713}, 0, {196, 976}, {0xAC, 0x7B, 0x29, 0xFF}}},
	{{{3964, 1470, 3713}, 0, {193, 976}, {0xAC, 0x7B, 0x29, 0xFF}}},
	{{{4223, 1470, 3713}, 0, {193, 970}, {0xAC, 0x7B, 0x29, 0xFF}}},
	{{{4223, 1443, 3684}, 0, {196, 970}, {0xAC, 0x7B, 0x29, 0xFF}}},
	{{{3964, 1443, 3684}, 0, {196, 976}, {0xAC, 0x7B, 0x29, 0xFF}}},
	{{{3964, 1443, 3684}, 0, {193, 976}, {0xAC, 0x7B, 0x29, 0xFF}}},
	{{{4223, 1443, 3684}, 0, {193, 970}, {0xAC, 0x7B, 0x29, 0xFF}}},
	{{{4223, 1443, 3713}, 0, {196, 970}, {0xAC, 0x7B, 0x29, 0xFF}}},
	{{{3964, 1443, 3713}, 0, {196, 976}, {0xAC, 0x7B, 0x29, 0xFF}}},
	{{{3964, 1431, 3713}, 0, {193, 976}, {0xAC, 0x7B, 0x29, 0xFF}}},
	{{{4223, 1431, 3713}, 0, {193, 970}, {0xAC, 0x7B, 0x29, 0xFF}}},
	{{{4223, 1404, 3684}, 0, {196, 970}, {0xAC, 0x7B, 0x29, 0xFF}}},
	{{{3964, 1404, 3684}, 0, {196, 976}, {0xAC, 0x7B, 0x29, 0xFF}}},
	{{{3964, 1404, 3684}, 0, {193, 976}, {0xAC, 0x7B, 0x29, 0xFF}}},
	{{{4223, 1404, 3684}, 0, {193, 970}, {0xAC, 0x7B, 0x29, 0xFF}}},
	{{{4223, 1404, 3713}, 0, {196, 970}, {0xAC, 0x7B, 0x29, 0xFF}}},
	{{{3964, 1404, 3713}, 0, {196, 976}, {0xAC, 0x7B, 0x29, 0xFF}}},
	{{{4504, 1884, 4105}, 0, {193, 976}, {0xAC, 0x7B, 0x29, 0xFF}}},
	{{{4494, 1884, 4092}, 0, {193, 970}, {0xAC, 0x7B, 0x29, 0xFF}}},
	{{{4494, 1616, 4092}, 0, {196, 970}, {0xAC, 0x7B, 0x29, 0xFF}}},
	{{{4504, 1616, 4105}, 0, {196, 976}, {0xAC, 0x7B, 0x29, 0xFF}}},
	{{{4504, 1390, 4105}, 0, {193, 976}, {0xAC, 0x7B, 0x29, 0xFF}}},
	{{{4504, 1616, 4105}, 0, {193, 970}, {0xAC, 0x7B, 0x29, 0xFF}}},
	{{{4494, 1390, 4092}, 0, {196, 976}, {0xAC, 0x7B, 0x29, 0xFF}}},
	{{{4514, 1390, 4092}, 0, {193, 976}, {0xAC, 0x7B, 0x29, 0xFF}}},
	{{{4514, 1616, 4092}, 0, {193, 970}, {0xAC, 0x7B, 0x29, 0xFF}}},
	{{{4504, 1616, 4105}, 0, {196, 970}, {0xAC, 0x7B, 0x29, 0xFF}}},
	{{{4504, 1390, 4105}, 0, {196, 976}, {0xAC, 0x7B, 0x29, 0xFF}}},
	{{{4514, 1884, 4092}, 0, {193, 976}, {0xAC, 0x7B, 0x29, 0xFF}}},
	{{{4504, 1884, 4105}, 0, {193, 970}, {0xAC, 0x7B, 0x29, 0xFF}}},
	{{{4514, 1616, 4092}, 0, {196, 976}, {0xAC, 0x7B, 0x29, 0xFF}}},
	{{{4504, 1884, 4078}, 0, {193, 976}, {0xAC, 0x7B, 0x29, 0xFF}}},
	{{{4504, 1616, 4078}, 0, {193, 970}, {0xAC, 0x7B, 0x29, 0xFF}}},
	{{{4494, 1884, 4092}, 0, {196, 976}, {0xAC, 0x7B, 0x29, 0xFF}}},
	{{{4504, 1390, 4078}, 0, {193, 970}, {0xAC, 0x7B, 0x29, 0xFF}}},
	{{{4504, 1616, 4078}, 0, {196, 970}, {0xAC, 0x7B, 0x29, 0xFF}}},
	{{{4504, 1884, 4078}, 0, {196, 976}, {0xAC, 0x7B, 0x29, 0xFF}}},
	{{{4504, 1390, 4078}, 0, {193, 976}, {0xAC, 0x7B, 0x29, 0xFF}}},
	{{{4494, 1390, 4092}, 0, {193, 970}, {0xAC, 0x7B, 0x29, 0xFF}}},
	{{{4504, 1616, 4078}, 0, {196, 976}, {0xAC, 0x7B, 0x29, 0xFF}}},
	{{{4472, 1816, 4222}, 0, {193, 976}, {0xAC, 0x7B, 0x29, 0xFF}}},
	{{{4501, 1789, 4222}, 0, {193, 970}, {0xAC, 0x7B, 0x29, 0xFF}}},
	{{{4501, 1789, 3962}, 0, {196, 970}, {0xAC, 0x7B, 0x29, 0xFF}}},
	{{{4472, 1816, 3962}, 0, {196, 976}, {0xAC, 0x7B, 0x29, 0xFF}}},
	{{{4501, 1789, 4222}, 0, {193, 976}, {0xAC, 0x7B, 0x29, 0xFF}}},
	{{{4472, 1789, 4222}, 0, {193, 970}, {0xAC, 0x7B, 0x29, 0xFF}}},
	{{{4472, 1789, 3962}, 0, {196, 970}, {0xAC, 0x7B, 0x29, 0xFF}}},
	{{{4501, 1789, 3962}, 0, {196, 976}, {0xAC, 0x7B, 0x29, 0xFF}}},
	{{{4472, 1774, 4222}, 0, {193, 976}, {0xAC, 0x7B, 0x29, 0xFF}}},
	{{{4501, 1746, 4222}, 0, {193, 970}, {0xAC, 0x7B, 0x29, 0xFF}}},
	{{{4501, 1746, 3962}, 0, {196, 970}, {0xAC, 0x7B, 0x29, 0xFF}}},
	{{{4472, 1774, 3962}, 0, {196, 976}, {0xAC, 0x7B, 0x29, 0xFF}}},
	{{{4501, 1746, 4222}, 0, {193, 976}, {0xAC, 0x7B, 0x29, 0xFF}}},
	{{{4472, 1746, 4222}, 0, {193, 970}, {0xAC, 0x7B, 0x29, 0xFF}}},
	{{{4472, 1746, 3962}, 0, {196, 970}, {0xAC, 0x7B, 0x29, 0xFF}}},
	{{{4501, 1746, 3962}, 0, {196, 976}, {0xAC, 0x7B, 0x29, 0xFF}}},
	{{{4472, 1730, 4222}, 0, {193, 976}, {0xAC, 0x7B, 0x29, 0xFF}}},
	{{{4501, 1702, 4222}, 0, {193, 970}, {0xAC, 0x7B, 0x29, 0xFF}}},
	{{{4501, 1702, 3962}, 0, {196, 970}, {0xAC, 0x7B, 0x29, 0xFF}}},
	{{{4472, 1730, 3962}, 0, {196, 976}, {0xAC, 0x7B, 0x29, 0xFF}}},
	{{{4501, 1702, 4222}, 0, {193, 976}, {0xAC, 0x7B, 0x29, 0xFF}}},
	{{{4472, 1702, 4222}, 0, {193, 970}, {0xAC, 0x7B, 0x29, 0xFF}}},
	{{{4472, 1702, 3962}, 0, {196, 970}, {0xAC, 0x7B, 0x29, 0xFF}}},
	{{{4501, 1702, 3962}, 0, {196, 976}, {0xAC, 0x7B, 0x29, 0xFF}}},
	{{{4472, 1688, 4222}, 0, {193, 976}, {0xAC, 0x7B, 0x29, 0xFF}}},
	{{{4501, 1661, 4222}, 0, {193, 970}, {0xAC, 0x7B, 0x29, 0xFF}}},
	{{{4501, 1661, 3962}, 0, {196, 970}, {0xAC, 0x7B, 0x29, 0xFF}}},
	{{{4472, 1688, 3962}, 0, {196, 976}, {0xAC, 0x7B, 0x29, 0xFF}}},
	{{{4501, 1661, 4222}, 0, {193, 976}, {0xAC, 0x7B, 0x29, 0xFF}}},
	{{{4472, 1661, 4222}, 0, {193, 970}, {0xAC, 0x7B, 0x29, 0xFF}}},
	{{{4472, 1661, 3962}, 0, {196, 970}, {0xAC, 0x7B, 0x29, 0xFF}}},
	{{{4501, 1661, 3962}, 0, {196, 976}, {0xAC, 0x7B, 0x29, 0xFF}}},
	{{{4472, 1644, 4222}, 0, {193, 976}, {0xAC, 0x7B, 0x29, 0xFF}}},
	{{{4501, 1617, 4222}, 0, {193, 970}, {0xAC, 0x7B, 0x29, 0xFF}}},
	{{{4501, 1617, 3962}, 0, {196, 970}, {0xAC, 0x7B, 0x29, 0xFF}}},
	{{{4472, 1644, 3962}, 0, {196, 976}, {0xAC, 0x7B, 0x29, 0xFF}}},
	{{{4501, 1617, 4222}, 0, {193, 976}, {0xAC, 0x7B, 0x29, 0xFF}}},
	{{{4472, 1617, 4222}, 0, {193, 970}, {0xAC, 0x7B, 0x29, 0xFF}}},
	{{{4472, 1617, 3962}, 0, {196, 970}, {0xAC, 0x7B, 0x29, 0xFF}}},
	{{{4501, 1617, 3962}, 0, {196, 976}, {0xAC, 0x7B, 0x29, 0xFF}}},
	{{{4472, 1600, 4222}, 0, {193, 976}, {0xAC, 0x7B, 0x29, 0xFF}}},
	{{{4501, 1573, 4222}, 0, {193, 970}, {0xAC, 0x7B, 0x29, 0xFF}}},
	{{{4501, 1573, 3962}, 0, {196, 970}, {0xAC, 0x7B, 0x29, 0xFF}}},
	{{{4472, 1600, 3962}, 0, {196, 976}, {0xAC, 0x7B, 0x29, 0xFF}}},
	{{{4501, 1573, 4222}, 0, {193, 976}, {0xAC, 0x7B, 0x29, 0xFF}}},
	{{{4472, 1573, 4222}, 0, {193, 970}, {0xAC, 0x7B, 0x29, 0xFF}}},
	{{{4472, 1573, 3962}, 0, {196, 970}, {0xAC, 0x7B, 0x29, 0xFF}}},
	{{{4501, 1573, 3962}, 0, {196, 976}, {0xAC, 0x7B, 0x29, 0xFF}}},
	{{{4472, 1557, 4222}, 0, {193, 976}, {0xAC, 0x7B, 0x29, 0xFF}}},
	{{{4501, 1529, 4222}, 0, {193, 970}, {0xAC, 0x7B, 0x29, 0xFF}}},
	{{{4501, 1529, 3962}, 0, {196, 970}, {0xAC, 0x7B, 0x29, 0xFF}}},
	{{{4472, 1557, 3962}, 0, {196, 976}, {0xAC, 0x7B, 0x29, 0xFF}}},
	{{{4501, 1529, 4222}, 0, {193, 976}, {0xAC, 0x7B, 0x29, 0xFF}}},
	{{{4472, 1529, 4222}, 0, {193, 970}, {0xAC, 0x7B, 0x29, 0xFF}}},
	{{{4472, 1529, 3962}, 0, {196, 970}, {0xAC, 0x7B, 0x29, 0xFF}}},
	{{{4501, 1529, 3962}, 0, {196, 976}, {0xAC, 0x7B, 0x29, 0xFF}}},
	{{{4472, 1514, 4222}, 0, {193, 976}, {0xAC, 0x7B, 0x29, 0xFF}}},
	{{{4501, 1487, 4222}, 0, {193, 970}, {0xAC, 0x7B, 0x29, 0xFF}}},
	{{{4501, 1487, 3962}, 0, {196, 970}, {0xAC, 0x7B, 0x29, 0xFF}}},
	{{{4472, 1514, 3962}, 0, {196, 976}, {0xAC, 0x7B, 0x29, 0xFF}}},
	{{{4501, 1487, 4222}, 0, {193, 976}, {0xAC, 0x7B, 0x29, 0xFF}}},
	{{{4472, 1487, 4222}, 0, {193, 970}, {0xAC, 0x7B, 0x29, 0xFF}}},
	{{{4472, 1487, 3962}, 0, {196, 970}, {0xAC, 0x7B, 0x29, 0xFF}}},
	{{{4501, 1487, 3962}, 0, {196, 976}, {0xAC, 0x7B, 0x29, 0xFF}}},
	{{{4472, 1470, 4222}, 0, {193, 976}, {0xAC, 0x7B, 0x29, 0xFF}}},
	{{{4501, 1443, 4222}, 0, {193, 970}, {0xAC, 0x7B, 0x29, 0xFF}}},
	{{{4501, 1443, 3962}, 0, {196, 970}, {0xAC, 0x7B, 0x29, 0xFF}}},
	{{{4472, 1470, 3962}, 0, {196, 976}, {0xAC, 0x7B, 0x29, 0xFF}}},
	{{{4501, 1443, 4222}, 0, {193, 976}, {0xAC, 0x7B, 0x29, 0xFF}}},
	{{{4472, 1443, 4222}, 0, {193, 970}, {0xAC, 0x7B, 0x29, 0xFF}}},
	{{{4472, 1443, 3962}, 0, {196, 970}, {0xAC, 0x7B, 0x29, 0xFF}}},
	{{{4501, 1443, 3962}, 0, {196, 976}, {0xAC, 0x7B, 0x29, 0xFF}}},
	{{{4472, 1431, 4222}, 0, {193, 976}, {0xAC, 0x7B, 0x29, 0xFF}}},
	{{{4501, 1404, 4222}, 0, {193, 970}, {0xAC, 0x7B, 0x29, 0xFF}}},
	{{{4501, 1404, 3962}, 0, {196, 970}, {0xAC, 0x7B, 0x29, 0xFF}}},
	{{{4472, 1431, 3962}, 0, {196, 976}, {0xAC, 0x7B, 0x29, 0xFF}}},
	{{{4501, 1404, 4222}, 0, {193, 976}, {0xAC, 0x7B, 0x29, 0xFF}}},
	{{{4472, 1404, 4222}, 0, {193, 970}, {0xAC, 0x7B, 0x29, 0xFF}}},
	{{{4472, 1404, 3962}, 0, {196, 970}, {0xAC, 0x7B, 0x29, 0xFF}}},
	{{{4501, 1404, 3962}, 0, {196, 976}, {0xAC, 0x7B, 0x29, 0xFF}}},
	{{{3683, 1884, 4105}, 0, {193, 976}, {0xAC, 0x7B, 0x29, 0xFF}}},
	{{{3683, 1616, 4105}, 0, {193, 970}, {0xAC, 0x7B, 0x29, 0xFF}}},
	{{{3692, 1616, 4092}, 0, {196, 970}, {0xAC, 0x7B, 0x29, 0xFF}}},
	{{{3692, 1884, 4092}, 0, {196, 976}, {0xAC, 0x7B, 0x29, 0xFF}}},
	{{{3683, 1390, 4105}, 0, {193, 976}, {0xAC, 0x7B, 0x29, 0xFF}}},
	{{{3692, 1390, 4092}, 0, {193, 970}, {0xAC, 0x7B, 0x29, 0xFF}}},
	{{{3683, 1616, 4105}, 0, {196, 976}, {0xAC, 0x7B, 0x29, 0xFF}}},
	{{{3673, 1390, 4092}, 0, {193, 976}, {0xAC, 0x7B, 0x29, 0xFF}}},
	{{{3683, 1390, 4105}, 0, {193, 970}, {0xAC, 0x7B, 0x29, 0xFF}}},
	{{{3683, 1616, 4105}, 0, {196, 970}, {0xAC, 0x7B, 0x29, 0xFF}}},
	{{{3673, 1616, 4092}, 0, {196, 976}, {0xAC, 0x7B, 0x29, 0xFF}}},
	{{{3673, 1884, 4092}, 0, {193, 976}, {0xAC, 0x7B, 0x29, 0xFF}}},
	{{{3673, 1616, 4092}, 0, {193, 970}, {0xAC, 0x7B, 0x29, 0xFF}}},
	{{{3683, 1884, 4105}, 0, {196, 976}, {0xAC, 0x7B, 0x29, 0xFF}}},
	{{{3683, 1884, 4078}, 0, {193, 976}, {0xAC, 0x7B, 0x29, 0xFF}}},
	{{{3692, 1884, 4092}, 0, {193, 970}, {0xAC, 0x7B, 0x29, 0xFF}}},
	{{{3683, 1616, 4078}, 0, {196, 976}, {0xAC, 0x7B, 0x29, 0xFF}}},
	{{{3683, 1616, 4078}, 0, {196, 970}, {0xAC, 0x7B, 0x29, 0xFF}}},
	{{{3683, 1390, 4078}, 0, {196, 976}, {0xAC, 0x7B, 0x29, 0xFF}}},
	{{{3683, 1884, 4078}, 0, {193, 970}, {0xAC, 0x7B, 0x29, 0xFF}}},
	{{{3683, 1390, 4078}, 0, {193, 976}, {0xAC, 0x7B, 0x29, 0xFF}}},
	{{{3683, 1616, 4078}, 0, {193, 970}, {0xAC, 0x7B, 0x29, 0xFF}}},
	{{{3692, 1390, 4092}, 0, {196, 976}, {0xAC, 0x7B, 0x29, 0xFF}}},
	{{{3715, 1816, 4222}, 0, {193, 976}, {0xAC, 0x7B, 0x29, 0xFF}}},
	{{{3715, 1816, 3962}, 0, {193, 970}, {0xAC, 0x7B, 0x29, 0xFF}}},
	{{{3686, 1789, 3962}, 0, {196, 970}, {0xAC, 0x7B, 0x29, 0xFF}}},
	{{{3686, 1789, 4222}, 0, {196, 976}, {0xAC, 0x7B, 0x29, 0xFF}}},
	{{{3686, 1789, 4222}, 0, {193, 976}, {0xAC, 0x7B, 0x29, 0xFF}}},
	{{{3686, 1789, 3962}, 0, {193, 970}, {0xAC, 0x7B, 0x29, 0xFF}}},
	{{{3715, 1789, 3962}, 0, {196, 970}, {0xAC, 0x7B, 0x29, 0xFF}}},
	{{{3715, 1789, 4222}, 0, {196, 976}, {0xAC, 0x7B, 0x29, 0xFF}}},
	{{{3715, 1774, 4222}, 0, {193, 976}, {0xAC, 0x7B, 0x29, 0xFF}}},
	{{{3715, 1774, 3962}, 0, {193, 970}, {0xAC, 0x7B, 0x29, 0xFF}}},
	{{{3686, 1746, 3962}, 0, {196, 970}, {0xAC, 0x7B, 0x29, 0xFF}}},
	{{{3686, 1746, 4222}, 0, {196, 976}, {0xAC, 0x7B, 0x29, 0xFF}}},
	{{{3686, 1746, 4222}, 0, {193, 976}, {0xAC, 0x7B, 0x29, 0xFF}}},
	{{{3686, 1746, 3962}, 0, {193, 970}, {0xAC, 0x7B, 0x29, 0xFF}}},
	{{{3715, 1746, 3962}, 0, {196, 970}, {0xAC, 0x7B, 0x29, 0xFF}}},
	{{{3715, 1746, 4222}, 0, {196, 976}, {0xAC, 0x7B, 0x29, 0xFF}}},
	{{{3715, 1730, 4222}, 0, {193, 976}, {0xAC, 0x7B, 0x29, 0xFF}}},
	{{{3715, 1730, 3962}, 0, {193, 970}, {0xAC, 0x7B, 0x29, 0xFF}}},
	{{{3686, 1702, 3962}, 0, {196, 970}, {0xAC, 0x7B, 0x29, 0xFF}}},
	{{{3686, 1702, 4222}, 0, {196, 976}, {0xAC, 0x7B, 0x29, 0xFF}}},
	{{{3686, 1702, 4222}, 0, {193, 976}, {0xAC, 0x7B, 0x29, 0xFF}}},
	{{{3686, 1702, 3962}, 0, {193, 970}, {0xAC, 0x7B, 0x29, 0xFF}}},
	{{{3715, 1702, 3962}, 0, {196, 970}, {0xAC, 0x7B, 0x29, 0xFF}}},
	{{{3715, 1702, 4222}, 0, {196, 976}, {0xAC, 0x7B, 0x29, 0xFF}}},
	{{{3715, 1688, 4222}, 0, {193, 976}, {0xAC, 0x7B, 0x29, 0xFF}}},
	{{{3715, 1688, 3962}, 0, {193, 970}, {0xAC, 0x7B, 0x29, 0xFF}}},
	{{{3686, 1661, 3962}, 0, {196, 970}, {0xAC, 0x7B, 0x29, 0xFF}}},
	{{{3686, 1661, 4222}, 0, {196, 976}, {0xAC, 0x7B, 0x29, 0xFF}}},
	{{{3686, 1661, 4222}, 0, {193, 976}, {0xAC, 0x7B, 0x29, 0xFF}}},
	{{{3686, 1661, 3962}, 0, {193, 970}, {0xAC, 0x7B, 0x29, 0xFF}}},
	{{{3715, 1661, 3962}, 0, {196, 970}, {0xAC, 0x7B, 0x29, 0xFF}}},
	{{{3715, 1661, 4222}, 0, {196, 976}, {0xAC, 0x7B, 0x29, 0xFF}}},
	{{{3715, 1644, 4222}, 0, {193, 976}, {0xAC, 0x7B, 0x29, 0xFF}}},
	{{{3715, 1644, 3962}, 0, {193, 970}, {0xAC, 0x7B, 0x29, 0xFF}}},
	{{{3686, 1617, 3962}, 0, {196, 970}, {0xAC, 0x7B, 0x29, 0xFF}}},
	{{{3686, 1617, 4222}, 0, {196, 976}, {0xAC, 0x7B, 0x29, 0xFF}}},
	{{{3686, 1617, 4222}, 0, {193, 976}, {0xAC, 0x7B, 0x29, 0xFF}}},
	{{{3686, 1617, 3962}, 0, {193, 970}, {0xAC, 0x7B, 0x29, 0xFF}}},
	{{{3715, 1617, 3962}, 0, {196, 970}, {0xAC, 0x7B, 0x29, 0xFF}}},
	{{{3715, 1617, 4222}, 0, {196, 976}, {0xAC, 0x7B, 0x29, 0xFF}}},
	{{{3715, 1600, 4222}, 0, {193, 976}, {0xAC, 0x7B, 0x29, 0xFF}}},
	{{{3715, 1600, 3962}, 0, {193, 970}, {0xAC, 0x7B, 0x29, 0xFF}}},
	{{{3686, 1573, 3962}, 0, {196, 970}, {0xAC, 0x7B, 0x29, 0xFF}}},
	{{{3686, 1573, 4222}, 0, {196, 976}, {0xAC, 0x7B, 0x29, 0xFF}}},
	{{{3686, 1573, 4222}, 0, {193, 976}, {0xAC, 0x7B, 0x29, 0xFF}}},
	{{{3686, 1573, 3962}, 0, {193, 970}, {0xAC, 0x7B, 0x29, 0xFF}}},
	{{{3715, 1573, 3962}, 0, {196, 970}, {0xAC, 0x7B, 0x29, 0xFF}}},
	{{{3715, 1573, 4222}, 0, {196, 976}, {0xAC, 0x7B, 0x29, 0xFF}}},
	{{{3715, 1557, 4222}, 0, {193, 976}, {0xAC, 0x7B, 0x29, 0xFF}}},
	{{{3715, 1557, 3962}, 0, {193, 970}, {0xAC, 0x7B, 0x29, 0xFF}}},
	{{{3686, 1529, 3962}, 0, {196, 970}, {0xAC, 0x7B, 0x29, 0xFF}}},
	{{{3686, 1529, 4222}, 0, {196, 976}, {0xAC, 0x7B, 0x29, 0xFF}}},
	{{{3686, 1529, 4222}, 0, {193, 976}, {0xAC, 0x7B, 0x29, 0xFF}}},
	{{{3686, 1529, 3962}, 0, {193, 970}, {0xAC, 0x7B, 0x29, 0xFF}}},
	{{{3715, 1529, 3962}, 0, {196, 970}, {0xAC, 0x7B, 0x29, 0xFF}}},
	{{{3715, 1529, 4222}, 0, {196, 976}, {0xAC, 0x7B, 0x29, 0xFF}}},
	{{{3715, 1514, 4222}, 0, {193, 976}, {0xAC, 0x7B, 0x29, 0xFF}}},
	{{{3715, 1514, 3962}, 0, {193, 970}, {0xAC, 0x7B, 0x29, 0xFF}}},
	{{{3686, 1487, 3962}, 0, {196, 970}, {0xAC, 0x7B, 0x29, 0xFF}}},
	{{{3686, 1487, 4222}, 0, {196, 976}, {0xAC, 0x7B, 0x29, 0xFF}}},
	{{{3686, 1487, 4222}, 0, {193, 976}, {0xAC, 0x7B, 0x29, 0xFF}}},
	{{{3686, 1487, 3962}, 0, {193, 970}, {0xAC, 0x7B, 0x29, 0xFF}}},
	{{{3715, 1487, 3962}, 0, {196, 970}, {0xAC, 0x7B, 0x29, 0xFF}}},
	{{{3715, 1487, 4222}, 0, {196, 976}, {0xAC, 0x7B, 0x29, 0xFF}}},
	{{{3715, 1470, 4222}, 0, {193, 976}, {0xAC, 0x7B, 0x29, 0xFF}}},
	{{{3715, 1470, 3962}, 0, {193, 970}, {0xAC, 0x7B, 0x29, 0xFF}}},
	{{{3686, 1443, 3962}, 0, {196, 970}, {0xAC, 0x7B, 0x29, 0xFF}}},
	{{{3686, 1443, 4222}, 0, {196, 976}, {0xAC, 0x7B, 0x29, 0xFF}}},
	{{{3686, 1443, 4222}, 0, {193, 976}, {0xAC, 0x7B, 0x29, 0xFF}}},
	{{{3686, 1443, 3962}, 0, {193, 970}, {0xAC, 0x7B, 0x29, 0xFF}}},
	{{{3715, 1443, 3962}, 0, {196, 970}, {0xAC, 0x7B, 0x29, 0xFF}}},
	{{{3715, 1443, 4222}, 0, {196, 976}, {0xAC, 0x7B, 0x29, 0xFF}}},
	{{{3715, 1431, 4222}, 0, {193, 976}, {0xAC, 0x7B, 0x29, 0xFF}}},
	{{{3715, 1431, 3962}, 0, {193, 970}, {0xAC, 0x7B, 0x29, 0xFF}}},
	{{{3686, 1404, 3962}, 0, {196, 970}, {0xAC, 0x7B, 0x29, 0xFF}}},
	{{{3686, 1404, 4222}, 0, {196, 976}, {0xAC, 0x7B, 0x29, 0xFF}}},
	{{{3686, 1404, 4222}, 0, {193, 976}, {0xAC, 0x7B, 0x29, 0xFF}}},
	{{{3686, 1404, 3962}, 0, {193, 970}, {0xAC, 0x7B, 0x29, 0xFF}}},
	{{{3715, 1404, 3962}, 0, {196, 970}, {0xAC, 0x7B, 0x29, 0xFF}}},
	{{{3715, 1404, 4222}, 0, {196, 976}, {0xAC, 0x7B, 0x29, 0xFF}}},
	{{{4010, 1908, 4503}, 0, {193, 976}, {0xAC, 0x7B, 0x29, 0xFF}}},
	{{{3955, 1873, 4503}, 0, {196, 976}, {0xAC, 0x7B, 0x29, 0xFF}}},
	{{{3964, 1859, 4526}, 0, {196, 970}, {0xAC, 0x7B, 0x29, 0xFF}}},
	{{{4015, 1891, 4526}, 0, {193, 970}, {0xAC, 0x7B, 0x29, 0xFF}}},
	{{{4093, 1907, 4526}, 0, {193, 976}, {0xAC, 0x7B, 0x29, 0xFF}}},
	{{{4015, 1891, 4526}, 0, {196, 976}, {0xAC, 0x7B, 0x29, 0xFF}}},
	{{{4021, 1870, 4512}, 0, {196, 970}, {0xAC, 0x7B, 0x29, 0xFF}}},
	{{{4093, 1884, 4512}, 0, {193, 970}, {0xAC, 0x7B, 0x29, 0xFF}}},
	{{{4172, 1891, 4526}, 0, {193, 976}, {0xAC, 0x7B, 0x29, 0xFF}}},
	{{{4165, 1870, 4512}, 0, {196, 976}, {0xAC, 0x7B, 0x29, 0xFF}}},
	{{{4212, 1840, 4512}, 0, {196, 970}, {0xAC, 0x7B, 0x29, 0xFF}}},
	{{{4223, 1859, 4526}, 0, {193, 970}, {0xAC, 0x7B, 0x29, 0xFF}}},
	{{{4264, 1367, 4526}, 0, {193, 976}, {0xAC, 0x7B, 0x29, 0xFF}}},
	{{{4264, 1804, 4526}, 0, {196, 976}, {0xAC, 0x7B, 0x29, 0xFF}}},
	{{{4250, 1790, 4512}, 0, {196, 970}, {0xAC, 0x7B, 0x29, 0xFF}}},
	{{{4250, 1390, 4512}, 0, {193, 970}, {0xAC, 0x7B, 0x29, 0xFF}}},
	{{{4093, 1350, 4503}, 0, {193, 976}, {0xAC, 0x7B, 0x29, 0xFF}}},
	{{{4093, 1367, 4526}, 0, {196, 976}, {0xAC, 0x7B, 0x29, 0xFF}}},
	{{{3923, 1367, 4526}, 0, {196, 970}, {0xAC, 0x7B, 0x29, 0xFF}}},
	{{{3911, 1350, 4503}, 0, {193, 970}, {0xAC, 0x7B, 0x29, 0xFF}}},
	{{{3911, 1350, 4503}, 0, {193, 976}, {0xAC, 0x7B, 0x29, 0xFF}}},
	{{{3923, 1367, 4526}, 0, {196, 976}, {0xAC, 0x7B, 0x29, 0xFF}}},
	{{{3923, 1804, 4526}, 0, {196, 970}, {0xAC, 0x7B, 0x29, 0xFF}}},
	{{{3911, 1815, 4503}, 0, {193, 970}, {0xAC, 0x7B, 0x29, 0xFF}}},
	{{{4275, 1350, 4503}, 0, {193, 976}, {0xAC, 0x7B, 0x29, 0xFF}}},
	{{{4275, 1815, 4503}, 0, {196, 976}, {0xAC, 0x7B, 0x29, 0xFF}}},
	{{{4264, 1804, 4526}, 0, {196, 970}, {0xAC, 0x7B, 0x29, 0xFF}}},
	{{{4264, 1367, 4526}, 0, {193, 970}, {0xAC, 0x7B, 0x29, 0xFF}}},
	{{{4093, 1907, 4526}, 0, {193, 976}, {0xAC, 0x7B, 0x29, 0xFF}}},
	{{{4093, 1884, 4512}, 0, {196, 976}, {0xAC, 0x7B, 0x29, 0xFF}}},
	{{{4165, 1870, 4512}, 0, {196, 970}, {0xAC, 0x7B, 0x29, 0xFF}}},
	{{{4172, 1891, 4526}, 0, {193, 970}, {0xAC, 0x7B, 0x29, 0xFF}}},
	{{{3923, 1367, 4526}, 0, {193, 976}, {0xAC, 0x7B, 0x29, 0xFF}}},
	{{{3937, 1390, 4512}, 0, {196, 976}, {0xAC, 0x7B, 0x29, 0xFF}}},
	{{{3937, 1790, 4512}, 0, {196, 970}, {0xAC, 0x7B, 0x29, 0xFF}}},
	{{{3923, 1804, 4526}, 0, {193, 970}, {0xAC, 0x7B, 0x29, 0xFF}}},
	{{{4015, 1891, 4526}, 0, {193, 976}, {0xAC, 0x7B, 0x29, 0xFF}}},
	{{{3964, 1859, 4526}, 0, {196, 976}, {0xAC, 0x7B, 0x29, 0xFF}}},
	{{{3975, 1840, 4512}, 0, {196, 970}, {0xAC, 0x7B, 0x29, 0xFF}}},
	{{{4021, 1870, 4512}, 0, {193, 970}, {0xAC, 0x7B, 0x29, 0xFF}}},
	{{{4093, 1367, 4526}, 0, {193, 976}, {0xAC, 0x7B, 0x29, 0xFF}}},
	{{{4093, 1390, 4512}, 0, {196, 976}, {0xAC, 0x7B, 0x29, 0xFF}}},
	{{{3937, 1390, 4512}, 0, {196, 970}, {0xAC, 0x7B, 0x29, 0xFF}}},
	{{{3923, 1367, 4526}, 0, {193, 970}, {0xAC, 0x7B, 0x29, 0xFF}}},
	{{{4264, 1367, 4526}, 0, {196, 976}, {0xAC, 0x7B, 0x29, 0xFF}}},
	{{{4250, 1390, 4512}, 0, {196, 970}, {0xAC, 0x7B, 0x29, 0xFF}}},
	{{{4093, 1390, 4512}, 0, {193, 970}, {0xAC, 0x7B, 0x29, 0xFF}}},
	{{{4231, 1873, 4503}, 0, {193, 976}, {0xAC, 0x7B, 0x29, 0xFF}}},
	{{{4223, 1859, 4526}, 0, {196, 976}, {0xAC, 0x7B, 0x29, 0xFF}}},
	{{{4275, 1815, 4503}, 0, {193, 970}, {0xAC, 0x7B, 0x29, 0xFF}}},
	{{{4177, 1908, 4503}, 0, {193, 976}, {0xAC, 0x7B, 0x29, 0xFF}}},
	{{{4172, 1891, 4526}, 0, {196, 976}, {0xAC, 0x7B, 0x29, 0xFF}}},
	{{{4223, 1859, 4526}, 0, {196, 970}, {0xAC, 0x7B, 0x29, 0xFF}}},
	{{{4231, 1873, 4503}, 0, {193, 970}, {0xAC, 0x7B, 0x29, 0xFF}}},
	{{{4093, 1925, 4503}, 0, {193, 976}, {0xAC, 0x7B, 0x29, 0xFF}}},
	{{{4093, 1907, 4526}, 0, {196, 976}, {0xAC, 0x7B, 0x29, 0xFF}}},
	{{{4172, 1891, 4526}, 0, {196, 970}, {0xAC, 0x7B, 0x29, 0xFF}}},
	{{{4177, 1908, 4503}, 0, {193, 970}, {0xAC, 0x7B, 0x29, 0xFF}}},
	{{{4275, 1350, 4503}, 0, {196, 976}, {0xAC, 0x7B, 0x29, 0xFF}}},
	{{{4264, 1367, 4526}, 0, {196, 970}, {0xAC, 0x7B, 0x29, 0xFF}}},
	{{{4093, 1367, 4526}, 0, {193, 970}, {0xAC, 0x7B, 0x29, 0xFF}}},
	{{{3964, 1859, 4526}, 0, {193, 976}, {0xAC, 0x7B, 0x29, 0xFF}}},
	{{{3923, 1804, 4526}, 0, {196, 976}, {0xAC, 0x7B, 0x29, 0xFF}}},
	{{{3975, 1840, 4512}, 0, {193, 970}, {0xAC, 0x7B, 0x29, 0xFF}}},
	{{{3955, 1873, 4503}, 0, {193, 976}, {0xAC, 0x7B, 0x29, 0xFF}}},
	{{{3911, 1815, 4503}, 0, {196, 976}, {0xAC, 0x7B, 0x29, 0xFF}}},
	{{{3964, 1859, 4526}, 0, {193, 970}, {0xAC, 0x7B, 0x29, 0xFF}}},
	{{{4010, 1908, 4503}, 0, {196, 976}, {0xAC, 0x7B, 0x29, 0xFF}}},
	{{{4015, 1891, 4526}, 0, {196, 970}, {0xAC, 0x7B, 0x29, 0xFF}}},
	{{{4093, 1907, 4526}, 0, {193, 970}, {0xAC, 0x7B, 0x29, 0xFF}}},
	{{{4093, 1367, 3658}, 0, {193, 976}, {0xAC, 0x7B, 0x29, 0xFF}}},
	{{{4093, 1390, 3672}, 0, {196, 976}, {0xAC, 0x7B, 0x29, 0xFF}}},
	{{{4250, 1390, 3672}, 0, {196, 970}, {0xAC, 0x7B, 0x29, 0xFF}}},
	{{{4264, 1367, 3658}, 0, {193, 970}, {0xAC, 0x7B, 0x29, 0xFF}}},
	{{{4264, 1367, 3658}, 0, {193, 976}, {0xAC, 0x7B, 0x29, 0xFF}}},
	{{{4250, 1390, 3672}, 0, {196, 976}, {0xAC, 0x7B, 0x29, 0xFF}}},
	{{{4250, 1790, 3672}, 0, {196, 970}, {0xAC, 0x7B, 0x29, 0xFF}}},
	{{{4264, 1804, 3658}, 0, {193, 970}, {0xAC, 0x7B, 0x29, 0xFF}}},
	{{{4010, 1908, 3681}, 0, {193, 976}, {0xAC, 0x7B, 0x29, 0xFF}}},
	{{{4015, 1891, 3658}, 0, {196, 976}, {0xAC, 0x7B, 0x29, 0xFF}}},
	{{{3964, 1859, 3658}, 0, {196, 970}, {0xAC, 0x7B, 0x29, 0xFF}}},
	{{{3955, 1873, 3681}, 0, {193, 970}, {0xAC, 0x7B, 0x29, 0xFF}}},
	{{{4172, 1891, 3658}, 0, {193, 976}, {0xAC, 0x7B, 0x29, 0xFF}}},
	{{{4223, 1859, 3658}, 0, {196, 976}, {0xAC, 0x7B, 0x29, 0xFF}}},
	{{{4212, 1840, 3672}, 0, {196, 970}, {0xAC, 0x7B, 0x29, 0xFF}}},
	{{{4165, 1870, 3672}, 0, {193, 970}, {0xAC, 0x7B, 0x29, 0xFF}}},
	{{{3923, 1367, 3658}, 0, {193, 976}, {0xAC, 0x7B, 0x29, 0xFF}}},
	{{{3923, 1804, 3658}, 0, {196, 976}, {0xAC, 0x7B, 0x29, 0xFF}}},
	{{{3937, 1790, 3672}, 0, {196, 970}, {0xAC, 0x7B, 0x29, 0xFF}}},
	{{{3937, 1390, 3672}, 0, {193, 970}, {0xAC, 0x7B, 0x29, 0xFF}}},
	{{{4093, 1367, 3658}, 0, {193, 976}, {0xAC, 0x7B, 0x29, 0xFF}}},
	{{{3923, 1367, 3658}, 0, {196, 976}, {0xAC, 0x7B, 0x29, 0xFF}}},
	{{{3937, 1390, 3672}, 0, {196, 970}, {0xAC, 0x7B, 0x29, 0xFF}}},
	{{{4093, 1390, 3672}, 0, {193, 970}, {0xAC, 0x7B, 0x29, 0xFF}}},
	{{{4093, 1907, 3658}, 0, {193, 976}, {0xAC, 0x7B, 0x29, 0xFF}}},
	{{{4093, 1884, 3672}, 0, {196, 976}, {0xAC, 0x7B, 0x29, 0xFF}}},
	{{{4021, 1870, 3672}, 0, {196, 970}, {0xAC, 0x7B, 0x29, 0xFF}}},
	{{{4015, 1891, 3658}, 0, {193, 970}, {0xAC, 0x7B, 0x29, 0xFF}}},
	{{{4275, 1350, 3681}, 0, {193, 976}, {0xAC, 0x7B, 0x29, 0xFF}}},
	{{{4264, 1367, 3658}, 0, {196, 976}, {0xAC, 0x7B, 0x29, 0xFF}}},
	{{{4264, 1804, 3658}, 0, {196, 970}, {0xAC, 0x7B, 0x29, 0xFF}}},
	{{{4275, 1815, 3681}, 0, {193, 970}, {0xAC, 0x7B, 0x29, 0xFF}}},
	{{{4172, 1891, 3658}, 0, {196, 976}, {0xAC, 0x7B, 0x29, 0xFF}}},
	{{{4165, 1870, 3672}, 0, {196, 970}, {0xAC, 0x7B, 0x29, 0xFF}}},
	{{{4093, 1884, 3672}, 0, {193, 970}, {0xAC, 0x7B, 0x29, 0xFF}}},
	{{{4093, 1350, 3681}, 0, {193, 976}, {0xAC, 0x7B, 0x29, 0xFF}}},
	{{{3911, 1350, 3681}, 0, {196, 976}, {0xAC, 0x7B, 0x29, 0xFF}}},
	{{{3923, 1367, 3658}, 0, {196, 970}, {0xAC, 0x7B, 0x29, 0xFF}}},
	{{{4093, 1367, 3658}, 0, {193, 970}, {0xAC, 0x7B, 0x29, 0xFF}}},
	{{{4015, 1891, 3658}, 0, {193, 976}, {0xAC, 0x7B, 0x29, 0xFF}}},
	{{{4021, 1870, 3672}, 0, {196, 976}, {0xAC, 0x7B, 0x29, 0xFF}}},
	{{{3975, 1840, 3672}, 0, {196, 970}, {0xAC, 0x7B, 0x29, 0xFF}}},
	{{{3964, 1859, 3658}, 0, {193, 970}, {0xAC, 0x7B, 0x29, 0xFF}}},
	{{{4231, 1873, 3681}, 0, {193, 976}, {0xAC, 0x7B, 0x29, 0xFF}}},
	{{{4275, 1815, 3681}, 0, {196, 976}, {0xAC, 0x7B, 0x29, 0xFF}}},
	{{{4223, 1859, 3658}, 0, {193, 970}, {0xAC, 0x7B, 0x29, 0xFF}}},
	{{{4093, 1367, 3658}, 0, {196, 976}, {0xAC, 0x7B, 0x29, 0xFF}}},
	{{{4264, 1367, 3658}, 0, {196, 970}, {0xAC, 0x7B, 0x29, 0xFF}}},
	{{{4275, 1350, 3681}, 0, {193, 970}, {0xAC, 0x7B, 0x29, 0xFF}}},
	{{{4093, 1925, 3681}, 0, {193, 976}, {0xAC, 0x7B, 0x29, 0xFF}}},
	{{{4177, 1908, 3681}, 0, {196, 976}, {0xAC, 0x7B, 0x29, 0xFF}}},
	{{{4172, 1891, 3658}, 0, {196, 970}, {0xAC, 0x7B, 0x29, 0xFF}}},
	{{{4093, 1907, 3658}, 0, {193, 970}, {0xAC, 0x7B, 0x29, 0xFF}}},
	{{{4177, 1908, 3681}, 0, {193, 976}, {0xAC, 0x7B, 0x29, 0xFF}}},
	{{{4231, 1873, 3681}, 0, {196, 976}, {0xAC, 0x7B, 0x29, 0xFF}}},
	{{{4223, 1859, 3658}, 0, {196, 970}, {0xAC, 0x7B, 0x29, 0xFF}}},
	{{{4172, 1891, 3658}, 0, {193, 970}, {0xAC, 0x7B, 0x29, 0xFF}}},
	{{{4093, 1907, 3658}, 0, {196, 976}, {0xAC, 0x7B, 0x29, 0xFF}}},
	{{{4015, 1891, 3658}, 0, {196, 970}, {0xAC, 0x7B, 0x29, 0xFF}}},
	{{{4010, 1908, 3681}, 0, {193, 970}, {0xAC, 0x7B, 0x29, 0xFF}}},
	{{{3955, 1873, 3681}, 0, {193, 976}, {0xAC, 0x7B, 0x29, 0xFF}}},
	{{{3964, 1859, 3658}, 0, {196, 976}, {0xAC, 0x7B, 0x29, 0xFF}}},
	{{{3923, 1804, 3658}, 0, {196, 970}, {0xAC, 0x7B, 0x29, 0xFF}}},
	{{{3911, 1815, 3681}, 0, {193, 970}, {0xAC, 0x7B, 0x29, 0xFF}}},
	{{{3964, 1859, 3658}, 0, {193, 976}, {0xAC, 0x7B, 0x29, 0xFF}}},
	{{{3975, 1840, 3672}, 0, {196, 976}, {0xAC, 0x7B, 0x29, 0xFF}}},
	{{{3923, 1804, 3658}, 0, {193, 970}, {0xAC, 0x7B, 0x29, 0xFF}}},
	{{{3911, 1350, 3681}, 0, {193, 976}, {0xAC, 0x7B, 0x29, 0xFF}}},
	{{{3911, 1815, 3681}, 0, {196, 976}, {0xAC, 0x7B, 0x29, 0xFF}}},
	{{{3923, 1367, 3658}, 0, {193, 970}, {0xAC, 0x7B, 0x29, 0xFF}}},
	{{{4223, 1859, 4526}, 0, {193, 976}, {0xAC, 0x7B, 0x29, 0xFF}}},
	{{{4212, 1840, 4512}, 0, {196, 976}, {0xAC, 0x7B, 0x29, 0xFF}}},
	{{{4250, 1790, 4512}, 0, {196, 970}, {0xAC, 0x7B, 0x29, 0xFF}}},
	{{{4264, 1804, 4526}, 0, {193, 970}, {0xAC, 0x7B, 0x29, 0xFF}}},
	{{{4223, 1859, 3658}, 0, {193, 976}, {0xAC, 0x7B, 0x29, 0xFF}}},
	{{{4264, 1804, 3658}, 0, {196, 976}, {0xAC, 0x7B, 0x29, 0xFF}}},
	{{{4250, 1790, 3672}, 0, {196, 970}, {0xAC, 0x7B, 0x29, 0xFF}}},
	{{{4212, 1840, 3672}, 0, {193, 970}, {0xAC, 0x7B, 0x29, 0xFF}}},
	{{{4504, 1908, 4176}, 0, {193, 976}, {0xAC, 0x7B, 0x29, 0xFF}}},
	{{{4504, 1873, 4230}, 0, {196, 976}, {0xAC, 0x7B, 0x29, 0xFF}}},
	{{{4527, 1859, 4221}, 0, {196, 970}, {0xAC, 0x7B, 0x29, 0xFF}}},
	{{{4527, 1891, 4170}, 0, {193, 970}, {0xAC, 0x7B, 0x29, 0xFF}}},
	{{{4527, 1907, 4092}, 0, {193, 976}, {0xAC, 0x7B, 0x29, 0xFF}}},
	{{{4527, 1891, 4170}, 0, {196, 976}, {0xAC, 0x7B, 0x29, 0xFF}}},
	{{{4514, 1870, 4164}, 0, {196, 970}, {0xAC, 0x7B, 0x29, 0xFF}}},
	{{{4514, 1884, 4092}, 0, {193, 970}, {0xAC, 0x7B, 0x29, 0xFF}}},
	{{{4527, 1891, 4013}, 0, {193, 976}, {0xAC, 0x7B, 0x29, 0xFF}}},
	{{{4514, 1870, 4020}, 0, {196, 976}, {0xAC, 0x7B, 0x29, 0xFF}}},
	{{{4514, 1840, 3973}, 0, {196, 970}, {0xAC, 0x7B, 0x29, 0xFF}}},
	{{{4527, 1859, 3962}, 0, {193, 970}, {0xAC, 0x7B, 0x29, 0xFF}}},
	{{{4527, 1367, 3921}, 0, {193, 976}, {0xAC, 0x7B, 0x29, 0xFF}}},
	{{{4527, 1804, 3921}, 0, {196, 976}, {0xAC, 0x7B, 0x29, 0xFF}}},
	{{{4514, 1790, 3936}, 0, {196, 970}, {0xAC, 0x7B, 0x29, 0xFF}}},
	{{{4514, 1390, 3936}, 0, {193, 970}, {0xAC, 0x7B, 0x29, 0xFF}}},
	{{{4504, 1350, 4092}, 0, {193, 976}, {0xAC, 0x7B, 0x29, 0xFF}}},
	{{{4527, 1367, 4092}, 0, {196, 976}, {0xAC, 0x7B, 0x29, 0xFF}}},
	{{{4527, 1367, 4262}, 0, {196, 970}, {0xAC, 0x7B, 0x29, 0xFF}}},
	{{{4504, 1350, 4274}, 0, {193, 970}, {0xAC, 0x7B, 0x29, 0xFF}}},
	{{{4504, 1350, 4274}, 0, {193, 976}, {0xAC, 0x7B, 0x29, 0xFF}}},
	{{{4527, 1367, 4262}, 0, {196, 976}, {0xAC, 0x7B, 0x29, 0xFF}}},
	{{{4527, 1804, 4262}, 0, {196, 970}, {0xAC, 0x7B, 0x29, 0xFF}}},
	{{{4504, 1815, 4274}, 0, {193, 970}, {0xAC, 0x7B, 0x29, 0xFF}}},
	{{{4504, 1350, 3910}, 0, {193, 976}, {0xAC, 0x7B, 0x29, 0xFF}}},
	{{{4504, 1815, 3910}, 0, {196, 976}, {0xAC, 0x7B, 0x29, 0xFF}}},
	{{{4527, 1804, 3921}, 0, {196, 970}, {0xAC, 0x7B, 0x29, 0xFF}}},
	{{{4527, 1367, 3921}, 0, {193, 970}, {0xAC, 0x7B, 0x29, 0xFF}}},
	{{{4514, 1884, 4092}, 0, {196, 976}, {0xAC, 0x7B, 0x29, 0xFF}}},
	{{{4514, 1870, 4020}, 0, {196, 970}, {0xAC, 0x7B, 0x29, 0xFF}}},
	{{{4527, 1891, 4013}, 0, {193, 970}, {0xAC, 0x7B, 0x29, 0xFF}}},
	{{{4527, 1367, 4262}, 0, {193, 976}, {0xAC, 0x7B, 0x29, 0xFF}}},
	{{{4514, 1390, 4248}, 0, {196, 976}, {0xAC, 0x7B, 0x29, 0xFF}}},
	{{{4514, 1790, 4248}, 0, {196, 970}, {0xAC, 0x7B, 0x29, 0xFF}}},
	{{{4527, 1804, 4262}, 0, {193, 970}, {0xAC, 0x7B, 0x29, 0xFF}}},
	{{{4527, 1891, 4170}, 0, {193, 976}, {0xAC, 0x7B, 0x29, 0xFF}}},
	{{{4527, 1859, 4221}, 0, {196, 976}, {0xAC, 0x7B, 0x29, 0xFF}}},
	{{{4514, 1840, 4211}, 0, {196, 970}, {0xAC, 0x7B, 0x29, 0xFF}}},
	{{{4514, 1870, 4164}, 0, {193, 970}, {0xAC, 0x7B, 0x29, 0xFF}}},
	{{{4527, 1367, 4092}, 0, {193, 976}, {0xAC, 0x7B, 0x29, 0xFF}}},
	{{{4514, 1390, 4092}, 0, {196, 976}, {0xAC, 0x7B, 0x29, 0xFF}}},
	{{{4514, 1390, 4248}, 0, {196, 970}, {0xAC, 0x7B, 0x29, 0xFF}}},
	{{{4527, 1367, 4262}, 0, {193, 970}, {0xAC, 0x7B, 0x29, 0xFF}}},
	{{{4527, 1367, 3921}, 0, {196, 976}, {0xAC, 0x7B, 0x29, 0xFF}}},
	{{{4514, 1390, 3936}, 0, {196, 970}, {0xAC, 0x7B, 0x29, 0xFF}}},
	{{{4514, 1390, 4092}, 0, {193, 970}, {0xAC, 0x7B, 0x29, 0xFF}}},
	{{{4504, 1873, 3954}, 0, {193, 976}, {0xAC, 0x7B, 0x29, 0xFF}}},
	{{{4527, 1859, 3962}, 0, {196, 976}, {0xAC, 0x7B, 0x29, 0xFF}}},
	{{{4504, 1815, 3910}, 0, {193, 970}, {0xAC, 0x7B, 0x29, 0xFF}}},
	{{{4504, 1908, 4008}, 0, {193, 976}, {0xAC, 0x7B, 0x29, 0xFF}}},
	{{{4527, 1891, 4013}, 0, {196, 976}, {0xAC, 0x7B, 0x29, 0xFF}}},
	{{{4527, 1859, 3962}, 0, {196, 970}, {0xAC, 0x7B, 0x29, 0xFF}}},
	{{{4504, 1873, 3954}, 0, {193, 970}, {0xAC, 0x7B, 0x29, 0xFF}}},
	{{{4504, 1925, 4092}, 0, {193, 976}, {0xAC, 0x7B, 0x29, 0xFF}}},
	{{{4527, 1907, 4092}, 0, {196, 976}, {0xAC, 0x7B, 0x29, 0xFF}}},
	{{{4527, 1891, 4013}, 0, {196, 970}, {0xAC, 0x7B, 0x29, 0xFF}}},
	{{{4504, 1925, 4092}, 0, {193, 976}, {0xAC, 0x7B, 0x29, 0xFF}}},
	{{{4527, 1891, 4013}, 0, {196, 970}, {0xAC, 0x7B, 0x29, 0xFF}}},
	{{{4504, 1908, 4008}, 0, {193, 970}, {0xAC, 0x7B, 0x29, 0xFF}}},
	{{{4504, 1350, 4092}, 0, {193, 976}, {0xAC, 0x7B, 0x29, 0xFF}}},
	{{{4504, 1350, 3910}, 0, {196, 976}, {0xAC, 0x7B, 0x29, 0xFF}}},
	{{{4527, 1367, 3921}, 0, {196, 970}, {0xAC, 0x7B, 0x29, 0xFF}}},
	{{{4527, 1367, 4092}, 0, {193, 970}, {0xAC, 0x7B, 0x29, 0xFF}}},
	{{{4527, 1859, 4221}, 0, {193, 976}, {0xAC, 0x7B, 0x29, 0xFF}}},
	{{{4527, 1804, 4262}, 0, {196, 976}, {0xAC, 0x7B, 0x29, 0xFF}}},
	{{{4514, 1790, 4248}, 0, {196, 970}, {0xAC, 0x7B, 0x29, 0xFF}}},
	{{{4514, 1840, 4211}, 0, {193, 970}, {0xAC, 0x7B, 0x29, 0xFF}}},
	{{{4504, 1873, 4230}, 0, {193, 976}, {0xAC, 0x7B, 0x29, 0xFF}}},
	{{{4504, 1815, 4274}, 0, {196, 976}, {0xAC, 0x7B, 0x29, 0xFF}}},
	{{{4527, 1804, 4262}, 0, {196, 970}, {0xAC, 0x7B, 0x29, 0xFF}}},
	{{{4527, 1859, 4221}, 0, {193, 970}, {0xAC, 0x7B, 0x29, 0xFF}}},
	{{{4504, 1908, 4176}, 0, {196, 976}, {0xAC, 0x7B, 0x29, 0xFF}}},
	{{{4527, 1891, 4170}, 0, {196, 970}, {0xAC, 0x7B, 0x29, 0xFF}}},
	{{{4527, 1907, 4092}, 0, {193, 970}, {0xAC, 0x7B, 0x29, 0xFF}}},
	{{{3659, 1367, 4092}, 0, {193, 976}, {0xAC, 0x7B, 0x29, 0xFF}}},
	{{{3673, 1390, 4092}, 0, {196, 976}, {0xAC, 0x7B, 0x29, 0xFF}}},
	{{{3673, 1390, 3936}, 0, {196, 970}, {0xAC, 0x7B, 0x29, 0xFF}}},
	{{{3659, 1367, 3921}, 0, {193, 970}, {0xAC, 0x7B, 0x29, 0xFF}}},
	{{{3659, 1367, 3921}, 0, {193, 976}, {0xAC, 0x7B, 0x29, 0xFF}}},
	{{{3673, 1390, 3936}, 0, {196, 976}, {0xAC, 0x7B, 0x29, 0xFF}}},
	{{{3673, 1790, 3936}, 0, {196, 970}, {0xAC, 0x7B, 0x29, 0xFF}}},
	{{{3659, 1804, 3921}, 0, {193, 970}, {0xAC, 0x7B, 0x29, 0xFF}}},
	{{{3682, 1908, 4176}, 0, {193, 976}, {0xAC, 0x7B, 0x29, 0xFF}}},
	{{{3659, 1891, 4170}, 0, {196, 976}, {0xAC, 0x7B, 0x29, 0xFF}}},
	{{{3659, 1859, 4221}, 0, {196, 970}, {0xAC, 0x7B, 0x29, 0xFF}}},
	{{{3682, 1873, 4230}, 0, {193, 970}, {0xAC, 0x7B, 0x29, 0xFF}}},
	{{{3659, 1891, 4013}, 0, {193, 976}, {0xAC, 0x7B, 0x29, 0xFF}}},
	{{{3659, 1859, 3962}, 0, {196, 976}, {0xAC, 0x7B, 0x29, 0xFF}}},
	{{{3673, 1840, 3973}, 0, {196, 970}, {0xAC, 0x7B, 0x29, 0xFF}}},
	{{{3673, 1870, 4020}, 0, {193, 970}, {0xAC, 0x7B, 0x29, 0xFF}}},
	{{{3659, 1367, 4262}, 0, {193, 976}, {0xAC, 0x7B, 0x29, 0xFF}}},
	{{{3659, 1804, 4262}, 0, {196, 976}, {0xAC, 0x7B, 0x29, 0xFF}}},
	{{{3673, 1790, 4248}, 0, {196, 970}, {0xAC, 0x7B, 0x29, 0xFF}}},
	{{{3673, 1390, 4248}, 0, {193, 970}, {0xAC, 0x7B, 0x29, 0xFF}}},
	{{{3659, 1367, 4262}, 0, {196, 976}, {0xAC, 0x7B, 0x29, 0xFF}}},
	{{{3673, 1390, 4248}, 0, {196, 970}, {0xAC, 0x7B, 0x29, 0xFF}}},
	{{{3673, 1390, 4092}, 0, {193, 970}, {0xAC, 0x7B, 0x29, 0xFF}}},
	{{{3659, 1907, 4092}, 0, {193, 976}, {0xAC, 0x7B, 0x29, 0xFF}}},
	{{{3673, 1884, 4092}, 0, {196, 976}, {0xAC, 0x7B, 0x29, 0xFF}}},
	{{{3673, 1870, 4164}, 0, {196, 970}, {0xAC, 0x7B, 0x29, 0xFF}}},
	{{{3659, 1891, 4170}, 0, {193, 970}, {0xAC, 0x7B, 0x29, 0xFF}}},
	{{{3682, 1350, 3910}, 0, {193, 976}, {0xAC, 0x7B, 0x29, 0xFF}}},
	{{{3659, 1367, 3921}, 0, {196, 976}, {0xAC, 0x7B, 0x29, 0xFF}}},
	{{{3659, 1804, 3921}, 0, {196, 970}, {0xAC, 0x7B, 0x29, 0xFF}}},
	{{{3682, 1815, 3910}, 0, {193, 970}, {0xAC, 0x7B, 0x29, 0xFF}}},
	{{{3659, 1891, 4013}, 0, {196, 976}, {0xAC, 0x7B, 0x29, 0xFF}}},
	{{{3673, 1870, 4020}, 0, {196, 970}, {0xAC, 0x7B, 0x29, 0xFF}}},
	{{{3673, 1884, 4092}, 0, {193, 970}, {0xAC, 0x7B, 0x29, 0xFF}}},
	{{{3682, 1350, 4092}, 0, {193, 976}, {0xAC, 0x7B, 0x29, 0xFF}}},
	{{{3682, 1350, 4274}, 0, {196, 976}, {0xAC, 0x7B, 0x29, 0xFF}}},
	{{{3659, 1367, 4262}, 0, {196, 970}, {0xAC, 0x7B, 0x29, 0xFF}}},
	{{{3659, 1367, 4092}, 0, {193, 970}, {0xAC, 0x7B, 0x29, 0xFF}}},
	{{{3659, 1891, 4170}, 0, {193, 976}, {0xAC, 0x7B, 0x29, 0xFF}}},
	{{{3673, 1870, 4164}, 0, {196, 976}, {0xAC, 0x7B, 0x29, 0xFF}}},
	{{{3673, 1840, 4211}, 0, {196, 970}, {0xAC, 0x7B, 0x29, 0xFF}}},
	{{{3659, 1859, 4221}, 0, {193, 970}, {0xAC, 0x7B, 0x29, 0xFF}}},
	{{{3682, 1873, 3954}, 0, {193, 976}, {0xAC, 0x7B, 0x29, 0xFF}}},
	{{{3682, 1815, 3910}, 0, {196, 976}, {0xAC, 0x7B, 0x29, 0xFF}}},
	{{{3659, 1859, 3962}, 0, {193, 970}, {0xAC, 0x7B, 0x29, 0xFF}}},
	{{{3682, 1350, 4092}, 0, {193, 976}, {0xAC, 0x7B, 0x29, 0xFF}}},
	{{{3659, 1367, 4092}, 0, {196, 976}, {0xAC, 0x7B, 0x29, 0xFF}}},
	{{{3659, 1367, 3921}, 0, {196, 970}, {0xAC, 0x7B, 0x29, 0xFF}}},
	{{{3682, 1350, 3910}, 0, {193, 970}, {0xAC, 0x7B, 0x29, 0xFF}}},
	{{{3682, 1925, 4092}, 0, {193, 976}, {0xAC, 0x7B, 0x29, 0xFF}}},
	{{{3682, 1908, 4008}, 0, {196, 976}, {0xAC, 0x7B, 0x29, 0xFF}}},
	{{{3659, 1891, 4013}, 0, {196, 970}, {0xAC, 0x7B, 0x29, 0xFF}}},
	{{{3659, 1907, 4092}, 0, {193, 970}, {0xAC, 0x7B, 0x29, 0xFF}}},
	{{{3682, 1908, 4008}, 0, {193, 976}, {0xAC, 0x7B, 0x29, 0xFF}}},
	{{{3682, 1873, 3954}, 0, {196, 976}, {0xAC, 0x7B, 0x29, 0xFF}}},
	{{{3659, 1859, 3962}, 0, {196, 970}, {0xAC, 0x7B, 0x29, 0xFF}}},
	{{{3659, 1891, 4013}, 0, {193, 970}, {0xAC, 0x7B, 0x29, 0xFF}}},
	{{{3659, 1907, 4092}, 0, {196, 976}, {0xAC, 0x7B, 0x29, 0xFF}}},
	{{{3659, 1891, 4170}, 0, {196, 970}, {0xAC, 0x7B, 0x29, 0xFF}}},
	{{{3682, 1908, 4176}, 0, {193, 970}, {0xAC, 0x7B, 0x29, 0xFF}}},
	{{{3682, 1873, 4230}, 0, {193, 976}, {0xAC, 0x7B, 0x29, 0xFF}}},
	{{{3659, 1859, 4221}, 0, {196, 976}, {0xAC, 0x7B, 0x29, 0xFF}}},
	{{{3659, 1804, 4262}, 0, {196, 970}, {0xAC, 0x7B, 0x29, 0xFF}}},
	{{{3682, 1815, 4274}, 0, {193, 970}, {0xAC, 0x7B, 0x29, 0xFF}}},
	{{{3659, 1859, 4221}, 0, {193, 976}, {0xAC, 0x7B, 0x29, 0xFF}}},
	{{{3673, 1840, 4211}, 0, {196, 976}, {0xAC, 0x7B, 0x29, 0xFF}}},
	{{{3673, 1790, 4248}, 0, {196, 970}, {0xAC, 0x7B, 0x29, 0xFF}}},
	{{{3659, 1804, 4262}, 0, {193, 970}, {0xAC, 0x7B, 0x29, 0xFF}}},
	{{{3682, 1350, 4274}, 0, {193, 976}, {0xAC, 0x7B, 0x29, 0xFF}}},
	{{{3682, 1815, 4274}, 0, {196, 976}, {0xAC, 0x7B, 0x29, 0xFF}}},
	{{{3659, 1367, 4262}, 0, {193, 970}, {0xAC, 0x7B, 0x29, 0xFF}}},
	{{{4527, 1859, 3962}, 0, {193, 976}, {0xAC, 0x7B, 0x29, 0xFF}}},
	{{{4514, 1840, 3973}, 0, {196, 976}, {0xAC, 0x7B, 0x29, 0xFF}}},
	{{{4514, 1790, 3936}, 0, {196, 970}, {0xAC, 0x7B, 0x29, 0xFF}}},
	{{{4527, 1804, 3921}, 0, {193, 970}, {0xAC, 0x7B, 0x29, 0xFF}}},
	{{{3659, 1859, 3962}, 0, {193, 976}, {0xAC, 0x7B, 0x29, 0xFF}}},
	{{{3659, 1804, 3921}, 0, {196, 976}, {0xAC, 0x7B, 0x29, 0xFF}}},
	{{{3673, 1790, 3936}, 0, {196, 970}, {0xAC, 0x7B, 0x29, 0xFF}}},
	{{{3673, 1840, 3973}, 0, {193, 970}, {0xAC, 0x7B, 0x29, 0xFF}}},
	{{{-4503, 1908, 4010}, 0, {193, 976}, {0xAC, 0x7B, 0x29, 0xFF}}},
	{{{-4503, 1873, 3955}, 0, {196, 976}, {0xAC, 0x7B, 0x29, 0xFF}}},
	{{{-4526, 1859, 3964}, 0, {196, 970}, {0xAC, 0x7B, 0x29, 0xFF}}},
	{{{-4526, 1891, 4015}, 0, {193, 970}, {0xAC, 0x7B, 0x29, 0xFF}}},
	{{{-4526, 1907, 4093}, 0, {193, 976}, {0xAC, 0x7B, 0x29, 0xFF}}},
	{{{-4526, 1891, 4015}, 0, {196, 976}, {0xAC, 0x7B, 0x29, 0xFF}}},
	{{{-4512, 1870, 4021}, 0, {196, 970}, {0xAC, 0x7B, 0x29, 0xFF}}},
	{{{-4512, 1884, 4093}, 0, {193, 970}, {0xAC, 0x7B, 0x29, 0xFF}}},
	{{{-4526, 1891, 4172}, 0, {193, 976}, {0xAC, 0x7B, 0x29, 0xFF}}},
	{{{-4512, 1870, 4165}, 0, {196, 976}, {0xAC, 0x7B, 0x29, 0xFF}}},
	{{{-4512, 1840, 4212}, 0, {196, 970}, {0xAC, 0x7B, 0x29, 0xFF}}},
	{{{-4526, 1859, 4223}, 0, {193, 970}, {0xAC, 0x7B, 0x29, 0xFF}}},
	{{{-4526, 1367, 4264}, 0, {193, 976}, {0xAC, 0x7B, 0x29, 0xFF}}},
	{{{-4526, 1804, 4264}, 0, {196, 976}, {0xAC, 0x7B, 0x29, 0xFF}}},
	{{{-4512, 1790, 4250}, 0, {196, 970}, {0xAC, 0x7B, 0x29, 0xFF}}},
	{{{-4512, 1390, 4250}, 0, {193, 970}, {0xAC, 0x7B, 0x29, 0xFF}}},
	{{{-4503, 1350, 4093}, 0, {193, 976}, {0xAC, 0x7B, 0x29, 0xFF}}},
	{{{-4526, 1367, 4093}, 0, {196, 976}, {0xAC, 0x7B, 0x29, 0xFF}}},
	{{{-4526, 1367, 3923}, 0, {196, 970}, {0xAC, 0x7B, 0x29, 0xFF}}},
	{{{-4503, 1350, 3911}, 0, {193, 970}, {0xAC, 0x7B, 0x29, 0xFF}}},
	{{{-4503, 1350, 3911}, 0, {193, 976}, {0xAC, 0x7B, 0x29, 0xFF}}},
	{{{-4526, 1367, 3923}, 0, {196, 976}, {0xAC, 0x7B, 0x29, 0xFF}}},
	{{{-4526, 1804, 3923}, 0, {196, 970}, {0xAC, 0x7B, 0x29, 0xFF}}},
	{{{-4503, 1815, 3911}, 0, {193, 970}, {0xAC, 0x7B, 0x29, 0xFF}}},
	{{{-4503, 1350, 4275}, 0, {193, 976}, {0xAC, 0x7B, 0x29, 0xFF}}},
	{{{-4503, 1815, 4275}, 0, {196, 976}, {0xAC, 0x7B, 0x29, 0xFF}}},
	{{{-4526, 1804, 4264}, 0, {196, 970}, {0xAC, 0x7B, 0x29, 0xFF}}},
	{{{-4526, 1367, 4264}, 0, {193, 970}, {0xAC, 0x7B, 0x29, 0xFF}}},
	{{{-4512, 1884, 4093}, 0, {196, 976}, {0xAC, 0x7B, 0x29, 0xFF}}},
	{{{-4512, 1870, 4165}, 0, {196, 970}, {0xAC, 0x7B, 0x29, 0xFF}}},
	{{{-4526, 1907, 4093}, 0, {193, 976}, {0xAC, 0x7B, 0x29, 0xFF}}},
	{{{-4512, 1870, 4165}, 0, {196, 970}, {0xAC, 0x7B, 0x29, 0xFF}}},
	{{{-4526, 1891, 4172}, 0, {193, 970}, {0xAC, 0x7B, 0x29, 0xFF}}},
	{{{-4526, 1367, 3923}, 0, {193, 976}, {0xAC, 0x7B, 0x29, 0xFF}}},
	{{{-4512, 1390, 3937}, 0, {196, 976}, {0xAC, 0x7B, 0x29, 0xFF}}},
	{{{-4512, 1790, 3937}, 0, {196, 970}, {0xAC, 0x7B, 0x29, 0xFF}}},
	{{{-4526, 1804, 3923}, 0, {193, 970}, {0xAC, 0x7B, 0x29, 0xFF}}},
	{{{-4526, 1891, 4015}, 0, {193, 976}, {0xAC, 0x7B, 0x29, 0xFF}}},
	{{{-4526, 1859, 3964}, 0, {196, 976}, {0xAC, 0x7B, 0x29, 0xFF}}},
	{{{-4512, 1840, 3975}, 0, {196, 970}, {0xAC, 0x7B, 0x29, 0xFF}}},
	{{{-4512, 1870, 4021}, 0, {193, 970}, {0xAC, 0x7B, 0x29, 0xFF}}},
	{{{-4526, 1367, 4093}, 0, {193, 976}, {0xAC, 0x7B, 0x29, 0xFF}}},
	{{{-4512, 1390, 4093}, 0, {196, 976}, {0xAC, 0x7B, 0x29, 0xFF}}},
	{{{-4512, 1390, 3937}, 0, {196, 970}, {0xAC, 0x7B, 0x29, 0xFF}}},
	{{{-4526, 1367, 3923}, 0, {193, 970}, {0xAC, 0x7B, 0x29, 0xFF}}},
	{{{-4526, 1367, 4264}, 0, {196, 976}, {0xAC, 0x7B, 0x29, 0xFF}}},
	{{{-4512, 1390, 4250}, 0, {196, 970}, {0xAC, 0x7B, 0x29, 0xFF}}},
	{{{-4512, 1390, 4093}, 0, {193, 970}, {0xAC, 0x7B, 0x29, 0xFF}}},
	{{{-4503, 1873, 4231}, 0, {193, 976}, {0xAC, 0x7B, 0x29, 0xFF}}},
	{{{-4526, 1859, 4223}, 0, {196, 976}, {0xAC, 0x7B, 0x29, 0xFF}}},
	{{{-4526, 1804, 4264}, 0, {196, 970}, {0xAC, 0x7B, 0x29, 0xFF}}},
	{{{-4503, 1815, 4275}, 0, {193, 970}, {0xAC, 0x7B, 0x29, 0xFF}}},
	{{{-4503, 1908, 4177}, 0, {193, 976}, {0xAC, 0x7B, 0x29, 0xFF}}},
	{{{-4526, 1891, 4172}, 0, {196, 976}, {0xAC, 0x7B, 0x29, 0xFF}}},
	{{{-4526, 1859, 4223}, 0, {196, 970}, {0xAC, 0x7B, 0x29, 0xFF}}},
	{{{-4503, 1873, 4231}, 0, {193, 970}, {0xAC, 0x7B, 0x29, 0xFF}}},
	{{{-4503, 1925, 4093}, 0, {193, 976}, {0xAC, 0x7B, 0x29, 0xFF}}},
	{{{-4526, 1907, 4093}, 0, {196, 976}, {0xAC, 0x7B, 0x29, 0xFF}}},
	{{{-4526, 1891, 4172}, 0, {196, 970}, {0xAC, 0x7B, 0x29, 0xFF}}},
	{{{-4503, 1908, 4177}, 0, {193, 970}, {0xAC, 0x7B, 0x29, 0xFF}}},
	{{{-4503, 1350, 4093}, 0, {193, 976}, {0xAC, 0x7B, 0x29, 0xFF}}},
	{{{-4503, 1350, 4275}, 0, {196, 976}, {0xAC, 0x7B, 0x29, 0xFF}}},
	{{{-4526, 1367, 4264}, 0, {196, 970}, {0xAC, 0x7B, 0x29, 0xFF}}},
	{{{-4526, 1367, 4093}, 0, {193, 970}, {0xAC, 0x7B, 0x29, 0xFF}}},
	{{{-4526, 1859, 3964}, 0, {193, 976}, {0xAC, 0x7B, 0x29, 0xFF}}},
	{{{-4526, 1804, 3923}, 0, {196, 976}, {0xAC, 0x7B, 0x29, 0xFF}}},
	{{{-4512, 1840, 3975}, 0, {193, 970}, {0xAC, 0x7B, 0x29, 0xFF}}},
	{{{-4503, 1873, 3955}, 0, {193, 976}, {0xAC, 0x7B, 0x29, 0xFF}}},
	{{{-4503, 1815, 3911}, 0, {196, 976}, {0xAC, 0x7B, 0x29, 0xFF}}},
	{{{-4526, 1804, 3923}, 0, {196, 970}, {0xAC, 0x7B, 0x29, 0xFF}}},
	{{{-4526, 1859, 3964}, 0, {193, 970}, {0xAC, 0x7B, 0x29, 0xFF}}},
	{{{-4503, 1908, 4010}, 0, {196, 976}, {0xAC, 0x7B, 0x29, 0xFF}}},
	{{{-4526, 1891, 4015}, 0, {196, 970}, {0xAC, 0x7B, 0x29, 0xFF}}},
	{{{-4526, 1907, 4093}, 0, {193, 970}, {0xAC, 0x7B, 0x29, 0xFF}}},
	{{{-3658, 1367, 4093}, 0, {193, 976}, {0xAC, 0x7B, 0x29, 0xFF}}},
	{{{-3672, 1390, 4093}, 0, {196, 976}, {0xAC, 0x7B, 0x29, 0xFF}}},
	{{{-3672, 1390, 4250}, 0, {196, 970}, {0xAC, 0x7B, 0x29, 0xFF}}},
	{{{-3658, 1367, 4264}, 0, {193, 970}, {0xAC, 0x7B, 0x29, 0xFF}}},
	{{{-3658, 1367, 4264}, 0, {193, 976}, {0xAC, 0x7B, 0x29, 0xFF}}},
	{{{-3672, 1390, 4250}, 0, {196, 976}, {0xAC, 0x7B, 0x29, 0xFF}}},
	{{{-3672, 1790, 4250}, 0, {196, 970}, {0xAC, 0x7B, 0x29, 0xFF}}},
	{{{-3658, 1804, 4264}, 0, {193, 970}, {0xAC, 0x7B, 0x29, 0xFF}}},
	{{{-3681, 1908, 4010}, 0, {193, 976}, {0xAC, 0x7B, 0x29, 0xFF}}},
	{{{-3658, 1891, 4015}, 0, {196, 976}, {0xAC, 0x7B, 0x29, 0xFF}}},
	{{{-3658, 1859, 3964}, 0, {196, 970}, {0xAC, 0x7B, 0x29, 0xFF}}},
	{{{-3681, 1873, 3955}, 0, {193, 970}, {0xAC, 0x7B, 0x29, 0xFF}}},
	{{{-3658, 1891, 4172}, 0, {193, 976}, {0xAC, 0x7B, 0x29, 0xFF}}},
	{{{-3658, 1859, 4223}, 0, {196, 976}, {0xAC, 0x7B, 0x29, 0xFF}}},
	{{{-3672, 1840, 4212}, 0, {196, 970}, {0xAC, 0x7B, 0x29, 0xFF}}},
	{{{-3672, 1870, 4165}, 0, {193, 970}, {0xAC, 0x7B, 0x29, 0xFF}}},
	{{{-3658, 1367, 3923}, 0, {193, 976}, {0xAC, 0x7B, 0x29, 0xFF}}},
	{{{-3658, 1804, 3923}, 0, {196, 976}, {0xAC, 0x7B, 0x29, 0xFF}}},
	{{{-3672, 1790, 3937}, 0, {196, 970}, {0xAC, 0x7B, 0x29, 0xFF}}},
	{{{-3672, 1390, 3937}, 0, {193, 970}, {0xAC, 0x7B, 0x29, 0xFF}}},
	{{{-3658, 1367, 4093}, 0, {193, 976}, {0xAC, 0x7B, 0x29, 0xFF}}},
	{{{-3658, 1367, 3923}, 0, {196, 976}, {0xAC, 0x7B, 0x29, 0xFF}}},
	{{{-3672, 1390, 3937}, 0, {196, 970}, {0xAC, 0x7B, 0x29, 0xFF}}},
	{{{-3672, 1390, 4093}, 0, {193, 970}, {0xAC, 0x7B, 0x29, 0xFF}}},
	{{{-3658, 1907, 4093}, 0, {193, 976}, {0xAC, 0x7B, 0x29, 0xFF}}},
	{{{-3672, 1884, 4093}, 0, {196, 976}, {0xAC, 0x7B, 0x29, 0xFF}}},
	{{{-3672, 1870, 4021}, 0, {196, 970}, {0xAC, 0x7B, 0x29, 0xFF}}},
	{{{-3658, 1891, 4015}, 0, {193, 970}, {0xAC, 0x7B, 0x29, 0xFF}}},
	{{{-3681, 1350, 4275}, 0, {193, 976}, {0xAC, 0x7B, 0x29, 0xFF}}},
	{{{-3658, 1367, 4264}, 0, {196, 976}, {0xAC, 0x7B, 0x29, 0xFF}}},
	{{{-3658, 1804, 4264}, 0, {196, 970}, {0xAC, 0x7B, 0x29, 0xFF}}},
	{{{-3681, 1815, 4275}, 0, {193, 970}, {0xAC, 0x7B, 0x29, 0xFF}}},
	{{{-3658, 1891, 4172}, 0, {196, 976}, {0xAC, 0x7B, 0x29, 0xFF}}},
	{{{-3672, 1870, 4165}, 0, {196, 970}, {0xAC, 0x7B, 0x29, 0xFF}}},
	{{{-3672, 1884, 4093}, 0, {193, 970}, {0xAC, 0x7B, 0x29, 0xFF}}},
	{{{-3681, 1350, 4093}, 0, {193, 976}, {0xAC, 0x7B, 0x29, 0xFF}}},
	{{{-3681, 1350, 3911}, 0, {196, 976}, {0xAC, 0x7B, 0x29, 0xFF}}},
	{{{-3658, 1367, 3923}, 0, {196, 970}, {0xAC, 0x7B, 0x29, 0xFF}}},
	{{{-3658, 1367, 4093}, 0, {193, 970}, {0xAC, 0x7B, 0x29, 0xFF}}},
	{{{-3658, 1891, 4015}, 0, {193, 976}, {0xAC, 0x7B, 0x29, 0xFF}}},
	{{{-3672, 1870, 4021}, 0, {196, 976}, {0xAC, 0x7B, 0x29, 0xFF}}},
	{{{-3672, 1840, 3975}, 0, {196, 970}, {0xAC, 0x7B, 0x29, 0xFF}}},
	{{{-3658, 1859, 3964}, 0, {193, 970}, {0xAC, 0x7B, 0x29, 0xFF}}},
	{{{-3681, 1873, 4231}, 0, {193, 976}, {0xAC, 0x7B, 0x29, 0xFF}}},
	{{{-3681, 1815, 4275}, 0, {196, 976}, {0xAC, 0x7B, 0x29, 0xFF}}},
	{{{-3658, 1859, 4223}, 0, {193, 970}, {0xAC, 0x7B, 0x29, 0xFF}}},
	{{{-3658, 1367, 4093}, 0, {196, 976}, {0xAC, 0x7B, 0x29, 0xFF}}},
	{{{-3658, 1367, 4264}, 0, {196, 970}, {0xAC, 0x7B, 0x29, 0xFF}}},
	{{{-3681, 1350, 4275}, 0, {193, 970}, {0xAC, 0x7B, 0x29, 0xFF}}},
	{{{-3681, 1925, 4093}, 0, {193, 976}, {0xAC, 0x7B, 0x29, 0xFF}}},
	{{{-3681, 1908, 4177}, 0, {196, 976}, {0xAC, 0x7B, 0x29, 0xFF}}},
	{{{-3658, 1891, 4172}, 0, {196, 970}, {0xAC, 0x7B, 0x29, 0xFF}}},
	{{{-3658, 1907, 4093}, 0, {193, 970}, {0xAC, 0x7B, 0x29, 0xFF}}},
	{{{-3681, 1908, 4177}, 0, {193, 976}, {0xAC, 0x7B, 0x29, 0xFF}}},
	{{{-3681, 1873, 4231}, 0, {196, 976}, {0xAC, 0x7B, 0x29, 0xFF}}},
	{{{-3658, 1859, 4223}, 0, {196, 970}, {0xAC, 0x7B, 0x29, 0xFF}}},
	{{{-3658, 1891, 4172}, 0, {193, 970}, {0xAC, 0x7B, 0x29, 0xFF}}},
	{{{-3658, 1907, 4093}, 0, {196, 976}, {0xAC, 0x7B, 0x29, 0xFF}}},
	{{{-3658, 1891, 4015}, 0, {196, 970}, {0xAC, 0x7B, 0x29, 0xFF}}},
	{{{-3681, 1908, 4010}, 0, {193, 970}, {0xAC, 0x7B, 0x29, 0xFF}}},
	{{{-3681, 1873, 3955}, 0, {193, 976}, {0xAC, 0x7B, 0x29, 0xFF}}},
	{{{-3658, 1859, 3964}, 0, {196, 976}, {0xAC, 0x7B, 0x29, 0xFF}}},
	{{{-3658, 1804, 3923}, 0, {196, 970}, {0xAC, 0x7B, 0x29, 0xFF}}},
	{{{-3681, 1815, 3911}, 0, {193, 970}, {0xAC, 0x7B, 0x29, 0xFF}}},
	{{{-3658, 1859, 3964}, 0, {193, 976}, {0xAC, 0x7B, 0x29, 0xFF}}},
	{{{-3672, 1840, 3975}, 0, {196, 976}, {0xAC, 0x7B, 0x29, 0xFF}}},
	{{{-3672, 1790, 3937}, 0, {196, 970}, {0xAC, 0x7B, 0x29, 0xFF}}},
	{{{-3658, 1804, 3923}, 0, {193, 970}, {0xAC, 0x7B, 0x29, 0xFF}}},
	{{{-3681, 1350, 3911}, 0, {193, 976}, {0xAC, 0x7B, 0x29, 0xFF}}},
	{{{-3681, 1815, 3911}, 0, {196, 976}, {0xAC, 0x7B, 0x29, 0xFF}}},
	{{{-3658, 1367, 3923}, 0, {193, 970}, {0xAC, 0x7B, 0x29, 0xFF}}},
	{{{-4526, 1859, 4223}, 0, {193, 976}, {0xAC, 0x7B, 0x29, 0xFF}}},
	{{{-4512, 1840, 4212}, 0, {196, 976}, {0xAC, 0x7B, 0x29, 0xFF}}},
	{{{-4512, 1790, 4250}, 0, {196, 970}, {0xAC, 0x7B, 0x29, 0xFF}}},
	{{{-4526, 1804, 4264}, 0, {193, 970}, {0xAC, 0x7B, 0x29, 0xFF}}},
	{{{-3658, 1859, 4223}, 0, {193, 976}, {0xAC, 0x7B, 0x29, 0xFF}}},
	{{{-3658, 1804, 4264}, 0, {196, 976}, {0xAC, 0x7B, 0x29, 0xFF}}},
	{{{-3672, 1790, 4250}, 0, {196, 970}, {0xAC, 0x7B, 0x29, 0xFF}}},
	{{{-3672, 1840, 4212}, 0, {193, 970}, {0xAC, 0x7B, 0x29, 0xFF}}},
	{{{-4176, 1908, 4504}, 0, {193, 976}, {0xAC, 0x7B, 0x29, 0xFF}}},
	{{{-4230, 1873, 4504}, 0, {196, 976}, {0xAC, 0x7B, 0x29, 0xFF}}},
	{{{-4221, 1859, 4527}, 0, {196, 970}, {0xAC, 0x7B, 0x29, 0xFF}}},
	{{{-4170, 1891, 4527}, 0, {193, 970}, {0xAC, 0x7B, 0x29, 0xFF}}},
	{{{-4092, 1907, 4527}, 0, {193, 976}, {0xAC, 0x7B, 0x29, 0xFF}}},
	{{{-4170, 1891, 4527}, 0, {196, 976}, {0xAC, 0x7B, 0x29, 0xFF}}},
	{{{-4164, 1870, 4514}, 0, {196, 970}, {0xAC, 0x7B, 0x29, 0xFF}}},
	{{{-4092, 1884, 4514}, 0, {193, 970}, {0xAC, 0x7B, 0x29, 0xFF}}},
	{{{-4013, 1891, 4527}, 0, {193, 976}, {0xAC, 0x7B, 0x29, 0xFF}}},
	{{{-4020, 1870, 4514}, 0, {196, 976}, {0xAC, 0x7B, 0x29, 0xFF}}},
	{{{-3973, 1840, 4514}, 0, {196, 970}, {0xAC, 0x7B, 0x29, 0xFF}}},
	{{{-3962, 1859, 4527}, 0, {193, 970}, {0xAC, 0x7B, 0x29, 0xFF}}},
	{{{-3921, 1367, 4527}, 0, {193, 976}, {0xAC, 0x7B, 0x29, 0xFF}}},
	{{{-3921, 1804, 4527}, 0, {196, 976}, {0xAC, 0x7B, 0x29, 0xFF}}},
	{{{-3936, 1790, 4514}, 0, {196, 970}, {0xAC, 0x7B, 0x29, 0xFF}}},
	{{{-3936, 1390, 4514}, 0, {193, 970}, {0xAC, 0x7B, 0x29, 0xFF}}},
	{{{-4092, 1350, 4504}, 0, {193, 976}, {0xAC, 0x7B, 0x29, 0xFF}}},
	{{{-4092, 1367, 4527}, 0, {196, 976}, {0xAC, 0x7B, 0x29, 0xFF}}},
	{{{-4262, 1367, 4527}, 0, {196, 970}, {0xAC, 0x7B, 0x29, 0xFF}}},
	{{{-4274, 1350, 4504}, 0, {193, 970}, {0xAC, 0x7B, 0x29, 0xFF}}},
	{{{-4274, 1350, 4504}, 0, {193, 976}, {0xAC, 0x7B, 0x29, 0xFF}}},
	{{{-4262, 1367, 4527}, 0, {196, 976}, {0xAC, 0x7B, 0x29, 0xFF}}},
	{{{-4262, 1804, 4527}, 0, {196, 970}, {0xAC, 0x7B, 0x29, 0xFF}}},
	{{{-4274, 1815, 4504}, 0, {193, 970}, {0xAC, 0x7B, 0x29, 0xFF}}},
	{{{-3910, 1350, 4504}, 0, {193, 976}, {0xAC, 0x7B, 0x29, 0xFF}}},
	{{{-3910, 1815, 4504}, 0, {196, 976}, {0xAC, 0x7B, 0x29, 0xFF}}},
	{{{-3921, 1804, 4527}, 0, {196, 970}, {0xAC, 0x7B, 0x29, 0xFF}}},
	{{{-3921, 1367, 4527}, 0, {193, 970}, {0xAC, 0x7B, 0x29, 0xFF}}},
	{{{-4092, 1884, 4514}, 0, {196, 976}, {0xAC, 0x7B, 0x29, 0xFF}}},
	{{{-4020, 1870, 4514}, 0, {196, 970}, {0xAC, 0x7B, 0x29, 0xFF}}},
	{{{-4013, 1891, 4527}, 0, {193, 970}, {0xAC, 0x7B, 0x29, 0xFF}}},
	{{{-4262, 1367, 4527}, 0, {193, 976}, {0xAC, 0x7B, 0x29, 0xFF}}},
	{{{-4248, 1390, 4514}, 0, {196, 976}, {0xAC, 0x7B, 0x29, 0xFF}}},
	{{{-4248, 1790, 4514}, 0, {196, 970}, {0xAC, 0x7B, 0x29, 0xFF}}},
	{{{-4262, 1804, 4527}, 0, {193, 970}, {0xAC, 0x7B, 0x29, 0xFF}}},
	{{{-4170, 1891, 4527}, 0, {193, 976}, {0xAC, 0x7B, 0x29, 0xFF}}},
	{{{-4221, 1859, 4527}, 0, {196, 976}, {0xAC, 0x7B, 0x29, 0xFF}}},
	{{{-4211, 1840, 4514}, 0, {196, 970}, {0xAC, 0x7B, 0x29, 0xFF}}},
	{{{-4164, 1870, 4514}, 0, {193, 970}, {0xAC, 0x7B, 0x29, 0xFF}}},
	{{{-4092, 1367, 4527}, 0, {193, 976}, {0xAC, 0x7B, 0x29, 0xFF}}},
	{{{-4092, 1390, 4514}, 0, {196, 976}, {0xAC, 0x7B, 0x29, 0xFF}}},
	{{{-4248, 1390, 4514}, 0, {196, 970}, {0xAC, 0x7B, 0x29, 0xFF}}},
	{{{-4262, 1367, 4527}, 0, {193, 970}, {0xAC, 0x7B, 0x29, 0xFF}}},
	{{{-3921, 1367, 4527}, 0, {196, 976}, {0xAC, 0x7B, 0x29, 0xFF}}},
	{{{-3936, 1390, 4514}, 0, {196, 970}, {0xAC, 0x7B, 0x29, 0xFF}}},
	{{{-4092, 1390, 4514}, 0, {193, 970}, {0xAC, 0x7B, 0x29, 0xFF}}},
	{{{-3954, 1873, 4504}, 0, {193, 976}, {0xAC, 0x7B, 0x29, 0xFF}}},
	{{{-3962, 1859, 4527}, 0, {196, 976}, {0xAC, 0x7B, 0x29, 0xFF}}},
	{{{-3910, 1815, 4504}, 0, {193, 970}, {0xAC, 0x7B, 0x29, 0xFF}}},
	{{{-4008, 1908, 4504}, 0, {193, 976}, {0xAC, 0x7B, 0x29, 0xFF}}},
	{{{-4013, 1891, 4527}, 0, {196, 976}, {0xAC, 0x7B, 0x29, 0xFF}}},
	{{{-3962, 1859, 4527}, 0, {196, 970}, {0xAC, 0x7B, 0x29, 0xFF}}},
	{{{-3954, 1873, 4504}, 0, {193, 970}, {0xAC, 0x7B, 0x29, 0xFF}}},
	{{{-4092, 1925, 4504}, 0, {193, 976}, {0xAC, 0x7B, 0x29, 0xFF}}},
	{{{-4092, 1907, 4527}, 0, {196, 976}, {0xAC, 0x7B, 0x29, 0xFF}}},
	{{{-4013, 1891, 4527}, 0, {196, 970}, {0xAC, 0x7B, 0x29, 0xFF}}},
	{{{-4008, 1908, 4504}, 0, {193, 970}, {0xAC, 0x7B, 0x29, 0xFF}}},
	{{{-3910, 1350, 4504}, 0, {196, 976}, {0xAC, 0x7B, 0x29, 0xFF}}},
	{{{-3921, 1367, 4527}, 0, {196, 970}, {0xAC, 0x7B, 0x29, 0xFF}}},
	{{{-4092, 1367, 4527}, 0, {193, 970}, {0xAC, 0x7B, 0x29, 0xFF}}},
	{{{-4221, 1859, 4527}, 0, {193, 976}, {0xAC, 0x7B, 0x29, 0xFF}}},
	{{{-4262, 1804, 4527}, 0, {196, 976}, {0xAC, 0x7B, 0x29, 0xFF}}},
	{{{-4211, 1840, 4514}, 0, {193, 970}, {0xAC, 0x7B, 0x29, 0xFF}}},
	{{{-4230, 1873, 4504}, 0, {193, 976}, {0xAC, 0x7B, 0x29, 0xFF}}},
	{{{-4274, 1815, 4504}, 0, {196, 976}, {0xAC, 0x7B, 0x29, 0xFF}}},
	{{{-4221, 1859, 4527}, 0, {193, 970}, {0xAC, 0x7B, 0x29, 0xFF}}},
	{{{-4176, 1908, 4504}, 0, {196, 976}, {0xAC, 0x7B, 0x29, 0xFF}}},
	{{{-4170, 1891, 4527}, 0, {196, 970}, {0xAC, 0x7B, 0x29, 0xFF}}},
	{{{-4092, 1925, 4504}, 0, {193, 976}, {0xAC, 0x7B, 0x29, 0xFF}}},
	{{{-4170, 1891, 4527}, 0, {196, 970}, {0xAC, 0x7B, 0x29, 0xFF}}},
	{{{-4092, 1907, 4527}, 0, {193, 970}, {0xAC, 0x7B, 0x29, 0xFF}}},
	{{{-4092, 1367, 3659}, 0, {193, 976}, {0xAC, 0x7B, 0x29, 0xFF}}},
	{{{-4092, 1390, 3673}, 0, {196, 976}, {0xAC, 0x7B, 0x29, 0xFF}}},
	{{{-3936, 1390, 3673}, 0, {196, 970}, {0xAC, 0x7B, 0x29, 0xFF}}},
	{{{-3921, 1367, 3659}, 0, {193, 970}, {0xAC, 0x7B, 0x29, 0xFF}}},
	{{{-3921, 1367, 3659}, 0, {193, 976}, {0xAC, 0x7B, 0x29, 0xFF}}},
	{{{-3936, 1390, 3673}, 0, {196, 976}, {0xAC, 0x7B, 0x29, 0xFF}}},
	{{{-3936, 1790, 3673}, 0, {196, 970}, {0xAC, 0x7B, 0x29, 0xFF}}},
	{{{-3921, 1804, 3659}, 0, {193, 970}, {0xAC, 0x7B, 0x29, 0xFF}}},
	{{{-4176, 1908, 3682}, 0, {193, 976}, {0xAC, 0x7B, 0x29, 0xFF}}},
	{{{-4170, 1891, 3659}, 0, {196, 976}, {0xAC, 0x7B, 0x29, 0xFF}}},
	{{{-4221, 1859, 3659}, 0, {196, 970}, {0xAC, 0x7B, 0x29, 0xFF}}},
	{{{-4230, 1873, 3682}, 0, {193, 970}, {0xAC, 0x7B, 0x29, 0xFF}}},
	{{{-4013, 1891, 3659}, 0, {193, 976}, {0xAC, 0x7B, 0x29, 0xFF}}},
	{{{-3962, 1859, 3659}, 0, {196, 976}, {0xAC, 0x7B, 0x29, 0xFF}}},
	{{{-3973, 1840, 3673}, 0, {196, 970}, {0xAC, 0x7B, 0x29, 0xFF}}},
	{{{-4020, 1870, 3673}, 0, {193, 970}, {0xAC, 0x7B, 0x29, 0xFF}}},
	{{{-4262, 1367, 3659}, 0, {193, 976}, {0xAC, 0x7B, 0x29, 0xFF}}},
	{{{-4262, 1804, 3659}, 0, {196, 976}, {0xAC, 0x7B, 0x29, 0xFF}}},
	{{{-4248, 1790, 3673}, 0, {196, 970}, {0xAC, 0x7B, 0x29, 0xFF}}},
	{{{-4248, 1390, 3673}, 0, {193, 970}, {0xAC, 0x7B, 0x29, 0xFF}}},
	{{{-4262, 1367, 3659}, 0, {196, 976}, {0xAC, 0x7B, 0x29, 0xFF}}},
	{{{-4248, 1390, 3673}, 0, {196, 970}, {0xAC, 0x7B, 0x29, 0xFF}}},
	{{{-4092, 1390, 3673}, 0, {193, 970}, {0xAC, 0x7B, 0x29, 0xFF}}},
	{{{-4092, 1907, 3659}, 0, {193, 976}, {0xAC, 0x7B, 0x29, 0xFF}}},
	{{{-4092, 1884, 3673}, 0, {196, 976}, {0xAC, 0x7B, 0x29, 0xFF}}},
	{{{-4164, 1870, 3673}, 0, {196, 970}, {0xAC, 0x7B, 0x29, 0xFF}}},
	{{{-4170, 1891, 3659}, 0, {193, 970}, {0xAC, 0x7B, 0x29, 0xFF}}},
	{{{-3910, 1350, 3682}, 0, {193, 976}, {0xAC, 0x7B, 0x29, 0xFF}}},
	{{{-3921, 1367, 3659}, 0, {196, 976}, {0xAC, 0x7B, 0x29, 0xFF}}},
	{{{-3921, 1804, 3659}, 0, {196, 970}, {0xAC, 0x7B, 0x29, 0xFF}}},
	{{{-3910, 1815, 3682}, 0, {193, 970}, {0xAC, 0x7B, 0x29, 0xFF}}},
	{{{-4013, 1891, 3659}, 0, {196, 976}, {0xAC, 0x7B, 0x29, 0xFF}}},
	{{{-4020, 1870, 3673}, 0, {196, 970}, {0xAC, 0x7B, 0x29, 0xFF}}},
	{{{-4092, 1884, 3673}, 0, {193, 970}, {0xAC, 0x7B, 0x29, 0xFF}}},
	{{{-4092, 1350, 3682}, 0, {193, 976}, {0xAC, 0x7B, 0x29, 0xFF}}},
	{{{-4274, 1350, 3682}, 0, {196, 976}, {0xAC, 0x7B, 0x29, 0xFF}}},
	{{{-4262, 1367, 3659}, 0, {196, 970}, {0xAC, 0x7B, 0x29, 0xFF}}},
	{{{-4092, 1367, 3659}, 0, {193, 970}, {0xAC, 0x7B, 0x29, 0xFF}}},
	{{{-4170, 1891, 3659}, 0, {193, 976}, {0xAC, 0x7B, 0x29, 0xFF}}},
	{{{-4164, 1870, 3673}, 0, {196, 976}, {0xAC, 0x7B, 0x29, 0xFF}}},
	{{{-4211, 1840, 3673}, 0, {196, 970}, {0xAC, 0x7B, 0x29, 0xFF}}},
	{{{-4221, 1859, 3659}, 0, {193, 970}, {0xAC, 0x7B, 0x29, 0xFF}}},
	{{{-3954, 1873, 3682}, 0, {193, 976}, {0xAC, 0x7B, 0x29, 0xFF}}},
	{{{-3910, 1815, 3682}, 0, {196, 976}, {0xAC, 0x7B, 0x29, 0xFF}}},
	{{{-3962, 1859, 3659}, 0, {193, 970}, {0xAC, 0x7B, 0x29, 0xFF}}},
	{{{-4092, 1367, 3659}, 0, {196, 976}, {0xAC, 0x7B, 0x29, 0xFF}}},
	{{{-3921, 1367, 3659}, 0, {196, 970}, {0xAC, 0x7B, 0x29, 0xFF}}},
	{{{-3910, 1350, 3682}, 0, {193, 970}, {0xAC, 0x7B, 0x29, 0xFF}}},
	{{{-4092, 1925, 3682}, 0, {193, 976}, {0xAC, 0x7B, 0x29, 0xFF}}},
	{{{-4008, 1908, 3682}, 0, {196, 976}, {0xAC, 0x7B, 0x29, 0xFF}}},
	{{{-4013, 1891, 3659}, 0, {196, 970}, {0xAC, 0x7B, 0x29, 0xFF}}},
	{{{-4092, 1907, 3659}, 0, {193, 970}, {0xAC, 0x7B, 0x29, 0xFF}}},
	{{{-4008, 1908, 3682}, 0, {193, 976}, {0xAC, 0x7B, 0x29, 0xFF}}},
	{{{-3954, 1873, 3682}, 0, {196, 976}, {0xAC, 0x7B, 0x29, 0xFF}}},
	{{{-3962, 1859, 3659}, 0, {196, 970}, {0xAC, 0x7B, 0x29, 0xFF}}},
	{{{-4013, 1891, 3659}, 0, {193, 970}, {0xAC, 0x7B, 0x29, 0xFF}}},
	{{{-4092, 1907, 3659}, 0, {196, 976}, {0xAC, 0x7B, 0x29, 0xFF}}},
	{{{-4170, 1891, 3659}, 0, {196, 970}, {0xAC, 0x7B, 0x29, 0xFF}}},
	{{{-4176, 1908, 3682}, 0, {193, 970}, {0xAC, 0x7B, 0x29, 0xFF}}},
	{{{-4230, 1873, 3682}, 0, {193, 976}, {0xAC, 0x7B, 0x29, 0xFF}}},
	{{{-4221, 1859, 3659}, 0, {196, 976}, {0xAC, 0x7B, 0x29, 0xFF}}},
	{{{-4262, 1804, 3659}, 0, {196, 970}, {0xAC, 0x7B, 0x29, 0xFF}}},
	{{{-4274, 1815, 3682}, 0, {193, 970}, {0xAC, 0x7B, 0x29, 0xFF}}},
	{{{-4221, 1859, 3659}, 0, {193, 976}, {0xAC, 0x7B, 0x29, 0xFF}}},
	{{{-4211, 1840, 3673}, 0, {196, 976}, {0xAC, 0x7B, 0x29, 0xFF}}},
	{{{-4248, 1790, 3673}, 0, {196, 970}, {0xAC, 0x7B, 0x29, 0xFF}}},
	{{{-4262, 1804, 3659}, 0, {193, 970}, {0xAC, 0x7B, 0x29, 0xFF}}},
	{{{-4274, 1350, 3682}, 0, {193, 976}, {0xAC, 0x7B, 0x29, 0xFF}}},
	{{{-4274, 1815, 3682}, 0, {196, 976}, {0xAC, 0x7B, 0x29, 0xFF}}},
	{{{-4262, 1367, 3659}, 0, {193, 970}, {0xAC, 0x7B, 0x29, 0xFF}}},
	{{{-3962, 1859, 4527}, 0, {193, 976}, {0xAC, 0x7B, 0x29, 0xFF}}},
	{{{-3973, 1840, 4514}, 0, {196, 976}, {0xAC, 0x7B, 0x29, 0xFF}}},
	{{{-3936, 1790, 4514}, 0, {196, 970}, {0xAC, 0x7B, 0x29, 0xFF}}},
	{{{-3921, 1804, 4527}, 0, {193, 970}, {0xAC, 0x7B, 0x29, 0xFF}}},
	{{{-3962, 1859, 3659}, 0, {193, 976}, {0xAC, 0x7B, 0x29, 0xFF}}},
	{{{-3921, 1804, 3659}, 0, {196, 976}, {0xAC, 0x7B, 0x29, 0xFF}}},
	{{{-3936, 1790, 3673}, 0, {196, 970}, {0xAC, 0x7B, 0x29, 0xFF}}},
	{{{-3973, 1840, 3673}, 0, {193, 970}, {0xAC, 0x7B, 0x29, 0xFF}}},
	{{{4503, 1908, -4010}, 0, {193, 976}, {0xAC, 0x7B, 0x29, 0xFF}}},
	{{{4503, 1873, -3955}, 0, {196, 976}, {0xAC, 0x7B, 0x29, 0xFF}}},
	{{{4526, 1859, -3964}, 0, {196, 970}, {0xAC, 0x7B, 0x29, 0xFF}}},
	{{{4526, 1891, -4015}, 0, {193, 970}, {0xAC, 0x7B, 0x29, 0xFF}}},
	{{{4526, 1907, -4093}, 0, {193, 976}, {0xAC, 0x7B, 0x29, 0xFF}}},
	{{{4526, 1891, -4015}, 0, {196, 976}, {0xAC, 0x7B, 0x29, 0xFF}}},
	{{{4512, 1870, -4021}, 0, {196, 970}, {0xAC, 0x7B, 0x29, 0xFF}}},
	{{{4512, 1884, -4093}, 0, {193, 970}, {0xAC, 0x7B, 0x29, 0xFF}}},
	{{{4526, 1891, -4172}, 0, {193, 976}, {0xAC, 0x7B, 0x29, 0xFF}}},
	{{{4512, 1870, -4165}, 0, {196, 976}, {0xAC, 0x7B, 0x29, 0xFF}}},
	{{{4512, 1840, -4212}, 0, {196, 970}, {0xAC, 0x7B, 0x29, 0xFF}}},
	{{{4526, 1859, -4223}, 0, {193, 970}, {0xAC, 0x7B, 0x29, 0xFF}}},
	{{{4526, 1367, -4264}, 0, {193, 976}, {0xAC, 0x7B, 0x29, 0xFF}}},
	{{{4526, 1804, -4264}, 0, {196, 976}, {0xAC, 0x7B, 0x29, 0xFF}}},
	{{{4512, 1790, -4250}, 0, {196, 970}, {0xAC, 0x7B, 0x29, 0xFF}}},
	{{{4512, 1390, -4250}, 0, {193, 970}, {0xAC, 0x7B, 0x29, 0xFF}}},
	{{{4503, 1350, -4093}, 0, {193, 976}, {0xAC, 0x7B, 0x29, 0xFF}}},
	{{{4526, 1367, -4093}, 0, {196, 976}, {0xAC, 0x7B, 0x29, 0xFF}}},
	{{{4526, 1367, -3923}, 0, {196, 970}, {0xAC, 0x7B, 0x29, 0xFF}}},
	{{{4503, 1350, -3911}, 0, {193, 970}, {0xAC, 0x7B, 0x29, 0xFF}}},
	{{{4503, 1350, -3911}, 0, {193, 976}, {0xAC, 0x7B, 0x29, 0xFF}}},
	{{{4526, 1367, -3923}, 0, {196, 976}, {0xAC, 0x7B, 0x29, 0xFF}}},
	{{{4526, 1804, -3923}, 0, {196, 970}, {0xAC, 0x7B, 0x29, 0xFF}}},
	{{{4503, 1815, -3911}, 0, {193, 970}, {0xAC, 0x7B, 0x29, 0xFF}}},
	{{{4503, 1350, -4275}, 0, {193, 976}, {0xAC, 0x7B, 0x29, 0xFF}}},
	{{{4503, 1815, -4275}, 0, {196, 976}, {0xAC, 0x7B, 0x29, 0xFF}}},
	{{{4526, 1804, -4264}, 0, {196, 970}, {0xAC, 0x7B, 0x29, 0xFF}}},
	{{{4526, 1367, -4264}, 0, {193, 970}, {0xAC, 0x7B, 0x29, 0xFF}}},
	{{{4512, 1884, -4093}, 0, {196, 976}, {0xAC, 0x7B, 0x29, 0xFF}}},
	{{{4512, 1870, -4165}, 0, {196, 970}, {0xAC, 0x7B, 0x29, 0xFF}}},
	{{{4526, 1891, -4172}, 0, {193, 970}, {0xAC, 0x7B, 0x29, 0xFF}}},
	{{{4526, 1367, -3923}, 0, {193, 976}, {0xAC, 0x7B, 0x29, 0xFF}}},
	{{{4512, 1390, -3937}, 0, {196, 976}, {0xAC, 0x7B, 0x29, 0xFF}}},
	{{{4512, 1790, -3937}, 0, {196, 970}, {0xAC, 0x7B, 0x29, 0xFF}}},
	{{{4526, 1804, -3923}, 0, {193, 970}, {0xAC, 0x7B, 0x29, 0xFF}}},
	{{{4526, 1891, -4015}, 0, {193, 976}, {0xAC, 0x7B, 0x29, 0xFF}}},
	{{{4526, 1859, -3964}, 0, {196, 976}, {0xAC, 0x7B, 0x29, 0xFF}}},
	{{{4512, 1840, -3975}, 0, {196, 970}, {0xAC, 0x7B, 0x29, 0xFF}}},
	{{{4512, 1870, -4021}, 0, {193, 970}, {0xAC, 0x7B, 0x29, 0xFF}}},
	{{{4526, 1367, -4093}, 0, {193, 976}, {0xAC, 0x7B, 0x29, 0xFF}}},
	{{{4512, 1390, -4093}, 0, {196, 976}, {0xAC, 0x7B, 0x29, 0xFF}}},
	{{{4512, 1390, -3937}, 0, {196, 970}, {0xAC, 0x7B, 0x29, 0xFF}}},
	{{{4526, 1367, -3923}, 0, {193, 970}, {0xAC, 0x7B, 0x29, 0xFF}}},
	{{{4526, 1367, -4264}, 0, {196, 976}, {0xAC, 0x7B, 0x29, 0xFF}}},
	{{{4512, 1390, -4250}, 0, {196, 970}, {0xAC, 0x7B, 0x29, 0xFF}}},
	{{{4526, 1367, -4093}, 0, {193, 976}, {0xAC, 0x7B, 0x29, 0xFF}}},
	{{{4512, 1390, -4250}, 0, {196, 970}, {0xAC, 0x7B, 0x29, 0xFF}}},
	{{{4512, 1390, -4093}, 0, {193, 970}, {0xAC, 0x7B, 0x29, 0xFF}}},
	{{{4503, 1873, -4231}, 0, {193, 976}, {0xAC, 0x7B, 0x29, 0xFF}}},
	{{{4526, 1859, -4223}, 0, {196, 976}, {0xAC, 0x7B, 0x29, 0xFF}}},
	{{{4526, 1804, -4264}, 0, {196, 970}, {0xAC, 0x7B, 0x29, 0xFF}}},
	{{{4503, 1815, -4275}, 0, {193, 970}, {0xAC, 0x7B, 0x29, 0xFF}}},
	{{{4503, 1908, -4177}, 0, {193, 976}, {0xAC, 0x7B, 0x29, 0xFF}}},
	{{{4526, 1891, -4172}, 0, {196, 976}, {0xAC, 0x7B, 0x29, 0xFF}}},
	{{{4526, 1859, -4223}, 0, {196, 970}, {0xAC, 0x7B, 0x29, 0xFF}}},
	{{{4503, 1873, -4231}, 0, {193, 970}, {0xAC, 0x7B, 0x29, 0xFF}}},
	{{{4503, 1925, -4093}, 0, {193, 976}, {0xAC, 0x7B, 0x29, 0xFF}}},
	{{{4526, 1907, -4093}, 0, {196, 976}, {0xAC, 0x7B, 0x29, 0xFF}}},
	{{{4526, 1891, -4172}, 0, {196, 970}, {0xAC, 0x7B, 0x29, 0xFF}}},
	{{{4503, 1908, -4177}, 0, {193, 970}, {0xAC, 0x7B, 0x29, 0xFF}}},
	{{{4503, 1350, -4093}, 0, {193, 976}, {0xAC, 0x7B, 0x29, 0xFF}}},
	{{{4503, 1350, -4275}, 0, {196, 976}, {0xAC, 0x7B, 0x29, 0xFF}}},
	{{{4526, 1367, -4264}, 0, {196, 970}, {0xAC, 0x7B, 0x29, 0xFF}}},
	{{{4526, 1367, -4093}, 0, {193, 970}, {0xAC, 0x7B, 0x29, 0xFF}}},
	{{{4526, 1859, -3964}, 0, {193, 976}, {0xAC, 0x7B, 0x29, 0xFF}}},
	{{{4526, 1804, -3923}, 0, {196, 976}, {0xAC, 0x7B, 0x29, 0xFF}}},
	{{{4512, 1790, -3937}, 0, {196, 970}, {0xAC, 0x7B, 0x29, 0xFF}}},
	{{{4512, 1840, -3975}, 0, {193, 970}, {0xAC, 0x7B, 0x29, 0xFF}}},
	{{{4503, 1873, -3955}, 0, {193, 976}, {0xAC, 0x7B, 0x29, 0xFF}}},
	{{{4503, 1815, -3911}, 0, {196, 976}, {0xAC, 0x7B, 0x29, 0xFF}}},
	{{{4526, 1804, -3923}, 0, {196, 970}, {0xAC, 0x7B, 0x29, 0xFF}}},
	{{{4526, 1859, -3964}, 0, {193, 970}, {0xAC, 0x7B, 0x29, 0xFF}}},
	{{{4503, 1908, -4010}, 0, {196, 976}, {0xAC, 0x7B, 0x29, 0xFF}}},
	{{{4526, 1891, -4015}, 0, {196, 970}, {0xAC, 0x7B, 0x29, 0xFF}}},
	{{{4526, 1907, -4093}, 0, {193, 970}, {0xAC, 0x7B, 0x29, 0xFF}}},
	{{{3658, 1367, -4093}, 0, {193, 976}, {0xAC, 0x7B, 0x29, 0xFF}}},
	{{{3672, 1390, -4093}, 0, {196, 976}, {0xAC, 0x7B, 0x29, 0xFF}}},
	{{{3672, 1390, -4250}, 0, {196, 970}, {0xAC, 0x7B, 0x29, 0xFF}}},
	{{{3658, 1367, -4264}, 0, {193, 970}, {0xAC, 0x7B, 0x29, 0xFF}}},
	{{{3658, 1367, -4264}, 0, {193, 976}, {0xAC, 0x7B, 0x29, 0xFF}}},
	{{{3672, 1390, -4250}, 0, {196, 976}, {0xAC, 0x7B, 0x29, 0xFF}}},
	{{{3672, 1790, -4250}, 0, {196, 970}, {0xAC, 0x7B, 0x29, 0xFF}}},
	{{{3658, 1804, -4264}, 0, {193, 970}, {0xAC, 0x7B, 0x29, 0xFF}}},
	{{{3681, 1908, -4010}, 0, {193, 976}, {0xAC, 0x7B, 0x29, 0xFF}}},
	{{{3658, 1891, -4015}, 0, {196, 976}, {0xAC, 0x7B, 0x29, 0xFF}}},
	{{{3658, 1859, -3964}, 0, {196, 970}, {0xAC, 0x7B, 0x29, 0xFF}}},
	{{{3681, 1873, -3955}, 0, {193, 970}, {0xAC, 0x7B, 0x29, 0xFF}}},
	{{{3658, 1891, -4172}, 0, {193, 976}, {0xAC, 0x7B, 0x29, 0xFF}}},
	{{{3658, 1859, -4223}, 0, {196, 976}, {0xAC, 0x7B, 0x29, 0xFF}}},
	{{{3672, 1840, -4212}, 0, {196, 970}, {0xAC, 0x7B, 0x29, 0xFF}}},
	{{{3672, 1870, -4165}, 0, {193, 970}, {0xAC, 0x7B, 0x29, 0xFF}}},
	{{{3658, 1367, -3923}, 0, {193, 976}, {0xAC, 0x7B, 0x29, 0xFF}}},
	{{{3658, 1804, -3923}, 0, {196, 976}, {0xAC, 0x7B, 0x29, 0xFF}}},
	{{{3672, 1790, -3937}, 0, {196, 970}, {0xAC, 0x7B, 0x29, 0xFF}}},
	{{{3672, 1390, -3937}, 0, {193, 970}, {0xAC, 0x7B, 0x29, 0xFF}}},
	{{{3658, 1367, -3923}, 0, {196, 976}, {0xAC, 0x7B, 0x29, 0xFF}}},
	{{{3672, 1390, -3937}, 0, {196, 970}, {0xAC, 0x7B, 0x29, 0xFF}}},
	{{{3672, 1390, -4093}, 0, {193, 970}, {0xAC, 0x7B, 0x29, 0xFF}}},
	{{{3658, 1907, -4093}, 0, {193, 976}, {0xAC, 0x7B, 0x29, 0xFF}}},
	{{{3672, 1884, -4093}, 0, {196, 976}, {0xAC, 0x7B, 0x29, 0xFF}}},
	{{{3672, 1870, -4021}, 0, {196, 970}, {0xAC, 0x7B, 0x29, 0xFF}}},
	{{{3658, 1891, -4015}, 0, {193, 970}, {0xAC, 0x7B, 0x29, 0xFF}}},
	{{{3681, 1350, -4275}, 0, {193, 976}, {0xAC, 0x7B, 0x29, 0xFF}}},
	{{{3658, 1367, -4264}, 0, {196, 976}, {0xAC, 0x7B, 0x29, 0xFF}}},
	{{{3658, 1804, -4264}, 0, {196, 970}, {0xAC, 0x7B, 0x29, 0xFF}}},
	{{{3681, 1815, -4275}, 0, {193, 970}, {0xAC, 0x7B, 0x29, 0xFF}}},
	{{{3658, 1891, -4172}, 0, {196, 976}, {0xAC, 0x7B, 0x29, 0xFF}}},
	{{{3672, 1870, -4165}, 0, {196, 970}, {0xAC, 0x7B, 0x29, 0xFF}}},
	{{{3672, 1884, -4093}, 0, {193, 970}, {0xAC, 0x7B, 0x29, 0xFF}}},
	{{{3681, 1350, -4093}, 0, {193, 976}, {0xAC, 0x7B, 0x29, 0xFF}}},
	{{{3681, 1350, -3911}, 0, {196, 976}, {0xAC, 0x7B, 0x29, 0xFF}}},
	{{{3658, 1367, -3923}, 0, {196, 970}, {0xAC, 0x7B, 0x29, 0xFF}}},
	{{{3658, 1367, -4093}, 0, {193, 970}, {0xAC, 0x7B, 0x29, 0xFF}}},
	{{{3658, 1891, -4015}, 0, {193, 976}, {0xAC, 0x7B, 0x29, 0xFF}}},
	{{{3672, 1870, -4021}, 0, {196, 976}, {0xAC, 0x7B, 0x29, 0xFF}}},
	{{{3672, 1840, -3975}, 0, {196, 970}, {0xAC, 0x7B, 0x29, 0xFF}}},
	{{{3658, 1859, -3964}, 0, {193, 970}, {0xAC, 0x7B, 0x29, 0xFF}}},
	{{{3681, 1873, -4231}, 0, {193, 976}, {0xAC, 0x7B, 0x29, 0xFF}}},
	{{{3681, 1815, -4275}, 0, {196, 976}, {0xAC, 0x7B, 0x29, 0xFF}}},
	{{{3658, 1804, -4264}, 0, {196, 970}, {0xAC, 0x7B, 0x29, 0xFF}}},
	{{{3658, 1859, -4223}, 0, {193, 970}, {0xAC, 0x7B, 0x29, 0xFF}}},
	{{{3658, 1367, -4093}, 0, {196, 976}, {0xAC, 0x7B, 0x29, 0xFF}}},
	{{{3658, 1367, -4264}, 0, {196, 970}, {0xAC, 0x7B, 0x29, 0xFF}}},
	{{{3681, 1350, -4275}, 0, {193, 970}, {0xAC, 0x7B, 0x29, 0xFF}}},
	{{{3681, 1925, -4093}, 0, {193, 976}, {0xAC, 0x7B, 0x29, 0xFF}}},
	{{{3681, 1908, -4177}, 0, {196, 976}, {0xAC, 0x7B, 0x29, 0xFF}}},
	{{{3658, 1891, -4172}, 0, {196, 970}, {0xAC, 0x7B, 0x29, 0xFF}}},
	{{{3658, 1907, -4093}, 0, {193, 970}, {0xAC, 0x7B, 0x29, 0xFF}}},
	{{{3681, 1908, -4177}, 0, {193, 976}, {0xAC, 0x7B, 0x29, 0xFF}}},
	{{{3681, 1873, -4231}, 0, {196, 976}, {0xAC, 0x7B, 0x29, 0xFF}}},
	{{{3658, 1859, -4223}, 0, {196, 970}, {0xAC, 0x7B, 0x29, 0xFF}}},
	{{{3658, 1891, -4172}, 0, {193, 970}, {0xAC, 0x7B, 0x29, 0xFF}}},
	{{{3658, 1907, -4093}, 0, {196, 976}, {0xAC, 0x7B, 0x29, 0xFF}}},
	{{{3658, 1891, -4015}, 0, {196, 970}, {0xAC, 0x7B, 0x29, 0xFF}}},
	{{{3681, 1908, -4010}, 0, {193, 970}, {0xAC, 0x7B, 0x29, 0xFF}}},
	{{{3681, 1873, -3955}, 0, {193, 976}, {0xAC, 0x7B, 0x29, 0xFF}}},
	{{{3658, 1859, -3964}, 0, {196, 976}, {0xAC, 0x7B, 0x29, 0xFF}}},
	{{{3658, 1804, -3923}, 0, {196, 970}, {0xAC, 0x7B, 0x29, 0xFF}}},
	{{{3681, 1815, -3911}, 0, {193, 970}, {0xAC, 0x7B, 0x29, 0xFF}}},
	{{{3658, 1859, -3964}, 0, {193, 976}, {0xAC, 0x7B, 0x29, 0xFF}}},
	{{{3672, 1840, -3975}, 0, {196, 976}, {0xAC, 0x7B, 0x29, 0xFF}}},
	{{{3672, 1790, -3937}, 0, {196, 970}, {0xAC, 0x7B, 0x29, 0xFF}}},
	{{{3658, 1804, -3923}, 0, {193, 970}, {0xAC, 0x7B, 0x29, 0xFF}}},
	{{{3681, 1350, -3911}, 0, {193, 976}, {0xAC, 0x7B, 0x29, 0xFF}}},
	{{{3681, 1815, -3911}, 0, {196, 976}, {0xAC, 0x7B, 0x29, 0xFF}}},
	{{{3658, 1367, -3923}, 0, {193, 970}, {0xAC, 0x7B, 0x29, 0xFF}}},
	{{{4526, 1859, -4223}, 0, {193, 976}, {0xAC, 0x7B, 0x29, 0xFF}}},
	{{{4512, 1840, -4212}, 0, {196, 976}, {0xAC, 0x7B, 0x29, 0xFF}}},
	{{{4512, 1790, -4250}, 0, {196, 970}, {0xAC, 0x7B, 0x29, 0xFF}}},
	{{{4526, 1804, -4264}, 0, {193, 970}, {0xAC, 0x7B, 0x29, 0xFF}}},
	{{{3658, 1859, -4223}, 0, {193, 976}, {0xAC, 0x7B, 0x29, 0xFF}}},
	{{{3658, 1804, -4264}, 0, {196, 976}, {0xAC, 0x7B, 0x29, 0xFF}}},
	{{{3672, 1790, -4250}, 0, {196, 970}, {0xAC, 0x7B, 0x29, 0xFF}}},
	{{{3672, 1840, -4212}, 0, {193, 970}, {0xAC, 0x7B, 0x29, 0xFF}}},
	{{{4176, 1908, -4504}, 0, {193, 976}, {0xAC, 0x7B, 0x29, 0xFF}}},
	{{{4230, 1873, -4504}, 0, {196, 976}, {0xAC, 0x7B, 0x29, 0xFF}}},
	{{{4221, 1859, -4527}, 0, {196, 970}, {0xAC, 0x7B, 0x29, 0xFF}}},
	{{{4170, 1891, -4527}, 0, {193, 970}, {0xAC, 0x7B, 0x29, 0xFF}}},
	{{{4092, 1907, -4527}, 0, {193, 976}, {0xAC, 0x7B, 0x29, 0xFF}}},
	{{{4170, 1891, -4527}, 0, {196, 976}, {0xAC, 0x7B, 0x29, 0xFF}}},
	{{{4164, 1870, -4514}, 0, {196, 970}, {0xAC, 0x7B, 0x29, 0xFF}}},
	{{{4092, 1884, -4514}, 0, {193, 970}, {0xAC, 0x7B, 0x29, 0xFF}}},
	{{{4013, 1891, -4527}, 0, {193, 976}, {0xAC, 0x7B, 0x29, 0xFF}}},
	{{{4020, 1870, -4514}, 0, {196, 976}, {0xAC, 0x7B, 0x29, 0xFF}}},
	{{{3973, 1840, -4514}, 0, {196, 970}, {0xAC, 0x7B, 0x29, 0xFF}}},
	{{{3962, 1859, -4527}, 0, {193, 970}, {0xAC, 0x7B, 0x29, 0xFF}}},
	{{{3921, 1367, -4527}, 0, {193, 976}, {0xAC, 0x7B, 0x29, 0xFF}}},
	{{{3921, 1804, -4527}, 0, {196, 976}, {0xAC, 0x7B, 0x29, 0xFF}}},
	{{{3936, 1790, -4514}, 0, {196, 970}, {0xAC, 0x7B, 0x29, 0xFF}}},
	{{{3936, 1390, -4514}, 0, {193, 970}, {0xAC, 0x7B, 0x29, 0xFF}}},
	{{{4092, 1350, -4504}, 0, {193, 976}, {0xAC, 0x7B, 0x29, 0xFF}}},
	{{{4092, 1367, -4527}, 0, {196, 976}, {0xAC, 0x7B, 0x29, 0xFF}}},
	{{{4262, 1367, -4527}, 0, {196, 970}, {0xAC, 0x7B, 0x29, 0xFF}}},
	{{{4092, 1350, -4504}, 0, {193, 976}, {0xAC, 0x7B, 0x29, 0xFF}}},
	{{{4262, 1367, -4527}, 0, {196, 970}, {0xAC, 0x7B, 0x29, 0xFF}}},
	{{{4274, 1350, -4504}, 0, {193, 970}, {0xAC, 0x7B, 0x29, 0xFF}}},
	{{{4274, 1350, -4504}, 0, {193, 976}, {0xAC, 0x7B, 0x29, 0xFF}}},
	{{{4262, 1367, -4527}, 0, {196, 976}, {0xAC, 0x7B, 0x29, 0xFF}}},
	{{{4262, 1804, -4527}, 0, {196, 970}, {0xAC, 0x7B, 0x29, 0xFF}}},
	{{{4274, 1815, -4504}, 0, {193, 970}, {0xAC, 0x7B, 0x29, 0xFF}}},
	{{{3910, 1350, -4504}, 0, {193, 976}, {0xAC, 0x7B, 0x29, 0xFF}}},
	{{{3910, 1815, -4504}, 0, {196, 976}, {0xAC, 0x7B, 0x29, 0xFF}}},
	{{{3921, 1804, -4527}, 0, {196, 970}, {0xAC, 0x7B, 0x29, 0xFF}}},
	{{{3921, 1367, -4527}, 0, {193, 970}, {0xAC, 0x7B, 0x29, 0xFF}}},
	{{{4092, 1907, -4527}, 0, {193, 976}, {0xAC, 0x7B, 0x29, 0xFF}}},
	{{{4092, 1884, -4514}, 0, {196, 976}, {0xAC, 0x7B, 0x29, 0xFF}}},
	{{{4020, 1870, -4514}, 0, {196, 970}, {0xAC, 0x7B, 0x29, 0xFF}}},
	{{{4013, 1891, -4527}, 0, {193, 970}, {0xAC, 0x7B, 0x29, 0xFF}}},
	{{{4262, 1367, -4527}, 0, {193, 976}, {0xAC, 0x7B, 0x29, 0xFF}}},
	{{{4248, 1390, -4514}, 0, {196, 976}, {0xAC, 0x7B, 0x29, 0xFF}}},
	{{{4248, 1790, -4514}, 0, {196, 970}, {0xAC, 0x7B, 0x29, 0xFF}}},
	{{{4262, 1804, -4527}, 0, {193, 970}, {0xAC, 0x7B, 0x29, 0xFF}}},
	{{{4170, 1891, -4527}, 0, {193, 976}, {0xAC, 0x7B, 0x29, 0xFF}}},
	{{{4221, 1859, -4527}, 0, {196, 976}, {0xAC, 0x7B, 0x29, 0xFF}}},
	{{{4211, 1840, -4514}, 0, {196, 970}, {0xAC, 0x7B, 0x29, 0xFF}}},
	{{{4164, 1870, -4514}, 0, {193, 970}, {0xAC, 0x7B, 0x29, 0xFF}}},
	{{{4092, 1367, -4527}, 0, {193, 976}, {0xAC, 0x7B, 0x29, 0xFF}}},
	{{{4092, 1390, -4514}, 0, {196, 976}, {0xAC, 0x7B, 0x29, 0xFF}}},
	{{{4248, 1390, -4514}, 0, {196, 970}, {0xAC, 0x7B, 0x29, 0xFF}}},
	{{{4262, 1367, -4527}, 0, {193, 970}, {0xAC, 0x7B, 0x29, 0xFF}}},
	{{{3921, 1367, -4527}, 0, {196, 976}, {0xAC, 0x7B, 0x29, 0xFF}}},
	{{{3936, 1390, -4514}, 0, {196, 970}, {0xAC, 0x7B, 0x29, 0xFF}}},
	{{{4092, 1390, -4514}, 0, {193, 970}, {0xAC, 0x7B, 0x29, 0xFF}}},
	{{{3954, 1873, -4504}, 0, {193, 976}, {0xAC, 0x7B, 0x29, 0xFF}}},
	{{{3962, 1859, -4527}, 0, {196, 976}, {0xAC, 0x7B, 0x29, 0xFF}}},
	{{{3910, 1815, -4504}, 0, {193, 970}, {0xAC, 0x7B, 0x29, 0xFF}}},
	{{{4008, 1908, -4504}, 0, {193, 976}, {0xAC, 0x7B, 0x29, 0xFF}}},
	{{{4013, 1891, -4527}, 0, {196, 976}, {0xAC, 0x7B, 0x29, 0xFF}}},
	{{{3962, 1859, -4527}, 0, {196, 970}, {0xAC, 0x7B, 0x29, 0xFF}}},
	{{{3954, 1873, -4504}, 0, {193, 970}, {0xAC, 0x7B, 0x29, 0xFF}}},
	{{{4092, 1925, -4504}, 0, {193, 976}, {0xAC, 0x7B, 0x29, 0xFF}}},
	{{{4092, 1907, -4527}, 0, {196, 976}, {0xAC, 0x7B, 0x29, 0xFF}}},
	{{{4013, 1891, -4527}, 0, {196, 970}, {0xAC, 0x7B, 0x29, 0xFF}}},
	{{{4008, 1908, -4504}, 0, {193, 970}, {0xAC, 0x7B, 0x29, 0xFF}}},
	{{{3910, 1350, -4504}, 0, {196, 976}, {0xAC, 0x7B, 0x29, 0xFF}}},
	{{{3921, 1367, -4527}, 0, {196, 970}, {0xAC, 0x7B, 0x29, 0xFF}}},
	{{{4092, 1367, -4527}, 0, {193, 970}, {0xAC, 0x7B, 0x29, 0xFF}}},
	{{{4221, 1859, -4527}, 0, {193, 976}, {0xAC, 0x7B, 0x29, 0xFF}}},
	{{{4262, 1804, -4527}, 0, {196, 976}, {0xAC, 0x7B, 0x29, 0xFF}}},
	{{{4211, 1840, -4514}, 0, {193, 970}, {0xAC, 0x7B, 0x29, 0xFF}}},
	{{{4230, 1873, -4504}, 0, {193, 976}, {0xAC, 0x7B, 0x29, 0xFF}}},
	{{{4274, 1815, -4504}, 0, {196, 976}, {0xAC, 0x7B, 0x29, 0xFF}}},
	{{{4221, 1859, -4527}, 0, {193, 970}, {0xAC, 0x7B, 0x29, 0xFF}}},
	{{{4176, 1908, -4504}, 0, {196, 976}, {0xAC, 0x7B, 0x29, 0xFF}}},
	{{{4170, 1891, -4527}, 0, {196, 970}, {0xAC, 0x7B, 0x29, 0xFF}}},
	{{{4092, 1907, -4527}, 0, {193, 970}, {0xAC, 0x7B, 0x29, 0xFF}}},
	{{{4092, 1367, -3659}, 0, {193, 976}, {0xAC, 0x7B, 0x29, 0xFF}}},
	{{{4092, 1390, -3673}, 0, {196, 976}, {0xAC, 0x7B, 0x29, 0xFF}}},
	{{{3936, 1390, -3673}, 0, {196, 970}, {0xAC, 0x7B, 0x29, 0xFF}}},
	{{{3921, 1367, -3659}, 0, {193, 970}, {0xAC, 0x7B, 0x29, 0xFF}}},
	{{{3921, 1367, -3659}, 0, {193, 976}, {0xAC, 0x7B, 0x29, 0xFF}}},
	{{{3936, 1390, -3673}, 0, {196, 976}, {0xAC, 0x7B, 0x29, 0xFF}}},
	{{{3936, 1790, -3673}, 0, {196, 970}, {0xAC, 0x7B, 0x29, 0xFF}}},
	{{{3921, 1804, -3659}, 0, {193, 970}, {0xAC, 0x7B, 0x29, 0xFF}}},
	{{{4176, 1908, -3682}, 0, {193, 976}, {0xAC, 0x7B, 0x29, 0xFF}}},
	{{{4170, 1891, -3659}, 0, {196, 976}, {0xAC, 0x7B, 0x29, 0xFF}}},
	{{{4221, 1859, -3659}, 0, {196, 970}, {0xAC, 0x7B, 0x29, 0xFF}}},
	{{{4176, 1908, -3682}, 0, {193, 976}, {0xAC, 0x7B, 0x29, 0xFF}}},
	{{{4221, 1859, -3659}, 0, {196, 970}, {0xAC, 0x7B, 0x29, 0xFF}}},
	{{{4230, 1873, -3682}, 0, {193, 970}, {0xAC, 0x7B, 0x29, 0xFF}}},
	{{{4013, 1891, -3659}, 0, {193, 976}, {0xAC, 0x7B, 0x29, 0xFF}}},
	{{{3962, 1859, -3659}, 0, {196, 976}, {0xAC, 0x7B, 0x29, 0xFF}}},
	{{{3973, 1840, -3673}, 0, {196, 970}, {0xAC, 0x7B, 0x29, 0xFF}}},
	{{{4020, 1870, -3673}, 0, {193, 970}, {0xAC, 0x7B, 0x29, 0xFF}}},
	{{{4262, 1367, -3659}, 0, {193, 976}, {0xAC, 0x7B, 0x29, 0xFF}}},
	{{{4262, 1804, -3659}, 0, {196, 976}, {0xAC, 0x7B, 0x29, 0xFF}}},
	{{{4248, 1790, -3673}, 0, {196, 970}, {0xAC, 0x7B, 0x29, 0xFF}}},
	{{{4248, 1390, -3673}, 0, {193, 970}, {0xAC, 0x7B, 0x29, 0xFF}}},
	{{{4092, 1367, -3659}, 0, {193, 976}, {0xAC, 0x7B, 0x29, 0xFF}}},
	{{{4262, 1367, -3659}, 0, {196, 976}, {0xAC, 0x7B, 0x29, 0xFF}}},
	{{{4248, 1390, -3673}, 0, {196, 970}, {0xAC, 0x7B, 0x29, 0xFF}}},
	{{{4092, 1390, -3673}, 0, {193, 970}, {0xAC, 0x7B, 0x29, 0xFF}}},
	{{{4092, 1907, -3659}, 0, {193, 976}, {0xAC, 0x7B, 0x29, 0xFF}}},
	{{{4092, 1884, -3673}, 0, {196, 976}, {0xAC, 0x7B, 0x29, 0xFF}}},
	{{{4164, 1870, -3673}, 0, {196, 970}, {0xAC, 0x7B, 0x29, 0xFF}}},
	{{{4170, 1891, -3659}, 0, {193, 970}, {0xAC, 0x7B, 0x29, 0xFF}}},
	{{{3910, 1350, -3682}, 0, {193, 976}, {0xAC, 0x7B, 0x29, 0xFF}}},
	{{{3921, 1367, -3659}, 0, {196, 976}, {0xAC, 0x7B, 0x29, 0xFF}}},
	{{{3921, 1804, -3659}, 0, {196, 970}, {0xAC, 0x7B, 0x29, 0xFF}}},
	{{{3910, 1815, -3682}, 0, {193, 970}, {0xAC, 0x7B, 0x29, 0xFF}}},
	{{{4013, 1891, -3659}, 0, {196, 976}, {0xAC, 0x7B, 0x29, 0xFF}}},
	{{{4020, 1870, -3673}, 0, {196, 970}, {0xAC, 0x7B, 0x29, 0xFF}}},
	{{{4092, 1884, -3673}, 0, {193, 970}, {0xAC, 0x7B, 0x29, 0xFF}}},
	{{{4092, 1350, -3682}, 0, {193, 976}, {0xAC, 0x7B, 0x29, 0xFF}}},
	{{{4274, 1350, -3682}, 0, {196, 976}, {0xAC, 0x7B, 0x29, 0xFF}}},
	{{{4262, 1367, -3659}, 0, {196, 970}, {0xAC, 0x7B, 0x29, 0xFF}}},
	{{{4092, 1367, -3659}, 0, {193, 970}, {0xAC, 0x7B, 0x29, 0xFF}}},
	{{{4170, 1891, -3659}, 0, {193, 976}, {0xAC, 0x7B, 0x29, 0xFF}}},
	{{{4164, 1870, -3673}, 0, {196, 976}, {0xAC, 0x7B, 0x29, 0xFF}}},
	{{{4211, 1840, -3673}, 0, {196, 970}, {0xAC, 0x7B, 0x29, 0xFF}}},
	{{{4221, 1859, -3659}, 0, {193, 970}, {0xAC, 0x7B, 0x29, 0xFF}}},
	{{{3954, 1873, -3682}, 0, {193, 976}, {0xAC, 0x7B, 0x29, 0xFF}}},
	{{{3910, 1815, -3682}, 0, {196, 976}, {0xAC, 0x7B, 0x29, 0xFF}}},
	{{{3962, 1859, -3659}, 0, {193, 970}, {0xAC, 0x7B, 0x29, 0xFF}}},
	{{{4092, 1367, -3659}, 0, {196, 976}, {0xAC, 0x7B, 0x29, 0xFF}}},
	{{{3921, 1367, -3659}, 0, {196, 970}, {0xAC, 0x7B, 0x29, 0xFF}}},
	{{{3910, 1350, -3682}, 0, {193, 970}, {0xAC, 0x7B, 0x29, 0xFF}}},
	{{{4092, 1925, -3682}, 0, {193, 976}, {0xAC, 0x7B, 0x29, 0xFF}}},
	{{{4008, 1908, -3682}, 0, {196, 976}, {0xAC, 0x7B, 0x29, 0xFF}}},
	{{{4013, 1891, -3659}, 0, {196, 970}, {0xAC, 0x7B, 0x29, 0xFF}}},
	{{{4092, 1907, -3659}, 0, {193, 970}, {0xAC, 0x7B, 0x29, 0xFF}}},
	{{{4008, 1908, -3682}, 0, {193, 976}, {0xAC, 0x7B, 0x29, 0xFF}}},
	{{{3954, 1873, -3682}, 0, {196, 976}, {0xAC, 0x7B, 0x29, 0xFF}}},
	{{{3962, 1859, -3659}, 0, {196, 970}, {0xAC, 0x7B, 0x29, 0xFF}}},
	{{{4013, 1891, -3659}, 0, {193, 970}, {0xAC, 0x7B, 0x29, 0xFF}}},
	{{{4092, 1907, -3659}, 0, {196, 976}, {0xAC, 0x7B, 0x29, 0xFF}}},
	{{{4170, 1891, -3659}, 0, {196, 970}, {0xAC, 0x7B, 0x29, 0xFF}}},
	{{{4176, 1908, -3682}, 0, {193, 970}, {0xAC, 0x7B, 0x29, 0xFF}}},
	{{{4230, 1873, -3682}, 0, {193, 976}, {0xAC, 0x7B, 0x29, 0xFF}}},
	{{{4221, 1859, -3659}, 0, {196, 976}, {0xAC, 0x7B, 0x29, 0xFF}}},
	{{{4262, 1804, -3659}, 0, {196, 970}, {0xAC, 0x7B, 0x29, 0xFF}}},
	{{{4274, 1815, -3682}, 0, {193, 970}, {0xAC, 0x7B, 0x29, 0xFF}}},
	{{{4221, 1859, -3659}, 0, {193, 976}, {0xAC, 0x7B, 0x29, 0xFF}}},
	{{{4211, 1840, -3673}, 0, {196, 976}, {0xAC, 0x7B, 0x29, 0xFF}}},
	{{{4262, 1804, -3659}, 0, {193, 970}, {0xAC, 0x7B, 0x29, 0xFF}}},
	{{{4274, 1350, -3682}, 0, {193, 976}, {0xAC, 0x7B, 0x29, 0xFF}}},
	{{{4274, 1815, -3682}, 0, {196, 976}, {0xAC, 0x7B, 0x29, 0xFF}}},
	{{{4262, 1367, -3659}, 0, {193, 970}, {0xAC, 0x7B, 0x29, 0xFF}}},
	{{{3962, 1859, -4527}, 0, {193, 976}, {0xAC, 0x7B, 0x29, 0xFF}}},
	{{{3973, 1840, -4514}, 0, {196, 976}, {0xAC, 0x7B, 0x29, 0xFF}}},
	{{{3936, 1790, -4514}, 0, {196, 970}, {0xAC, 0x7B, 0x29, 0xFF}}},
	{{{3962, 1859, -4527}, 0, {193, 976}, {0xAC, 0x7B, 0x29, 0xFF}}},
	{{{3936, 1790, -4514}, 0, {196, 970}, {0xAC, 0x7B, 0x29, 0xFF}}},
	{{{3921, 1804, -4527}, 0, {193, 970}, {0xAC, 0x7B, 0x29, 0xFF}}},
	{{{3962, 1859, -3659}, 0, {193, 976}, {0xAC, 0x7B, 0x29, 0xFF}}},
	{{{3921, 1804, -3659}, 0, {196, 976}, {0xAC, 0x7B, 0x29, 0xFF}}},
	{{{3936, 1790, -3673}, 0, {196, 970}, {0xAC, 0x7B, 0x29, 0xFF}}},
	{{{3973, 1840, -3673}, 0, {193, 970}, {0xAC, 0x7B, 0x29, 0xFF}}},
	{{{-4010, 1908, -4503}, 0, {193, 976}, {0xAC, 0x7B, 0x29, 0xFF}}},
	{{{-3955, 1873, -4503}, 0, {196, 976}, {0xAC, 0x7B, 0x29, 0xFF}}},
	{{{-3964, 1859, -4526}, 0, {196, 970}, {0xAC, 0x7B, 0x29, 0xFF}}},
	{{{-4015, 1891, -4526}, 0, {193, 970}, {0xAC, 0x7B, 0x29, 0xFF}}},
	{{{-4093, 1907, -4526}, 0, {193, 976}, {0xAC, 0x7B, 0x29, 0xFF}}},
	{{{-4015, 1891, -4526}, 0, {196, 976}, {0xAC, 0x7B, 0x29, 0xFF}}},
	{{{-4021, 1870, -4512}, 0, {196, 970}, {0xAC, 0x7B, 0x29, 0xFF}}},
	{{{-4093, 1884, -4512}, 0, {193, 970}, {0xAC, 0x7B, 0x29, 0xFF}}},
	{{{-4172, 1891, -4526}, 0, {193, 976}, {0xAC, 0x7B, 0x29, 0xFF}}},
	{{{-4165, 1870, -4512}, 0, {196, 976}, {0xAC, 0x7B, 0x29, 0xFF}}},
	{{{-4212, 1840, -4512}, 0, {196, 970}, {0xAC, 0x7B, 0x29, 0xFF}}},
	{{{-4223, 1859, -4526}, 0, {193, 970}, {0xAC, 0x7B, 0x29, 0xFF}}},
	{{{-4264, 1367, -4526}, 0, {193, 976}, {0xAC, 0x7B, 0x29, 0xFF}}},
	{{{-4264, 1804, -4526}, 0, {196, 976}, {0xAC, 0x7B, 0x29, 0xFF}}},
	{{{-4250, 1790, -4512}, 0, {196, 970}, {0xAC, 0x7B, 0x29, 0xFF}}},
	{{{-4250, 1390, -4512}, 0, {193, 970}, {0xAC, 0x7B, 0x29, 0xFF}}},
	{{{-4093, 1350, -4503}, 0, {193, 976}, {0xAC, 0x7B, 0x29, 0xFF}}},
	{{{-4093, 1367, -4526}, 0, {196, 976}, {0xAC, 0x7B, 0x29, 0xFF}}},
	{{{-3923, 1367, -4526}, 0, {196, 970}, {0xAC, 0x7B, 0x29, 0xFF}}},
	{{{-3911, 1350, -4503}, 0, {193, 970}, {0xAC, 0x7B, 0x29, 0xFF}}},
	{{{-3911, 1350, -4503}, 0, {193, 976}, {0xAC, 0x7B, 0x29, 0xFF}}},
	{{{-3923, 1367, -4526}, 0, {196, 976}, {0xAC, 0x7B, 0x29, 0xFF}}},
	{{{-3923, 1804, -4526}, 0, {196, 970}, {0xAC, 0x7B, 0x29, 0xFF}}},
	{{{-3911, 1815, -4503}, 0, {193, 970}, {0xAC, 0x7B, 0x29, 0xFF}}},
	{{{-4275, 1350, -4503}, 0, {193, 976}, {0xAC, 0x7B, 0x29, 0xFF}}},
	{{{-4275, 1815, -4503}, 0, {196, 976}, {0xAC, 0x7B, 0x29, 0xFF}}},
	{{{-4264, 1804, -4526}, 0, {196, 970}, {0xAC, 0x7B, 0x29, 0xFF}}},
	{{{-4264, 1367, -4526}, 0, {193, 970}, {0xAC, 0x7B, 0x29, 0xFF}}},
	{{{-4093, 1884, -4512}, 0, {196, 976}, {0xAC, 0x7B, 0x29, 0xFF}}},
	{{{-4165, 1870, -4512}, 0, {196, 970}, {0xAC, 0x7B, 0x29, 0xFF}}},
	{{{-4172, 1891, -4526}, 0, {193, 970}, {0xAC, 0x7B, 0x29, 0xFF}}},
	{{{-3923, 1367, -4526}, 0, {193, 976}, {0xAC, 0x7B, 0x29, 0xFF}}},
	{{{-3937, 1390, -4512}, 0, {196, 976}, {0xAC, 0x7B, 0x29, 0xFF}}},
	{{{-3937, 1790, -4512}, 0, {196, 970}, {0xAC, 0x7B, 0x29, 0xFF}}},
	{{{-3923, 1804, -4526}, 0, {193, 970}, {0xAC, 0x7B, 0x29, 0xFF}}},
	{{{-4015, 1891, -4526}, 0, {193, 976}, {0xAC, 0x7B, 0x29, 0xFF}}},
	{{{-3964, 1859, -4526}, 0, {196, 976}, {0xAC, 0x7B, 0x29, 0xFF}}},
	{{{-3975, 1840, -4512}, 0, {196, 970}, {0xAC, 0x7B, 0x29, 0xFF}}},
	{{{-4021, 1870, -4512}, 0, {193, 970}, {0xAC, 0x7B, 0x29, 0xFF}}},
	{{{-4093, 1367, -4526}, 0, {193, 976}, {0xAC, 0x7B, 0x29, 0xFF}}},
	{{{-4093, 1390, -4512}, 0, {196, 976}, {0xAC, 0x7B, 0x29, 0xFF}}},
	{{{-3937, 1390, -4512}, 0, {196, 970}, {0xAC, 0x7B, 0x29, 0xFF}}},
	{{{-3923, 1367, -4526}, 0, {193, 970}, {0xAC, 0x7B, 0x29, 0xFF}}},
	{{{-4264, 1367, -4526}, 0, {196, 976}, {0xAC, 0x7B, 0x29, 0xFF}}},
	{{{-4250, 1390, -4512}, 0, {196, 970}, {0xAC, 0x7B, 0x29, 0xFF}}},
	{{{-4093, 1390, -4512}, 0, {193, 970}, {0xAC, 0x7B, 0x29, 0xFF}}},
	{{{-4231, 1873, -4503}, 0, {193, 976}, {0xAC, 0x7B, 0x29, 0xFF}}},
	{{{-4223, 1859, -4526}, 0, {196, 976}, {0xAC, 0x7B, 0x29, 0xFF}}},
	{{{-4275, 1815, -4503}, 0, {193, 970}, {0xAC, 0x7B, 0x29, 0xFF}}},
	{{{-4177, 1908, -4503}, 0, {193, 976}, {0xAC, 0x7B, 0x29, 0xFF}}},
	{{{-4172, 1891, -4526}, 0, {196, 976}, {0xAC, 0x7B, 0x29, 0xFF}}},
	{{{-4223, 1859, -4526}, 0, {196, 970}, {0xAC, 0x7B, 0x29, 0xFF}}},
	{{{-4231, 1873, -4503}, 0, {193, 970}, {0xAC, 0x7B, 0x29, 0xFF}}},
	{{{-4093, 1925, -4503}, 0, {193, 976}, {0xAC, 0x7B, 0x29, 0xFF}}},
	{{{-4093, 1907, -4526}, 0, {196, 976}, {0xAC, 0x7B, 0x29, 0xFF}}},
	{{{-4172, 1891, -4526}, 0, {196, 970}, {0xAC, 0x7B, 0x29, 0xFF}}},
	{{{-4177, 1908, -4503}, 0, {193, 970}, {0xAC, 0x7B, 0x29, 0xFF}}},
	{{{-4093, 1350, -4503}, 0, {193, 976}, {0xAC, 0x7B, 0x29, 0xFF}}},
	{{{-4275, 1350, -4503}, 0, {196, 976}, {0xAC, 0x7B, 0x29, 0xFF}}},
	{{{-4264, 1367, -4526}, 0, {196, 970}, {0xAC, 0x7B, 0x29, 0xFF}}},
	{{{-4093, 1367, -4526}, 0, {193, 970}, {0xAC, 0x7B, 0x29, 0xFF}}},
	{{{-3964, 1859, -4526}, 0, {193, 976}, {0xAC, 0x7B, 0x29, 0xFF}}},
	{{{-3923, 1804, -4526}, 0, {196, 976}, {0xAC, 0x7B, 0x29, 0xFF}}},
	{{{-3937, 1790, -4512}, 0, {196, 970}, {0xAC, 0x7B, 0x29, 0xFF}}},
	{{{-3975, 1840, -4512}, 0, {193, 970}, {0xAC, 0x7B, 0x29, 0xFF}}},
	{{{-3955, 1873, -4503}, 0, {193, 976}, {0xAC, 0x7B, 0x29, 0xFF}}},
	{{{-3911, 1815, -4503}, 0, {196, 976}, {0xAC, 0x7B, 0x29, 0xFF}}},
	{{{-3923, 1804, -4526}, 0, {196, 970}, {0xAC, 0x7B, 0x29, 0xFF}}},
	{{{-3964, 1859, -4526}, 0, {193, 970}, {0xAC, 0x7B, 0x29, 0xFF}}},
	{{{-4093, 1925, -4503}, 0, {193, 976}, {0xAC, 0x7B, 0x29, 0xFF}}},
	{{{-4010, 1908, -4503}, 0, {196, 976}, {0xAC, 0x7B, 0x29, 0xFF}}},
	{{{-4015, 1891, -4526}, 0, {196, 970}, {0xAC, 0x7B, 0x29, 0xFF}}},
	{{{-4093, 1907, -4526}, 0, {193, 970}, {0xAC, 0x7B, 0x29, 0xFF}}},
	{{{-4093, 1367, -3658}, 0, {193, 976}, {0xAC, 0x7B, 0x29, 0xFF}}},
	{{{-4093, 1390, -3672}, 0, {196, 976}, {0xAC, 0x7B, 0x29, 0xFF}}},
	{{{-4250, 1390, -3672}, 0, {196, 970}, {0xAC, 0x7B, 0x29, 0xFF}}},
	{{{-4264, 1367, -3658}, 0, {193, 970}, {0xAC, 0x7B, 0x29, 0xFF}}},
	{{{-4264, 1367, -3658}, 0, {193, 976}, {0xAC, 0x7B, 0x29, 0xFF}}},
	{{{-4250, 1390, -3672}, 0, {196, 976}, {0xAC, 0x7B, 0x29, 0xFF}}},
	{{{-4250, 1790, -3672}, 0, {196, 970}, {0xAC, 0x7B, 0x29, 0xFF}}},
	{{{-4264, 1804, -3658}, 0, {193, 970}, {0xAC, 0x7B, 0x29, 0xFF}}},
	{{{-4010, 1908, -3681}, 0, {193, 976}, {0xAC, 0x7B, 0x29, 0xFF}}},
	{{{-4015, 1891, -3658}, 0, {196, 976}, {0xAC, 0x7B, 0x29, 0xFF}}},
	{{{-3964, 1859, -3658}, 0, {196, 970}, {0xAC, 0x7B, 0x29, 0xFF}}},
	{{{-3955, 1873, -3681}, 0, {193, 970}, {0xAC, 0x7B, 0x29, 0xFF}}},
	{{{-4172, 1891, -3658}, 0, {193, 976}, {0xAC, 0x7B, 0x29, 0xFF}}},
	{{{-4223, 1859, -3658}, 0, {196, 976}, {0xAC, 0x7B, 0x29, 0xFF}}},
	{{{-4212, 1840, -3672}, 0, {196, 970}, {0xAC, 0x7B, 0x29, 0xFF}}},
	{{{-4165, 1870, -3672}, 0, {193, 970}, {0xAC, 0x7B, 0x29, 0xFF}}},
	{{{-3923, 1367, -3658}, 0, {193, 976}, {0xAC, 0x7B, 0x29, 0xFF}}},
	{{{-3923, 1804, -3658}, 0, {196, 976}, {0xAC, 0x7B, 0x29, 0xFF}}},
	{{{-3937, 1790, -3672}, 0, {196, 970}, {0xAC, 0x7B, 0x29, 0xFF}}},
	{{{-3937, 1390, -3672}, 0, {193, 970}, {0xAC, 0x7B, 0x29, 0xFF}}},
	{{{-3923, 1367, -3658}, 0, {196, 976}, {0xAC, 0x7B, 0x29, 0xFF}}},
	{{{-3937, 1390, -3672}, 0, {196, 970}, {0xAC, 0x7B, 0x29, 0xFF}}},
	{{{-4093, 1390, -3672}, 0, {193, 970}, {0xAC, 0x7B, 0x29, 0xFF}}},
	{{{-4093, 1907, -3658}, 0, {193, 976}, {0xAC, 0x7B, 0x29, 0xFF}}},
	{{{-4093, 1884, -3672}, 0, {196, 976}, {0xAC, 0x7B, 0x29, 0xFF}}},
	{{{-4021, 1870, -3672}, 0, {196, 970}, {0xAC, 0x7B, 0x29, 0xFF}}},
	{{{-4015, 1891, -3658}, 0, {193, 970}, {0xAC, 0x7B, 0x29, 0xFF}}},
	{{{-4275, 1350, -3681}, 0, {193, 976}, {0xAC, 0x7B, 0x29, 0xFF}}},
	{{{-4264, 1367, -3658}, 0, {196, 976}, {0xAC, 0x7B, 0x29, 0xFF}}},
	{{{-4264, 1804, -3658}, 0, {196, 970}, {0xAC, 0x7B, 0x29, 0xFF}}},
	{{{-4275, 1815, -3681}, 0, {193, 970}, {0xAC, 0x7B, 0x29, 0xFF}}},
	{{{-4172, 1891, -3658}, 0, {196, 976}, {0xAC, 0x7B, 0x29, 0xFF}}},
	{{{-4165, 1870, -3672}, 0, {196, 970}, {0xAC, 0x7B, 0x29, 0xFF}}},
	{{{-4093, 1884, -3672}, 0, {193, 970}, {0xAC, 0x7B, 0x29, 0xFF}}},
	{{{-4093, 1350, -3681}, 0, {193, 976}, {0xAC, 0x7B, 0x29, 0xFF}}},
	{{{-3911, 1350, -3681}, 0, {196, 976}, {0xAC, 0x7B, 0x29, 0xFF}}},
	{{{-3923, 1367, -3658}, 0, {196, 970}, {0xAC, 0x7B, 0x29, 0xFF}}},
	{{{-4093, 1367, -3658}, 0, {193, 970}, {0xAC, 0x7B, 0x29, 0xFF}}},
	{{{-4015, 1891, -3658}, 0, {193, 976}, {0xAC, 0x7B, 0x29, 0xFF}}},
	{{{-4021, 1870, -3672}, 0, {196, 976}, {0xAC, 0x7B, 0x29, 0xFF}}},
	{{{-3975, 1840, -3672}, 0, {196, 970}, {0xAC, 0x7B, 0x29, 0xFF}}},
	{{{-3964, 1859, -3658}, 0, {193, 970}, {0xAC, 0x7B, 0x29, 0xFF}}},
	{{{-4231, 1873, -3681}, 0, {193, 976}, {0xAC, 0x7B, 0x29, 0xFF}}},
	{{{-4275, 1815, -3681}, 0, {196, 976}, {0xAC, 0x7B, 0x29, 0xFF}}},
	{{{-4223, 1859, -3658}, 0, {193, 970}, {0xAC, 0x7B, 0x29, 0xFF}}},
	{{{-4093, 1367, -3658}, 0, {196, 976}, {0xAC, 0x7B, 0x29, 0xFF}}},
	{{{-4264, 1367, -3658}, 0, {196, 970}, {0xAC, 0x7B, 0x29, 0xFF}}},
	{{{-4275, 1350, -3681}, 0, {193, 970}, {0xAC, 0x7B, 0x29, 0xFF}}},
	{{{-4093, 1925, -3681}, 0, {193, 976}, {0xAC, 0x7B, 0x29, 0xFF}}},
	{{{-4177, 1908, -3681}, 0, {196, 976}, {0xAC, 0x7B, 0x29, 0xFF}}},
	{{{-4172, 1891, -3658}, 0, {196, 970}, {0xAC, 0x7B, 0x29, 0xFF}}},
	{{{-4093, 1907, -3658}, 0, {193, 970}, {0xAC, 0x7B, 0x29, 0xFF}}},
	{{{-4177, 1908, -3681}, 0, {193, 976}, {0xAC, 0x7B, 0x29, 0xFF}}},
	{{{-4231, 1873, -3681}, 0, {196, 976}, {0xAC, 0x7B, 0x29, 0xFF}}},
	{{{-4223, 1859, -3658}, 0, {196, 970}, {0xAC, 0x7B, 0x29, 0xFF}}},
	{{{-4172, 1891, -3658}, 0, {193, 970}, {0xAC, 0x7B, 0x29, 0xFF}}},
	{{{-4093, 1907, -3658}, 0, {196, 976}, {0xAC, 0x7B, 0x29, 0xFF}}},
	{{{-4015, 1891, -3658}, 0, {196, 970}, {0xAC, 0x7B, 0x29, 0xFF}}},
	{{{-4010, 1908, -3681}, 0, {193, 970}, {0xAC, 0x7B, 0x29, 0xFF}}},
	{{{-3955, 1873, -3681}, 0, {193, 976}, {0xAC, 0x7B, 0x29, 0xFF}}},
	{{{-3964, 1859, -3658}, 0, {196, 976}, {0xAC, 0x7B, 0x29, 0xFF}}},
	{{{-3923, 1804, -3658}, 0, {196, 970}, {0xAC, 0x7B, 0x29, 0xFF}}},
	{{{-3911, 1815, -3681}, 0, {193, 970}, {0xAC, 0x7B, 0x29, 0xFF}}},
	{{{-3964, 1859, -3658}, 0, {193, 976}, {0xAC, 0x7B, 0x29, 0xFF}}},
	{{{-3975, 1840, -3672}, 0, {196, 976}, {0xAC, 0x7B, 0x29, 0xFF}}},
	{{{-3937, 1790, -3672}, 0, {196, 970}, {0xAC, 0x7B, 0x29, 0xFF}}},
	{{{-3923, 1804, -3658}, 0, {193, 970}, {0xAC, 0x7B, 0x29, 0xFF}}},
	{{{-3911, 1350, -3681}, 0, {193, 976}, {0xAC, 0x7B, 0x29, 0xFF}}},
	{{{-3911, 1815, -3681}, 0, {196, 976}, {0xAC, 0x7B, 0x29, 0xFF}}},
	{{{-3923, 1367, -3658}, 0, {193, 970}, {0xAC, 0x7B, 0x29, 0xFF}}},
	{{{-4223, 1859, -4526}, 0, {193, 976}, {0xAC, 0x7B, 0x29, 0xFF}}},
	{{{-4212, 1840, -4512}, 0, {196, 976}, {0xAC, 0x7B, 0x29, 0xFF}}},
	{{{-4250, 1790, -4512}, 0, {196, 970}, {0xAC, 0x7B, 0x29, 0xFF}}},
	{{{-4264, 1804, -4526}, 0, {193, 970}, {0xAC, 0x7B, 0x29, 0xFF}}},
	{{{-4223, 1859, -3658}, 0, {193, 976}, {0xAC, 0x7B, 0x29, 0xFF}}},
	{{{-4264, 1804, -3658}, 0, {196, 976}, {0xAC, 0x7B, 0x29, 0xFF}}},
	{{{-4250, 1790, -3672}, 0, {196, 970}, {0xAC, 0x7B, 0x29, 0xFF}}},
	{{{-4212, 1840, -3672}, 0, {193, 970}, {0xAC, 0x7B, 0x29, 0xFF}}},
	{{{-4504, 1908, -4176}, 0, {193, 976}, {0xAC, 0x7B, 0x29, 0xFF}}},
	{{{-4504, 1873, -4230}, 0, {196, 976}, {0xAC, 0x7B, 0x29, 0xFF}}},
	{{{-4527, 1859, -4221}, 0, {196, 970}, {0xAC, 0x7B, 0x29, 0xFF}}},
	{{{-4527, 1891, -4170}, 0, {193, 970}, {0xAC, 0x7B, 0x29, 0xFF}}},
	{{{-4527, 1907, -4092}, 0, {193, 976}, {0xAC, 0x7B, 0x29, 0xFF}}},
	{{{-4527, 1891, -4170}, 0, {196, 976}, {0xAC, 0x7B, 0x29, 0xFF}}},
	{{{-4514, 1870, -4164}, 0, {196, 970}, {0xAC, 0x7B, 0x29, 0xFF}}},
	{{{-4514, 1884, -4092}, 0, {193, 970}, {0xAC, 0x7B, 0x29, 0xFF}}},
	{{{-4527, 1891, -4013}, 0, {193, 976}, {0xAC, 0x7B, 0x29, 0xFF}}},
	{{{-4514, 1870, -4020}, 0, {196, 976}, {0xAC, 0x7B, 0x29, 0xFF}}},
	{{{-4514, 1840, -3973}, 0, {196, 970}, {0xAC, 0x7B, 0x29, 0xFF}}},
	{{{-4527, 1859, -3962}, 0, {193, 970}, {0xAC, 0x7B, 0x29, 0xFF}}},
	{{{-4527, 1367, -3921}, 0, {193, 976}, {0xAC, 0x7B, 0x29, 0xFF}}},
	{{{-4527, 1804, -3921}, 0, {196, 976}, {0xAC, 0x7B, 0x29, 0xFF}}},
	{{{-4514, 1790, -3936}, 0, {196, 970}, {0xAC, 0x7B, 0x29, 0xFF}}},
	{{{-4514, 1390, -3936}, 0, {193, 970}, {0xAC, 0x7B, 0x29, 0xFF}}},
	{{{-4504, 1350, -4092}, 0, {193, 976}, {0xAC, 0x7B, 0x29, 0xFF}}},
	{{{-4527, 1367, -4092}, 0, {196, 976}, {0xAC, 0x7B, 0x29, 0xFF}}},
	{{{-4527, 1367, -4262}, 0, {196, 970}, {0xAC, 0x7B, 0x29, 0xFF}}},
	{{{-4504, 1350, -4274}, 0, {193, 970}, {0xAC, 0x7B, 0x29, 0xFF}}},
	{{{-4504, 1350, -4274}, 0, {193, 976}, {0xAC, 0x7B, 0x29, 0xFF}}},
	{{{-4527, 1367, -4262}, 0, {196, 976}, {0xAC, 0x7B, 0x29, 0xFF}}},
	{{{-4527, 1804, -4262}, 0, {196, 970}, {0xAC, 0x7B, 0x29, 0xFF}}},
	{{{-4504, 1815, -4274}, 0, {193, 970}, {0xAC, 0x7B, 0x29, 0xFF}}},
	{{{-4504, 1350, -3910}, 0, {193, 976}, {0xAC, 0x7B, 0x29, 0xFF}}},
	{{{-4504, 1815, -3910}, 0, {196, 976}, {0xAC, 0x7B, 0x29, 0xFF}}},
	{{{-4527, 1804, -3921}, 0, {196, 970}, {0xAC, 0x7B, 0x29, 0xFF}}},
	{{{-4527, 1367, -3921}, 0, {193, 970}, {0xAC, 0x7B, 0x29, 0xFF}}},
	{{{-4514, 1884, -4092}, 0, {196, 976}, {0xAC, 0x7B, 0x29, 0xFF}}},
	{{{-4514, 1870, -4020}, 0, {196, 970}, {0xAC, 0x7B, 0x29, 0xFF}}},
	{{{-4527, 1891, -4013}, 0, {193, 970}, {0xAC, 0x7B, 0x29, 0xFF}}},
	{{{-4527, 1367, -4262}, 0, {193, 976}, {0xAC, 0x7B, 0x29, 0xFF}}},
	{{{-4514, 1390, -4248}, 0, {196, 976}, {0xAC, 0x7B, 0x29, 0xFF}}},
	{{{-4514, 1790, -4248}, 0, {196, 970}, {0xAC, 0x7B, 0x29, 0xFF}}},
	{{{-4527, 1367, -4262}, 0, {193, 976}, {0xAC, 0x7B, 0x29, 0xFF}}},
	{{{-4514, 1790, -4248}, 0, {196, 970}, {0xAC, 0x7B, 0x29, 0xFF}}},
	{{{-4527, 1804, -4262}, 0, {193, 970}, {0xAC, 0x7B, 0x29, 0xFF}}},
	{{{-4527, 1891, -4170}, 0, {193, 976}, {0xAC, 0x7B, 0x29, 0xFF}}},
	{{{-4527, 1859, -4221}, 0, {196, 976}, {0xAC, 0x7B, 0x29, 0xFF}}},
	{{{-4514, 1840, -4211}, 0, {196, 970}, {0xAC, 0x7B, 0x29, 0xFF}}},
	{{{-4514, 1870, -4164}, 0, {193, 970}, {0xAC, 0x7B, 0x29, 0xFF}}},
	{{{-4527, 1367, -4092}, 0, {193, 976}, {0xAC, 0x7B, 0x29, 0xFF}}},
	{{{-4514, 1390, -4092}, 0, {196, 976}, {0xAC, 0x7B, 0x29, 0xFF}}},
	{{{-4514, 1390, -4248}, 0, {196, 970}, {0xAC, 0x7B, 0x29, 0xFF}}},
	{{{-4527, 1367, -4262}, 0, {193, 970}, {0xAC, 0x7B, 0x29, 0xFF}}},
	{{{-4527, 1367, -3921}, 0, {196, 976}, {0xAC, 0x7B, 0x29, 0xFF}}},
	{{{-4514, 1390, -3936}, 0, {196, 970}, {0xAC, 0x7B, 0x29, 0xFF}}},
	{{{-4514, 1390, -4092}, 0, {193, 970}, {0xAC, 0x7B, 0x29, 0xFF}}},
	{{{-4504, 1873, -3954}, 0, {193, 976}, {0xAC, 0x7B, 0x29, 0xFF}}},
	{{{-4527, 1859, -3962}, 0, {196, 976}, {0xAC, 0x7B, 0x29, 0xFF}}},
	{{{-4527, 1804, -3921}, 0, {196, 970}, {0xAC, 0x7B, 0x29, 0xFF}}},
	{{{-4504, 1815, -3910}, 0, {193, 970}, {0xAC, 0x7B, 0x29, 0xFF}}},
	{{{-4504, 1908, -4008}, 0, {193, 976}, {0xAC, 0x7B, 0x29, 0xFF}}},
	{{{-4527, 1891, -4013}, 0, {196, 976}, {0xAC, 0x7B, 0x29, 0xFF}}},
	{{{-4527, 1859, -3962}, 0, {196, 970}, {0xAC, 0x7B, 0x29, 0xFF}}},
	{{{-4504, 1873, -3954}, 0, {193, 970}, {0xAC, 0x7B, 0x29, 0xFF}}},
	{{{-4504, 1925, -4092}, 0, {193, 976}, {0xAC, 0x7B, 0x29, 0xFF}}},
	{{{-4527, 1907, -4092}, 0, {196, 976}, {0xAC, 0x7B, 0x29, 0xFF}}},
	{{{-4527, 1891, -4013}, 0, {196, 970}, {0xAC, 0x7B, 0x29, 0xFF}}},
	{{{-4504, 1908, -4008}, 0, {193, 970}, {0xAC, 0x7B, 0x29, 0xFF}}},
	{{{-4504, 1350, -4092}, 0, {193, 976}, {0xAC, 0x7B, 0x29, 0xFF}}},
	{{{-4504, 1350, -3910}, 0, {196, 976}, {0xAC, 0x7B, 0x29, 0xFF}}},
	{{{-4527, 1367, -3921}, 0, {196, 970}, {0xAC, 0x7B, 0x29, 0xFF}}},
	{{{-4527, 1367, -4092}, 0, {193, 970}, {0xAC, 0x7B, 0x29, 0xFF}}},
	{{{-4527, 1859, -4221}, 0, {193, 976}, {0xAC, 0x7B, 0x29, 0xFF}}},
	{{{-4527, 1804, -4262}, 0, {196, 976}, {0xAC, 0x7B, 0x29, 0xFF}}},
	{{{-4514, 1840, -4211}, 0, {193, 970}, {0xAC, 0x7B, 0x29, 0xFF}}},
	{{{-4504, 1873, -4230}, 0, {193, 976}, {0xAC, 0x7B, 0x29, 0xFF}}},
	{{{-4504, 1815, -4274}, 0, {196, 976}, {0xAC, 0x7B, 0x29, 0xFF}}},
	{{{-4527, 1804, -4262}, 0, {196, 970}, {0xAC, 0x7B, 0x29, 0xFF}}},
	{{{-4527, 1859, -4221}, 0, {193, 970}, {0xAC, 0x7B, 0x29, 0xFF}}},
	{{{-4504, 1908, -4176}, 0, {196, 976}, {0xAC, 0x7B, 0x29, 0xFF}}},
	{{{-4527, 1891, -4170}, 0, {196, 970}, {0xAC, 0x7B, 0x29, 0xFF}}},
	{{{-4527, 1907, -4092}, 0, {193, 970}, {0xAC, 0x7B, 0x29, 0xFF}}},
	{{{-3659, 1367, -4092}, 0, {193, 976}, {0xAC, 0x7B, 0x29, 0xFF}}},
	{{{-3673, 1390, -4092}, 0, {196, 976}, {0xAC, 0x7B, 0x29, 0xFF}}},
	{{{-3673, 1390, -3936}, 0, {196, 970}, {0xAC, 0x7B, 0x29, 0xFF}}},
	{{{-3659, 1367, -3921}, 0, {193, 970}, {0xAC, 0x7B, 0x29, 0xFF}}},
	{{{-3659, 1367, -3921}, 0, {193, 976}, {0xAC, 0x7B, 0x29, 0xFF}}},
	{{{-3673, 1390, -3936}, 0, {196, 976}, {0xAC, 0x7B, 0x29, 0xFF}}},
	{{{-3673, 1790, -3936}, 0, {196, 970}, {0xAC, 0x7B, 0x29, 0xFF}}},
	{{{-3659, 1804, -3921}, 0, {193, 970}, {0xAC, 0x7B, 0x29, 0xFF}}},
	{{{-3682, 1908, -4176}, 0, {193, 976}, {0xAC, 0x7B, 0x29, 0xFF}}},
	{{{-3659, 1891, -4170}, 0, {196, 976}, {0xAC, 0x7B, 0x29, 0xFF}}},
	{{{-3659, 1859, -4221}, 0, {196, 970}, {0xAC, 0x7B, 0x29, 0xFF}}},
	{{{-3682, 1873, -4230}, 0, {193, 970}, {0xAC, 0x7B, 0x29, 0xFF}}},
	{{{-3659, 1891, -4013}, 0, {193, 976}, {0xAC, 0x7B, 0x29, 0xFF}}},
	{{{-3659, 1859, -3962}, 0, {196, 976}, {0xAC, 0x7B, 0x29, 0xFF}}},
	{{{-3673, 1840, -3973}, 0, {196, 970}, {0xAC, 0x7B, 0x29, 0xFF}}},
	{{{-3673, 1870, -4020}, 0, {193, 970}, {0xAC, 0x7B, 0x29, 0xFF}}},
	{{{-3659, 1367, -4262}, 0, {193, 976}, {0xAC, 0x7B, 0x29, 0xFF}}},
	{{{-3659, 1804, -4262}, 0, {196, 976}, {0xAC, 0x7B, 0x29, 0xFF}}},
	{{{-3673, 1790, -4248}, 0, {196, 970}, {0xAC, 0x7B, 0x29, 0xFF}}},
	{{{-3673, 1390, -4248}, 0, {193, 970}, {0xAC, 0x7B, 0x29, 0xFF}}},
	{{{-3659, 1367, -4262}, 0, {196, 976}, {0xAC, 0x7B, 0x29, 0xFF}}},
	{{{-3673, 1390, -4248}, 0, {196, 970}, {0xAC, 0x7B, 0x29, 0xFF}}},
	{{{-3673, 1390, -4092}, 0, {193, 970}, {0xAC, 0x7B, 0x29, 0xFF}}},
	{{{-3659, 1907, -4092}, 0, {193, 976}, {0xAC, 0x7B, 0x29, 0xFF}}},
	{{{-3673, 1884, -4092}, 0, {196, 976}, {0xAC, 0x7B, 0x29, 0xFF}}},
	{{{-3673, 1870, -4164}, 0, {196, 970}, {0xAC, 0x7B, 0x29, 0xFF}}},
	{{{-3659, 1891, -4170}, 0, {193, 970}, {0xAC, 0x7B, 0x29, 0xFF}}},
	{{{-3682, 1350, -3910}, 0, {193, 976}, {0xAC, 0x7B, 0x29, 0xFF}}},
	{{{-3659, 1367, -3921}, 0, {196, 976}, {0xAC, 0x7B, 0x29, 0xFF}}},
	{{{-3659, 1804, -3921}, 0, {196, 970}, {0xAC, 0x7B, 0x29, 0xFF}}},
	{{{-3682, 1815, -3910}, 0, {193, 970}, {0xAC, 0x7B, 0x29, 0xFF}}},
	{{{-3659, 1891, -4013}, 0, {196, 976}, {0xAC, 0x7B, 0x29, 0xFF}}},
	{{{-3673, 1870, -4020}, 0, {196, 970}, {0xAC, 0x7B, 0x29, 0xFF}}},
	{{{-3673, 1884, -4092}, 0, {193, 970}, {0xAC, 0x7B, 0x29, 0xFF}}},
	{{{-3682, 1350, -4092}, 0, {193, 976}, {0xAC, 0x7B, 0x29, 0xFF}}},
	{{{-3682, 1350, -4274}, 0, {196, 976}, {0xAC, 0x7B, 0x29, 0xFF}}},
	{{{-3659, 1367, -4262}, 0, {196, 970}, {0xAC, 0x7B, 0x29, 0xFF}}},
	{{{-3659, 1367, -4092}, 0, {193, 970}, {0xAC, 0x7B, 0x29, 0xFF}}},
	{{{-3659, 1891, -4170}, 0, {193, 976}, {0xAC, 0x7B, 0x29, 0xFF}}},
	{{{-3673, 1870, -4164}, 0, {196, 976}, {0xAC, 0x7B, 0x29, 0xFF}}},
	{{{-3673, 1840, -4211}, 0, {196, 970}, {0xAC, 0x7B, 0x29, 0xFF}}},
	{{{-3659, 1859, -4221}, 0, {193, 970}, {0xAC, 0x7B, 0x29, 0xFF}}},
	{{{-3682, 1873, -3954}, 0, {193, 976}, {0xAC, 0x7B, 0x29, 0xFF}}},
	{{{-3682, 1815, -3910}, 0, {196, 976}, {0xAC, 0x7B, 0x29, 0xFF}}},
	{{{-3659, 1859, -3962}, 0, {193, 970}, {0xAC, 0x7B, 0x29, 0xFF}}},
	{{{-3659, 1367, -4092}, 0, {196, 976}, {0xAC, 0x7B, 0x29, 0xFF}}},
	{{{-3659, 1367, -3921}, 0, {196, 970}, {0xAC, 0x7B, 0x29, 0xFF}}},
	{{{-3682, 1350, -3910}, 0, {193, 970}, {0xAC, 0x7B, 0x29, 0xFF}}},
	{{{-3682, 1925, -4092}, 0, {193, 976}, {0xAC, 0x7B, 0x29, 0xFF}}},
	{{{-3682, 1908, -4008}, 0, {196, 976}, {0xAC, 0x7B, 0x29, 0xFF}}},
	{{{-3659, 1891, -4013}, 0, {196, 970}, {0xAC, 0x7B, 0x29, 0xFF}}},
	{{{-3659, 1907, -4092}, 0, {193, 970}, {0xAC, 0x7B, 0x29, 0xFF}}},
	{{{-3682, 1908, -4008}, 0, {193, 976}, {0xAC, 0x7B, 0x29, 0xFF}}},
	{{{-3682, 1873, -3954}, 0, {196, 976}, {0xAC, 0x7B, 0x29, 0xFF}}},
	{{{-3659, 1859, -3962}, 0, {196, 970}, {0xAC, 0x7B, 0x29, 0xFF}}},
	{{{-3659, 1891, -4013}, 0, {193, 970}, {0xAC, 0x7B, 0x29, 0xFF}}},
	{{{-3659, 1907, -4092}, 0, {196, 976}, {0xAC, 0x7B, 0x29, 0xFF}}},
	{{{-3659, 1891, -4170}, 0, {196, 970}, {0xAC, 0x7B, 0x29, 0xFF}}},
	{{{-3682, 1908, -4176}, 0, {193, 970}, {0xAC, 0x7B, 0x29, 0xFF}}},
	{{{-3682, 1873, -4230}, 0, {193, 976}, {0xAC, 0x7B, 0x29, 0xFF}}},
	{{{-3659, 1859, -4221}, 0, {196, 976}, {0xAC, 0x7B, 0x29, 0xFF}}},
	{{{-3659, 1804, -4262}, 0, {196, 970}, {0xAC, 0x7B, 0x29, 0xFF}}},
	{{{-3682, 1815, -4274}, 0, {193, 970}, {0xAC, 0x7B, 0x29, 0xFF}}},
	{{{-3659, 1859, -4221}, 0, {193, 976}, {0xAC, 0x7B, 0x29, 0xFF}}},
	{{{-3673, 1840, -4211}, 0, {196, 976}, {0xAC, 0x7B, 0x29, 0xFF}}},
	{{{-3673, 1790, -4248}, 0, {196, 970}, {0xAC, 0x7B, 0x29, 0xFF}}},
	{{{-3659, 1804, -4262}, 0, {193, 970}, {0xAC, 0x7B, 0x29, 0xFF}}},
	{{{-3682, 1350, -4274}, 0, {193, 976}, {0xAC, 0x7B, 0x29, 0xFF}}},
	{{{-3682, 1815, -4274}, 0, {196, 976}, {0xAC, 0x7B, 0x29, 0xFF}}},
	{{{-3659, 1367, -4262}, 0, {193, 970}, {0xAC, 0x7B, 0x29, 0xFF}}},
	{{{-4527, 1859, -3962}, 0, {193, 976}, {0xAC, 0x7B, 0x29, 0xFF}}},
	{{{-4514, 1840, -3973}, 0, {196, 976}, {0xAC, 0x7B, 0x29, 0xFF}}},
	{{{-4514, 1790, -3936}, 0, {196, 970}, {0xAC, 0x7B, 0x29, 0xFF}}},
	{{{-4527, 1804, -3921}, 0, {193, 970}, {0xAC, 0x7B, 0x29, 0xFF}}},
	{{{-3659, 1859, -3962}, 0, {193, 976}, {0xAC, 0x7B, 0x29, 0xFF}}},
	{{{-3659, 1804, -3921}, 0, {196, 976}, {0xAC, 0x7B, 0x29, 0xFF}}},
	{{{-3673, 1790, -3936}, 0, {196, 970}, {0xAC, 0x7B, 0x29, 0xFF}}},
	{{{-3673, 1840, -3973}, 0, {193, 970}, {0xAC, 0x7B, 0x29, 0xFF}}},
	{{{3773, 1168, 4504}, 0, {1092, 1696}, {0xFE, 0xFF, 0xCB, 0xFF}}},
	{{{3773, 2135, 4504}, 0, {1092, -8}, {0xFE, 0xFF, 0xCB, 0xFF}}},
	{{{3681, 2135, 4412}, 0, {920, -8}, {0xFE, 0xFF, 0xCB, 0xFF}}},
	{{{3681, 1168, 4412}, 0, {920, 1696}, {0xFE, 0xFF, 0xCB, 0xFF}}},
	{{{3682, 1815, 4274}, 0, {757, 447}, {0xFE, 0xFF, 0xCB, 0xFF}}},
	{{{3682, 1873, 4230}, 0, {695, 316}, {0xFE, 0xFF, 0xCB, 0xFF}}},
	{{{3682, 1908, 4176}, 0, {617, 238}, {0xFE, 0xFF, 0xCB, 0xFF}}},
	{{{3682, 1925, 4092}, 0, {498, 200}, {0xFE, 0xFF, 0xCB, 0xFF}}},
	{{{3681, 2135, 4092}, 0, {498, -8}, {0xFE, 0xFF, 0xCB, 0xFF}}},
	{{{3682, 1925, 4092}, 0, {498, 200}, {0xFE, 0xFF, 0xCB, 0xFF}}},
	{{{3681, 2135, 4092}, 0, {498, -8}, {0xFE, 0xFF, 0xCB, 0xFF}}},
	{{{3681, 2135, 3772}, 0, {76, -8}, {0xFE, 0xFF, 0xCB, 0xFF}}},
	{{{3682, 1908, 4008}, 0, {379, 238}, {0xFE, 0xFF, 0xCB, 0xFF}}},
	{{{3682, 1873, 3954}, 0, {302, 316}, {0xFE, 0xFF, 0xCB, 0xFF}}},
	{{{3682, 1815, 3910}, 0, {240, 447}, {0xFE, 0xFF, 0xCB, 0xFF}}},
	{{{3681, 1168, 3772}, 0, {76, 1696}, {0xFE, 0xFF, 0xCB, 0xFF}}},
	{{{3682, 1350, 3910}, 0, {240, 1355}, {0xFE, 0xFF, 0xCB, 0xFF}}},
	{{{3682, 1350, 4092}, 0, {498, 1355}, {0xFE, 0xFF, 0xCB, 0xFF}}},
	{{{3681, 1168, 4092}, 0, {498, 1696}, {0xFE, 0xFF, 0xCB, 0xFF}}},
	{{{3681, 1168, 4412}, 0, {920, 1696}, {0xFE, 0xFF, 0xCB, 0xFF}}},
	{{{3682, 1350, 4274}, 0, {757, 1355}, {0xFE, 0xFF, 0xCB, 0xFF}}},
	{{{3682, 1815, 4274}, 0, {757, 447}, {0xFE, 0xFF, 0xCB, 0xFF}}},
	{{{4413, 2135, 4504}, 0, {920, -8}, {0xFE, 0xFF, 0xCB, 0xFF}}},
	{{{4505, 1168, 4412}, 0, {1092, 1696}, {0xFE, 0xFF, 0xCB, 0xFF}}},
	{{{4505, 2135, 4412}, 0, {1092, -8}, {0xFE, 0xFF, 0xCB, 0xFF}}},
	{{{4413, 1168, 4504}, 0, {920, 1696}, {0xFE, 0xFF, 0xCB, 0xFF}}},
	{{{4275, 1815, 4503}, 0, {757, 447}, {0xFE, 0xFF, 0xCB, 0xFF}}},
	{{{4231, 1873, 4503}, 0, {695, 316}, {0xFE, 0xFF, 0xCB, 0xFF}}},
	{{{4177, 1908, 4503}, 0, {617, 238}, {0xFE, 0xFF, 0xCB, 0xFF}}},
	{{{4093, 1925, 4503}, 0, {498, 200}, {0xFE, 0xFF, 0xCB, 0xFF}}},
	{{{4093, 2135, 4504}, 0, {498, -8}, {0xFE, 0xFF, 0xCB, 0xFF}}},
	{{{3773, 2135, 4504}, 0, {76, -8}, {0xFE, 0xFF, 0xCB, 0xFF}}},
	{{{4010, 1908, 4503}, 0, {379, 238}, {0xFE, 0xFF, 0xCB, 0xFF}}},
	{{{3955, 1873, 4503}, 0, {302, 316}, {0xFE, 0xFF, 0xCB, 0xFF}}},
	{{{3911, 1815, 4503}, 0, {240, 447}, {0xFE, 0xFF, 0xCB, 0xFF}}},
	{{{3773, 1168, 4504}, 0, {76, 1696}, {0xFE, 0xFF, 0xCB, 0xFF}}},
	{{{3911, 1350, 4503}, 0, {240, 1355}, {0xFE, 0xFF, 0xCB, 0xFF}}},
	{{{4093, 1350, 4503}, 0, {498, 1355}, {0xFE, 0xFF, 0xCB, 0xFF}}},
	{{{4093, 1168, 4504}, 0, {498, 1696}, {0xFE, 0xFF, 0xCB, 0xFF}}},
	{{{4275, 1350, 4503}, 0, {757, 1355}, {0xFE, 0xFF, 0xCB, 0xFF}}},
	{{{4413, 1168, 3680}, 0, {1092, 1696}, {0xFE, 0xFF, 0xCB, 0xFF}}},
	{{{4413, 2135, 3680}, 0, {1092, -8}, {0xFE, 0xFF, 0xCB, 0xFF}}},
	{{{4505, 2135, 3772}, 0, {920, -8}, {0xFE, 0xFF, 0xCB, 0xFF}}},
	{{{4505, 1168, 3772}, 0, {920, 1696}, {0xFE, 0xFF, 0xCB, 0xFF}}},
	{{{4504, 1815, 3910}, 0, {757, 447}, {0xFE, 0xFF, 0xCB, 0xFF}}},
	{{{4504, 1873, 3954}, 0, {695, 316}, {0xFE, 0xFF, 0xCB, 0xFF}}},
	{{{4504, 1908, 4008}, 0, {617, 238}, {0xFE, 0xFF, 0xCB, 0xFF}}},
	{{{4504, 1925, 4092}, 0, {498, 200}, {0xFE, 0xFF, 0xCB, 0xFF}}},
	{{{4505, 2135, 4092}, 0, {498, -8}, {0xFE, 0xFF, 0xCB, 0xFF}}},
	{{{4505, 2135, 4412}, 0, {76, -8}, {0xFE, 0xFF, 0xCB, 0xFF}}},
	{{{4504, 1908, 4176}, 0, {379, 238}, {0xFE, 0xFF, 0xCB, 0xFF}}},
	{{{4504, 1873, 4230}, 0, {302, 316}, {0xFE, 0xFF, 0xCB, 0xFF}}},
	{{{4504, 1815, 4274}, 0, {240, 447}, {0xFE, 0xFF, 0xCB, 0xFF}}},
	{{{4505, 1168, 4412}, 0, {76, 1696}, {0xFE, 0xFF, 0xCB, 0xFF}}},
	{{{4504, 1350, 4274}, 0, {240, 1355}, {0xFE, 0xFF, 0xCB, 0xFF}}},
	{{{4504, 1350, 4092}, 0, {498, 1355}, {0xFE, 0xFF, 0xCB, 0xFF}}},
	{{{4505, 1168, 4092}, 0, {498, 1696}, {0xFE, 0xFF, 0xCB, 0xFF}}},
	{{{4504, 1350, 3910}, 0, {757, 1355}, {0xFE, 0xFF, 0xCB, 0xFF}}},
	{{{3773, 2135, 3680}, 0, {920, -8}, {0xFE, 0xFF, 0xCB, 0xFF}}},
	{{{3681, 1168, 3772}, 0, {1092, 1696}, {0xFE, 0xFF, 0xCB, 0xFF}}},
	{{{3681, 2135, 3772}, 0, {1092, -8}, {0xFE, 0xFF, 0xCB, 0xFF}}},
	{{{3773, 1168, 3680}, 0, {920, 1696}, {0xFE, 0xFF, 0xCB, 0xFF}}},
	{{{3911, 1815, 3681}, 0, {757, 447}, {0xFE, 0xFF, 0xCB, 0xFF}}},
	{{{3955, 1873, 3681}, 0, {695, 316}, {0xFE, 0xFF, 0xCB, 0xFF}}},
	{{{4010, 1908, 3681}, 0, {617, 238}, {0xFE, 0xFF, 0xCB, 0xFF}}},
	{{{4093, 1925, 3681}, 0, {498, 200}, {0xFE, 0xFF, 0xCB, 0xFF}}},
	{{{4093, 2135, 3680}, 0, {498, -8}, {0xFE, 0xFF, 0xCB, 0xFF}}},
	{{{4413, 2135, 3680}, 0, {76, -8}, {0xFE, 0xFF, 0xCB, 0xFF}}},
	{{{4177, 1908, 3681}, 0, {379, 238}, {0xFE, 0xFF, 0xCB, 0xFF}}},
	{{{4231, 1873, 3681}, 0, {302, 316}, {0xFE, 0xFF, 0xCB, 0xFF}}},
	{{{4275, 1815, 3681}, 0, {240, 447}, {0xFE, 0xFF, 0xCB, 0xFF}}},
	{{{4413, 1168, 3680}, 0, {76, 1696}, {0xFE, 0xFF, 0xCB, 0xFF}}},
	{{{4275, 1350, 3681}, 0, {240, 1355}, {0xFE, 0xFF, 0xCB, 0xFF}}},
	{{{4093, 1350, 3681}, 0, {498, 1355}, {0xFE, 0xFF, 0xCB, 0xFF}}},
	{{{4275, 1350, 3681}, 0, {240, 1355}, {0xFE, 0xFF, 0xCB, 0xFF}}},
	{{{4413, 1168, 3680}, 0, {76, 1696}, {0xFE, 0xFF, 0xCB, 0xFF}}},
	{{{4093, 1168, 3680}, 0, {498, 1696}, {0xFE, 0xFF, 0xCB, 0xFF}}},
	{{{3773, 1168, 3680}, 0, {920, 1696}, {0xFE, 0xFF, 0xCB, 0xFF}}},
	{{{3911, 1350, 3681}, 0, {757, 1355}, {0xFE, 0xFF, 0xCB, 0xFF}}},
	{{{3911, 1815, 3681}, 0, {757, 447}, {0xFE, 0xFF, 0xCB, 0xFF}}},
	{{{-4504, 1168, 3773}, 0, {1092, 1696}, {0xC5, 0xF8, 0xFF, 0xFF}}},
	{{{-4504, 2135, 3773}, 0, {1092, -8}, {0xC5, 0xF8, 0xFF, 0xFF}}},
	{{{-4412, 2135, 3681}, 0, {920, -8}, {0xC5, 0xF8, 0xFF, 0xFF}}},
	{{{-4412, 1168, 3681}, 0, {920, 1696}, {0xC5, 0xF8, 0xFF, 0xFF}}},
	{{{-4274, 1815, 3682}, 0, {757, 447}, {0xC5, 0xF8, 0xFF, 0xFF}}},
	{{{-4230, 1873, 3682}, 0, {695, 316}, {0xC5, 0xF8, 0xFF, 0xFF}}},
	{{{-4176, 1908, 3682}, 0, {617, 238}, {0xC5, 0xF8, 0xFF, 0xFF}}},
	{{{-4092, 1925, 3682}, 0, {498, 200}, {0xC5, 0xF8, 0xFF, 0xFF}}},
	{{{-4092, 2135, 3681}, 0, {498, -8}, {0xC5, 0xF8, 0xFF, 0xFF}}},
	{{{-3772, 2135, 3681}, 0, {76, -8}, {0xC5, 0xF8, 0xFF, 0xFF}}},
	{{{-4008, 1908, 3682}, 0, {379, 238}, {0xC5, 0xF8, 0xFF, 0xFF}}},
	{{{-3954, 1873, 3682}, 0, {302, 316}, {0xC5, 0xF8, 0xFF, 0xFF}}},
	{{{-3910, 1815, 3682}, 0, {240, 447}, {0xC5, 0xF8, 0xFF, 0xFF}}},
	{{{-3772, 1168, 3681}, 0, {76, 1696}, {0xC5, 0xF8, 0xFF, 0xFF}}},
	{{{-3910, 1350, 3682}, 0, {240, 1355}, {0xC5, 0xF8, 0xFF, 0xFF}}},
	{{{-4092, 1350, 3682}, 0, {498, 1355}, {0xC5, 0xF8, 0xFF, 0xFF}}},
	{{{-4092, 1168, 3681}, 0, {498, 1696}, {0xC5, 0xF8, 0xFF, 0xFF}}},
	{{{-4274, 1350, 3682}, 0, {757, 1355}, {0xC5, 0xF8, 0xFF, 0xFF}}},
	{{{-4504, 2135, 4413}, 0, {920, -8}, {0xC5, 0xF8, 0xFF, 0xFF}}},
	{{{-4412, 1168, 4505}, 0, {1092, 1696}, {0xC5, 0xF8, 0xFF, 0xFF}}},
	{{{-4412, 2135, 4505}, 0, {1092, -8}, {0xC5, 0xF8, 0xFF, 0xFF}}},
	{{{-4504, 1168, 4413}, 0, {920, 1696}, {0xC5, 0xF8, 0xFF, 0xFF}}},
	{{{-4503, 1815, 4275}, 0, {757, 447}, {0xC5, 0xF8, 0xFF, 0xFF}}},
	{{{-4503, 1873, 4231}, 0, {695, 316}, {0xC5, 0xF8, 0xFF, 0xFF}}},
	{{{-4503, 1908, 4177}, 0, {617, 238}, {0xC5, 0xF8, 0xFF, 0xFF}}},
	{{{-4503, 1925, 4093}, 0, {498, 200}, {0xC5, 0xF8, 0xFF, 0xFF}}},
	{{{-4504, 2135, 4093}, 0, {498, -8}, {0xC5, 0xF8, 0xFF, 0xFF}}},
	{{{-4504, 2135, 3773}, 0, {76, -8}, {0xC5, 0xF8, 0xFF, 0xFF}}},
	{{{-4503, 1908, 4010}, 0, {379, 238}, {0xC5, 0xF8, 0xFF, 0xFF}}},
	{{{-4503, 1873, 3955}, 0, {302, 316}, {0xC5, 0xF8, 0xFF, 0xFF}}},
	{{{-4503, 1815, 3911}, 0, {240, 447}, {0xC5, 0xF8, 0xFF, 0xFF}}},
	{{{-4504, 1168, 3773}, 0, {76, 1696}, {0xC5, 0xF8, 0xFF, 0xFF}}},
	{{{-4503, 1350, 3911}, 0, {240, 1355}, {0xC5, 0xF8, 0xFF, 0xFF}}},
	{{{-4503, 1350, 4093}, 0, {498, 1355}, {0xC5, 0xF8, 0xFF, 0xFF}}},
	{{{-4504, 1168, 4093}, 0, {498, 1696}, {0xC5, 0xF8, 0xFF, 0xFF}}},
	{{{-4503, 1350, 4275}, 0, {757, 1355}, {0xC5, 0xF8, 0xFF, 0xFF}}},
	{{{-3680, 1168, 4413}, 0, {1092, 1696}, {0xC5, 0xF8, 0xFF, 0xFF}}},
	{{{-3680, 2135, 4413}, 0, {1092, -8}, {0xC5, 0xF8, 0xFF, 0xFF}}},
	{{{-3772, 2135, 4505}, 0, {920, -8}, {0xC5, 0xF8, 0xFF, 0xFF}}},
	{{{-3772, 1168, 4505}, 0, {920, 1696}, {0xC5, 0xF8, 0xFF, 0xFF}}},
	{{{-3910, 1815, 4504}, 0, {757, 447}, {0xC5, 0xF8, 0xFF, 0xFF}}},
	{{{-3954, 1873, 4504}, 0, {695, 316}, {0xC5, 0xF8, 0xFF, 0xFF}}},
	{{{-4008, 1908, 4504}, 0, {617, 238}, {0xC5, 0xF8, 0xFF, 0xFF}}},
	{{{-4092, 1925, 4504}, 0, {498, 200}, {0xC5, 0xF8, 0xFF, 0xFF}}},
	{{{-4092, 2135, 4505}, 0, {498, -8}, {0xC5, 0xF8, 0xFF, 0xFF}}},
	{{{-4412, 2135, 4505}, 0, {76, -8}, {0xC5, 0xF8, 0xFF, 0xFF}}},
	{{{-4176, 1908, 4504}, 0, {379, 238}, {0xC5, 0xF8, 0xFF, 0xFF}}},
	{{{-4230, 1873, 4504}, 0, {302, 316}, {0xC5, 0xF8, 0xFF, 0xFF}}},
	{{{-4274, 1815, 4504}, 0, {240, 447}, {0xC5, 0xF8, 0xFF, 0xFF}}},
	{{{-4412, 1168, 4505}, 0, {76, 1696}, {0xC5, 0xF8, 0xFF, 0xFF}}},
	{{{-4274, 1350, 4504}, 0, {240, 1355}, {0xC5, 0xF8, 0xFF, 0xFF}}},
	{{{-4092, 1350, 4504}, 0, {498, 1355}, {0xC5, 0xF8, 0xFF, 0xFF}}},
	{{{-4092, 1168, 4505}, 0, {498, 1696}, {0xC5, 0xF8, 0xFF, 0xFF}}},
	{{{-3910, 1350, 4504}, 0, {757, 1355}, {0xC5, 0xF8, 0xFF, 0xFF}}},
	{{{-3680, 2135, 3773}, 0, {920, -8}, {0xC5, 0xF8, 0xFF, 0xFF}}},
	{{{-3772, 1168, 3681}, 0, {1092, 1696}, {0xC5, 0xF8, 0xFF, 0xFF}}},
	{{{-3772, 2135, 3681}, 0, {1092, -8}, {0xC5, 0xF8, 0xFF, 0xFF}}},
	{{{-3680, 2135, 3773}, 0, {920, -8}, {0xC5, 0xF8, 0xFF, 0xFF}}},
	{{{-3680, 1168, 3773}, 0, {920, 1696}, {0xC5, 0xF8, 0xFF, 0xFF}}},
	{{{-3772, 1168, 3681}, 0, {1092, 1696}, {0xC5, 0xF8, 0xFF, 0xFF}}},
	{{{-3681, 1815, 3911}, 0, {757, 447}, {0xC5, 0xF8, 0xFF, 0xFF}}},
	{{{-3681, 1873, 3955}, 0, {695, 316}, {0xC5, 0xF8, 0xFF, 0xFF}}},
	{{{-3681, 1908, 4010}, 0, {617, 238}, {0xC5, 0xF8, 0xFF, 0xFF}}},
	{{{-3681, 1925, 4093}, 0, {498, 200}, {0xC5, 0xF8, 0xFF, 0xFF}}},
	{{{-3680, 2135, 4093}, 0, {498, -8}, {0xC5, 0xF8, 0xFF, 0xFF}}},
	{{{-3680, 2135, 4413}, 0, {76, -8}, {0xC5, 0xF8, 0xFF, 0xFF}}},
	{{{-3681, 1908, 4177}, 0, {379, 238}, {0xC5, 0xF8, 0xFF, 0xFF}}},
	{{{-3681, 1873, 4231}, 0, {302, 316}, {0xC5, 0xF8, 0xFF, 0xFF}}},
	{{{-3681, 1815, 4275}, 0, {240, 447}, {0xC5, 0xF8, 0xFF, 0xFF}}},
	{{{-3680, 1168, 4413}, 0, {76, 1696}, {0xC5, 0xF8, 0xFF, 0xFF}}},
	{{{-3681, 1350, 4275}, 0, {240, 1355}, {0xC5, 0xF8, 0xFF, 0xFF}}},
	{{{-3681, 1350, 4093}, 0, {498, 1355}, {0xC5, 0xF8, 0xFF, 0xFF}}},
	{{{-3680, 1168, 4093}, 0, {498, 1696}, {0xC5, 0xF8, 0xFF, 0xFF}}},
	{{{-3681, 1350, 3911}, 0, {757, 1355}, {0xC5, 0xF8, 0xFF, 0xFF}}},
	{{{-3773, 1168, -4504}, 0, {1092, 1696}, {0xBE, 0xDA, 0xFB, 0xFF}}},
	{{{-3773, 2135, -4504}, 0, {1092, -8}, {0xBE, 0xDA, 0xFB, 0xFF}}},
	{{{-3681, 2135, -4412}, 0, {920, -8}, {0xBE, 0xDA, 0xFB, 0xFF}}},
	{{{-3681, 1168, -4412}, 0, {920, 1696}, {0xBE, 0xDA, 0xFB, 0xFF}}},
	{{{-3682, 1815, -4274}, 0, {757, 447}, {0xBE, 0xDA, 0xFB, 0xFF}}},
	{{{-3682, 1873, -4230}, 0, {695, 316}, {0xBE, 0xDA, 0xFB, 0xFF}}},
	{{{-3682, 1908, -4176}, 0, {617, 238}, {0xBE, 0xDA, 0xFB, 0xFF}}},
	{{{-3682, 1925, -4092}, 0, {498, 200}, {0xBE, 0xDA, 0xFB, 0xFF}}},
	{{{-3681, 2135, -4092}, 0, {498, -8}, {0xBE, 0xDA, 0xFB, 0xFF}}},
	{{{-3681, 2135, -3772}, 0, {76, -8}, {0xBE, 0xDA, 0xFB, 0xFF}}},
	{{{-3682, 1908, -4008}, 0, {379, 238}, {0xBE, 0xDA, 0xFB, 0xFF}}},
	{{{-3682, 1873, -3954}, 0, {302, 316}, {0xBE, 0xDA, 0xFB, 0xFF}}},
	{{{-3682, 1815, -3910}, 0, {240, 447}, {0xBE, 0xDA, 0xFB, 0xFF}}},
	{{{-3681, 1168, -3772}, 0, {76, 1696}, {0xBE, 0xDA, 0xFB, 0xFF}}},
	{{{-3682, 1350, -3910}, 0, {240, 1355}, {0xBE, 0xDA, 0xFB, 0xFF}}},
	{{{-3682, 1350, -4092}, 0, {498, 1355}, {0xBE, 0xDA, 0xFB, 0xFF}}},
	{{{-3681, 1168, -4092}, 0, {498, 1696}, {0xBE, 0xDA, 0xFB, 0xFF}}},
	{{{-3682, 1350, -4274}, 0, {757, 1355}, {0xBE, 0xDA, 0xFB, 0xFF}}},
	{{{-4413, 2135, -4504}, 0, {920, -8}, {0xBE, 0xDA, 0xFB, 0xFF}}},
	{{{-4505, 1168, -4412}, 0, {1092, 1696}, {0xBE, 0xDA, 0xFB, 0xFF}}},
	{{{-4505, 2135, -4412}, 0, {1092, -8}, {0xBE, 0xDA, 0xFB, 0xFF}}},
	{{{-4413, 1168, -4504}, 0, {920, 1696}, {0xBE, 0xDA, 0xFB, 0xFF}}},
	{{{-4275, 1815, -4503}, 0, {757, 447}, {0xBE, 0xDA, 0xFB, 0xFF}}},
	{{{-4231, 1873, -4503}, 0, {695, 316}, {0xBE, 0xDA, 0xFB, 0xFF}}},
	{{{-4177, 1908, -4503}, 0, {617, 238}, {0xBE, 0xDA, 0xFB, 0xFF}}},
	{{{-4093, 1925, -4503}, 0, {498, 200}, {0xBE, 0xDA, 0xFB, 0xFF}}},
	{{{-4093, 2135, -4504}, 0, {498, -8}, {0xBE, 0xDA, 0xFB, 0xFF}}},
	{{{-3773, 2135, -4504}, 0, {76, -8}, {0xBE, 0xDA, 0xFB, 0xFF}}},
	{{{-4010, 1908, -4503}, 0, {379, 238}, {0xBE, 0xDA, 0xFB, 0xFF}}},
	{{{-3955, 1873, -4503}, 0, {302, 316}, {0xBE, 0xDA, 0xFB, 0xFF}}},
	{{{-3911, 1815, -4503}, 0, {240, 447}, {0xBE, 0xDA, 0xFB, 0xFF}}},
	{{{-3773, 1168, -4504}, 0, {76, 1696}, {0xBE, 0xDA, 0xFB, 0xFF}}},
	{{{-3911, 1350, -4503}, 0, {240, 1355}, {0xBE, 0xDA, 0xFB, 0xFF}}},
	{{{-4093, 1350, -4503}, 0, {498, 1355}, {0xBE, 0xDA, 0xFB, 0xFF}}},
	{{{-4093, 1168, -4504}, 0, {498, 1696}, {0xBE, 0xDA, 0xFB, 0xFF}}},
	{{{-4275, 1350, -4503}, 0, {757, 1355}, {0xBE, 0xDA, 0xFB, 0xFF}}},
	{{{-4413, 1168, -3680}, 0, {1092, 1696}, {0xBE, 0xDA, 0xFB, 0xFF}}},
	{{{-4413, 2135, -3680}, 0, {1092, -8}, {0xBE, 0xDA, 0xFB, 0xFF}}},
	{{{-4505, 2135, -3772}, 0, {920, -8}, {0xBE, 0xDA, 0xFB, 0xFF}}},
	{{{-4505, 1168, -3772}, 0, {920, 1696}, {0xBE, 0xDA, 0xFB, 0xFF}}},
	{{{-4504, 1815, -3910}, 0, {757, 447}, {0xBE, 0xDA, 0xFB, 0xFF}}},
	{{{-4504, 1873, -3954}, 0, {695, 316}, {0xBE, 0xDA, 0xFB, 0xFF}}},
	{{{-4504, 1908, -4008}, 0, {617, 238}, {0xBE, 0xDA, 0xFB, 0xFF}}},
	{{{-4504, 1925, -4092}, 0, {498, 200}, {0xBE, 0xDA, 0xFB, 0xFF}}},
	{{{-4505, 2135, -4092}, 0, {498, -8}, {0xBE, 0xDA, 0xFB, 0xFF}}},
	{{{-4505, 2135, -4412}, 0, {76, -8}, {0xBE, 0xDA, 0xFB, 0xFF}}},
	{{{-4504, 1908, -4176}, 0, {379, 238}, {0xBE, 0xDA, 0xFB, 0xFF}}},
	{{{-4505, 2135, -4412}, 0, {76, -8}, {0xBE, 0xDA, 0xFB, 0xFF}}},
	{{{-4504, 1873, -4230}, 0, {302, 316}, {0xBE, 0xDA, 0xFB, 0xFF}}},
	{{{-4504, 1908, -4176}, 0, {379, 238}, {0xBE, 0xDA, 0xFB, 0xFF}}},
	{{{-4504, 1815, -4274}, 0, {240, 447}, {0xBE, 0xDA, 0xFB, 0xFF}}},
	{{{-4505, 1168, -4412}, 0, {76, 1696}, {0xBE, 0xDA, 0xFB, 0xFF}}},
	{{{-4504, 1350, -4274}, 0, {240, 1355}, {0xBE, 0xDA, 0xFB, 0xFF}}},
	{{{-4504, 1350, -4092}, 0, {498, 1355}, {0xBE, 0xDA, 0xFB, 0xFF}}},
	{{{-4505, 1168, -4092}, 0, {498, 1696}, {0xBE, 0xDA, 0xFB, 0xFF}}},
	{{{-4505, 1168, -3772}, 0, {920, 1696}, {0xBE, 0xDA, 0xFB, 0xFF}}},
	{{{-4504, 1350, -3910}, 0, {757, 1355}, {0xBE, 0xDA, 0xFB, 0xFF}}},
	{{{-4504, 1815, -3910}, 0, {757, 447}, {0xBE, 0xDA, 0xFB, 0xFF}}},
	{{{-3773, 2135, -3680}, 0, {920, -8}, {0xBE, 0xDA, 0xFB, 0xFF}}},
	{{{-3681, 1168, -3772}, 0, {1092, 1696}, {0xBE, 0xDA, 0xFB, 0xFF}}},
	{{{-3681, 2135, -3772}, 0, {1092, -8}, {0xBE, 0xDA, 0xFB, 0xFF}}},
	{{{-3773, 1168, -3680}, 0, {920, 1696}, {0xBE, 0xDA, 0xFB, 0xFF}}},
	{{{-3911, 1815, -3681}, 0, {757, 447}, {0xBE, 0xDA, 0xFB, 0xFF}}},
	{{{-3955, 1873, -3681}, 0, {695, 316}, {0xBE, 0xDA, 0xFB, 0xFF}}},
	{{{-4010, 1908, -3681}, 0, {617, 238}, {0xBE, 0xDA, 0xFB, 0xFF}}},
	{{{-4093, 1925, -3681}, 0, {498, 200}, {0xBE, 0xDA, 0xFB, 0xFF}}},
	{{{-4093, 2135, -3680}, 0, {498, -8}, {0xBE, 0xDA, 0xFB, 0xFF}}},
	{{{-4413, 2135, -3680}, 0, {76, -8}, {0xBE, 0xDA, 0xFB, 0xFF}}},
	{{{-4177, 1908, -3681}, 0, {379, 238}, {0xBE, 0xDA, 0xFB, 0xFF}}},
	{{{-4231, 1873, -3681}, 0, {302, 316}, {0xBE, 0xDA, 0xFB, 0xFF}}},
	{{{-4275, 1815, -3681}, 0, {240, 447}, {0xBE, 0xDA, 0xFB, 0xFF}}},
	{{{-4413, 1168, -3680}, 0, {76, 1696}, {0xBE, 0xDA, 0xFB, 0xFF}}},
	{{{-4275, 1350, -3681}, 0, {240, 1355}, {0xBE, 0xDA, 0xFB, 0xFF}}},
	{{{-4093, 1350, -3681}, 0, {498, 1355}, {0xBE, 0xDA, 0xFB, 0xFF}}},
	{{{-4093, 1168, -3680}, 0, {498, 1696}, {0xBE, 0xDA, 0xFB, 0xFF}}},
	{{{-3911, 1350, -3681}, 0, {757, 1355}, {0xBE, 0xDA, 0xFB, 0xFF}}},
};

Gfx totwc_dl_totwc_seg7_dl_07005D28_mesh_mesh_layer_1_tri_3[] = {
	gsSPVertex(totwc_dl_totwc_seg7_dl_07005D28_mesh_mesh_layer_1_vtx_3 + 0, 63, 0),
	gsSP2Triangles(0, 1, 2, 0, 3, 4, 5, 0),
	gsSP2Triangles(6, 7, 8, 0, 9, 10, 11, 0),
	gsSP2Triangles(12, 13, 14, 0, 15, 16, 17, 0),
	gsSP2Triangles(18, 19, 20, 0, 21, 22, 23, 0),
	gsSP2Triangles(24, 25, 26, 0, 27, 28, 29, 0),
	gsSP2Triangles(30, 31, 32, 0, 33, 34, 35, 0),
	gsSP2Triangles(36, 37, 38, 0, 39, 40, 41, 0),
	gsSP2Triangles(42, 43, 44, 0, 45, 46, 47, 0),
	gsSP2Triangles(48, 49, 50, 0, 51, 52, 53, 0),
	gsSP2Triangles(54, 55, 56, 0, 57, 58, 59, 0),
	gsSP1Triangle(60, 61, 62, 0),
	gsSPVertex(totwc_dl_totwc_seg7_dl_07005D28_mesh_mesh_layer_1_vtx_3 + 63, 63, 0),
	gsSP2Triangles(0, 1, 2, 0, 3, 4, 5, 0),
	gsSP2Triangles(6, 7, 8, 0, 9, 10, 11, 0),
	gsSP2Triangles(12, 13, 14, 0, 15, 16, 17, 0),
	gsSP2Triangles(18, 19, 20, 0, 21, 22, 23, 0),
	gsSP2Triangles(24, 25, 26, 0, 27, 28, 29, 0),
	gsSP2Triangles(30, 31, 32, 0, 33, 34, 35, 0),
	gsSP2Triangles(36, 37, 38, 0, 39, 40, 41, 0),
	gsSP2Triangles(42, 43, 44, 0, 45, 46, 47, 0),
	gsSP2Triangles(48, 49, 50, 0, 51, 52, 53, 0),
	gsSP2Triangles(54, 55, 56, 0, 57, 58, 59, 0),
	gsSP1Triangle(60, 61, 62, 0),
	gsSPVertex(totwc_dl_totwc_seg7_dl_07005D28_mesh_mesh_layer_1_vtx_3 + 126, 63, 0),
	gsSP2Triangles(0, 1, 2, 0, 3, 4, 5, 0),
	gsSP2Triangles(6, 7, 8, 0, 9, 10, 11, 0),
	gsSP2Triangles(12, 13, 14, 0, 15, 16, 17, 0),
	gsSP2Triangles(18, 19, 20, 0, 21, 22, 23, 0),
	gsSP2Triangles(24, 25, 26, 0, 27, 28, 29, 0),
	gsSP2Triangles(30, 31, 32, 0, 33, 34, 35, 0),
	gsSP2Triangles(36, 37, 38, 0, 39, 40, 41, 0),
	gsSP2Triangles(42, 43, 44, 0, 45, 46, 47, 0),
	gsSP2Triangles(48, 49, 50, 0, 51, 52, 53, 0),
	gsSP2Triangles(54, 55, 56, 0, 57, 58, 59, 0),
	gsSP1Triangle(60, 61, 62, 0),
	gsSPVertex(totwc_dl_totwc_seg7_dl_07005D28_mesh_mesh_layer_1_vtx_3 + 189, 63, 0),
	gsSP2Triangles(0, 1, 2, 0, 3, 4, 5, 0),
	gsSP2Triangles(6, 7, 8, 0, 9, 10, 11, 0),
	gsSP2Triangles(12, 13, 14, 0, 15, 16, 17, 0),
	gsSP2Triangles(18, 19, 20, 0, 21, 22, 23, 0),
	gsSP2Triangles(24, 25, 26, 0, 27, 28, 29, 0),
	gsSP2Triangles(30, 31, 32, 0, 33, 34, 35, 0),
	gsSP2Triangles(36, 37, 38, 0, 39, 40, 41, 0),
	gsSP2Triangles(42, 43, 44, 0, 45, 46, 47, 0),
	gsSP2Triangles(48, 49, 50, 0, 51, 52, 53, 0),
	gsSP2Triangles(54, 55, 56, 0, 57, 58, 59, 0),
	gsSP1Triangle(60, 61, 62, 0),
	gsSPVertex(totwc_dl_totwc_seg7_dl_07005D28_mesh_mesh_layer_1_vtx_3 + 252, 63, 0),
	gsSP2Triangles(0, 1, 2, 0, 3, 4, 5, 0),
	gsSP2Triangles(6, 7, 8, 0, 9, 10, 11, 0),
	gsSP2Triangles(12, 13, 14, 0, 15, 16, 17, 0),
	gsSP2Triangles(18, 19, 20, 0, 21, 22, 23, 0),
	gsSP2Triangles(24, 25, 26, 0, 27, 28, 29, 0),
	gsSP2Triangles(30, 31, 32, 0, 33, 34, 35, 0),
	gsSP2Triangles(36, 37, 38, 0, 39, 40, 41, 0),
	gsSP2Triangles(42, 43, 44, 0, 45, 46, 47, 0),
	gsSP2Triangles(48, 49, 50, 0, 51, 52, 53, 0),
	gsSP2Triangles(54, 55, 56, 0, 57, 58, 59, 0),
	gsSP1Triangle(60, 61, 62, 0),
	gsSPVertex(totwc_dl_totwc_seg7_dl_07005D28_mesh_mesh_layer_1_vtx_3 + 315, 63, 0),
	gsSP2Triangles(0, 1, 2, 0, 3, 4, 5, 0),
	gsSP2Triangles(6, 7, 8, 0, 9, 10, 11, 0),
	gsSP2Triangles(12, 13, 14, 0, 15, 16, 17, 0),
	gsSP2Triangles(18, 19, 20, 0, 21, 22, 23, 0),
	gsSP2Triangles(24, 25, 26, 0, 27, 28, 29, 0),
	gsSP2Triangles(30, 31, 32, 0, 33, 34, 35, 0),
	gsSP2Triangles(36, 37, 38, 0, 39, 40, 41, 0),
	gsSP2Triangles(42, 43, 44, 0, 45, 46, 47, 0),
	gsSP2Triangles(48, 49, 50, 0, 51, 52, 53, 0),
	gsSP2Triangles(54, 55, 56, 0, 57, 58, 59, 0),
	gsSP1Triangle(60, 61, 62, 0),
	gsSPVertex(totwc_dl_totwc_seg7_dl_07005D28_mesh_mesh_layer_1_vtx_3 + 378, 63, 0),
	gsSP2Triangles(0, 1, 2, 0, 3, 4, 5, 0),
	gsSP2Triangles(6, 7, 8, 0, 9, 10, 11, 0),
	gsSP2Triangles(12, 13, 14, 0, 15, 16, 17, 0),
	gsSP2Triangles(18, 19, 20, 0, 21, 22, 23, 0),
	gsSP2Triangles(24, 25, 26, 0, 27, 28, 29, 0),
	gsSP2Triangles(30, 31, 32, 0, 33, 34, 35, 0),
	gsSP2Triangles(36, 37, 38, 0, 39, 40, 41, 0),
	gsSP2Triangles(42, 43, 44, 0, 45, 46, 47, 0),
	gsSP2Triangles(48, 49, 50, 0, 51, 52, 53, 0),
	gsSP2Triangles(54, 55, 56, 0, 57, 58, 59, 0),
	gsSP1Triangle(60, 61, 62, 0),
	gsSPVertex(totwc_dl_totwc_seg7_dl_07005D28_mesh_mesh_layer_1_vtx_3 + 441, 63, 0),
	gsSP2Triangles(0, 1, 2, 0, 3, 4, 5, 0),
	gsSP2Triangles(6, 7, 8, 0, 9, 10, 11, 0),
	gsSP2Triangles(12, 13, 14, 0, 15, 16, 17, 0),
	gsSP2Triangles(18, 19, 20, 0, 21, 22, 23, 0),
	gsSP2Triangles(24, 25, 26, 0, 27, 28, 29, 0),
	gsSP2Triangles(30, 31, 32, 0, 33, 34, 35, 0),
	gsSP2Triangles(36, 37, 38, 0, 39, 40, 41, 0),
	gsSP2Triangles(42, 43, 44, 0, 45, 46, 47, 0),
	gsSP2Triangles(48, 49, 50, 0, 51, 52, 53, 0),
	gsSP2Triangles(54, 55, 56, 0, 57, 58, 59, 0),
	gsSP1Triangle(60, 61, 62, 0),
	gsSPVertex(totwc_dl_totwc_seg7_dl_07005D28_mesh_mesh_layer_1_vtx_3 + 504, 63, 0),
	gsSP2Triangles(0, 1, 2, 0, 3, 4, 5, 0),
	gsSP2Triangles(6, 7, 8, 0, 9, 10, 11, 0),
	gsSP2Triangles(12, 13, 14, 0, 15, 16, 17, 0),
	gsSP2Triangles(18, 19, 20, 0, 21, 22, 23, 0),
	gsSP2Triangles(24, 25, 26, 0, 27, 28, 29, 0),
	gsSP2Triangles(30, 31, 32, 0, 33, 34, 35, 0),
	gsSP2Triangles(36, 37, 38, 0, 39, 40, 41, 0),
	gsSP2Triangles(42, 43, 44, 0, 45, 46, 47, 0),
	gsSP2Triangles(48, 49, 50, 0, 51, 52, 53, 0),
	gsSP2Triangles(54, 55, 56, 0, 57, 58, 59, 0),
	gsSP1Triangle(60, 61, 62, 0),
	gsSPVertex(totwc_dl_totwc_seg7_dl_07005D28_mesh_mesh_layer_1_vtx_3 + 567, 63, 0),
	gsSP2Triangles(0, 1, 2, 0, 3, 4, 5, 0),
	gsSP2Triangles(6, 7, 8, 0, 9, 10, 11, 0),
	gsSP2Triangles(12, 13, 14, 0, 15, 16, 17, 0),
	gsSP2Triangles(18, 19, 20, 0, 21, 22, 23, 0),
	gsSP2Triangles(24, 25, 26, 0, 27, 28, 29, 0),
	gsSP2Triangles(30, 31, 32, 0, 33, 34, 35, 0),
	gsSP2Triangles(36, 37, 38, 0, 39, 40, 41, 0),
	gsSP2Triangles(42, 43, 44, 0, 45, 46, 47, 0),
	gsSP2Triangles(48, 49, 50, 0, 51, 52, 53, 0),
	gsSP2Triangles(54, 55, 56, 0, 57, 58, 59, 0),
	gsSP1Triangle(60, 61, 62, 0),
	gsSPVertex(totwc_dl_totwc_seg7_dl_07005D28_mesh_mesh_layer_1_vtx_3 + 630, 63, 0),
	gsSP2Triangles(0, 1, 2, 0, 3, 4, 5, 0),
	gsSP2Triangles(6, 7, 8, 0, 9, 10, 11, 0),
	gsSP2Triangles(12, 13, 14, 0, 15, 16, 17, 0),
	gsSP2Triangles(18, 19, 20, 0, 21, 22, 23, 0),
	gsSP2Triangles(24, 25, 26, 0, 27, 28, 29, 0),
	gsSP2Triangles(30, 31, 32, 0, 33, 34, 35, 0),
	gsSP2Triangles(36, 37, 38, 0, 39, 40, 41, 0),
	gsSP2Triangles(42, 43, 44, 0, 45, 46, 47, 0),
	gsSP2Triangles(48, 49, 50, 0, 51, 52, 53, 0),
	gsSP2Triangles(54, 55, 56, 0, 57, 58, 59, 0),
	gsSP1Triangle(60, 61, 62, 0),
	gsSPVertex(totwc_dl_totwc_seg7_dl_07005D28_mesh_mesh_layer_1_vtx_3 + 693, 63, 0),
	gsSP2Triangles(0, 1, 2, 0, 3, 4, 5, 0),
	gsSP2Triangles(6, 7, 8, 0, 9, 10, 11, 0),
	gsSP2Triangles(12, 13, 14, 0, 15, 16, 17, 0),
	gsSP2Triangles(18, 19, 20, 0, 21, 22, 23, 0),
	gsSP2Triangles(24, 25, 26, 0, 27, 28, 29, 0),
	gsSP2Triangles(30, 31, 32, 0, 33, 34, 35, 0),
	gsSP2Triangles(36, 37, 38, 0, 39, 40, 41, 0),
	gsSP2Triangles(42, 43, 44, 0, 45, 46, 47, 0),
	gsSP2Triangles(48, 49, 50, 0, 51, 52, 53, 0),
	gsSP2Triangles(54, 55, 56, 0, 57, 58, 59, 0),
	gsSP1Triangle(60, 61, 62, 0),
	gsSPVertex(totwc_dl_totwc_seg7_dl_07005D28_mesh_mesh_layer_1_vtx_3 + 756, 63, 0),
	gsSP2Triangles(0, 1, 2, 0, 3, 4, 5, 0),
	gsSP2Triangles(6, 7, 8, 0, 9, 10, 11, 0),
	gsSP2Triangles(12, 13, 14, 0, 15, 16, 17, 0),
	gsSP2Triangles(18, 19, 20, 0, 21, 22, 23, 0),
	gsSP2Triangles(24, 25, 26, 0, 27, 28, 29, 0),
	gsSP2Triangles(30, 31, 32, 0, 33, 34, 35, 0),
	gsSP2Triangles(36, 37, 38, 0, 39, 40, 41, 0),
	gsSP2Triangles(42, 43, 44, 0, 45, 46, 47, 0),
	gsSP2Triangles(48, 49, 50, 0, 51, 52, 53, 0),
	gsSP2Triangles(54, 55, 56, 0, 57, 58, 59, 0),
	gsSP1Triangle(60, 61, 62, 0),
	gsSPVertex(totwc_dl_totwc_seg7_dl_07005D28_mesh_mesh_layer_1_vtx_3 + 819, 63, 0),
	gsSP2Triangles(0, 1, 2, 0, 3, 4, 5, 0),
	gsSP2Triangles(6, 7, 8, 0, 9, 10, 11, 0),
	gsSP2Triangles(12, 13, 14, 0, 15, 16, 17, 0),
	gsSP2Triangles(18, 19, 20, 0, 21, 22, 23, 0),
	gsSP2Triangles(24, 25, 26, 0, 27, 28, 29, 0),
	gsSP2Triangles(30, 31, 32, 0, 33, 34, 35, 0),
	gsSP2Triangles(36, 37, 38, 0, 39, 40, 41, 0),
	gsSP2Triangles(42, 43, 44, 0, 45, 46, 47, 0),
	gsSP2Triangles(48, 49, 50, 0, 51, 52, 53, 0),
	gsSP2Triangles(54, 55, 56, 0, 57, 58, 59, 0),
	gsSP1Triangle(60, 61, 62, 0),
	gsSPVertex(totwc_dl_totwc_seg7_dl_07005D28_mesh_mesh_layer_1_vtx_3 + 882, 63, 0),
	gsSP2Triangles(0, 1, 2, 0, 3, 4, 5, 0),
	gsSP2Triangles(6, 7, 8, 0, 9, 10, 11, 0),
	gsSP2Triangles(12, 13, 14, 0, 15, 16, 17, 0),
	gsSP2Triangles(18, 19, 20, 0, 21, 22, 23, 0),
	gsSP2Triangles(24, 25, 26, 0, 27, 28, 29, 0),
	gsSP2Triangles(30, 31, 32, 0, 33, 34, 35, 0),
	gsSP2Triangles(36, 37, 38, 0, 39, 40, 41, 0),
	gsSP2Triangles(42, 43, 44, 0, 45, 46, 47, 0),
	gsSP2Triangles(48, 49, 50, 0, 51, 52, 53, 0),
	gsSP2Triangles(54, 55, 56, 0, 57, 58, 59, 0),
	gsSP1Triangle(60, 61, 62, 0),
	gsSPVertex(totwc_dl_totwc_seg7_dl_07005D28_mesh_mesh_layer_1_vtx_3 + 945, 64, 0),
	gsSP2Triangles(0, 1, 2, 0, 3, 4, 5, 0),
	gsSP2Triangles(6, 7, 8, 0, 9, 10, 11, 0),
	gsSP2Triangles(12, 13, 14, 0, 15, 16, 17, 0),
	gsSP2Triangles(15, 17, 18, 0, 18, 17, 19, 0),
	gsSP2Triangles(17, 20, 19, 0, 17, 21, 20, 0),
	gsSP2Triangles(22, 21, 17, 0, 22, 17, 23, 0),
	gsSP2Triangles(22, 23, 24, 0, 22, 24, 25, 0),
	gsSP2Triangles(24, 26, 25, 0, 24, 27, 26, 0),
	gsSP2Triangles(28, 27, 24, 0, 28, 29, 27, 0),
	gsSP2Triangles(30, 29, 28, 0, 30, 28, 31, 0),
	gsSP2Triangles(30, 31, 18, 0, 30, 18, 32, 0),
	gsSP2Triangles(18, 19, 32, 0, 33, 34, 35, 0),
	gsSP2Triangles(33, 36, 34, 0, 36, 33, 37, 0),
	gsSP2Triangles(33, 38, 37, 0, 33, 39, 38, 0),
	gsSP2Triangles(40, 39, 33, 0, 40, 33, 41, 0),
	gsSP2Triangles(40, 41, 42, 0, 40, 42, 43, 0),
	gsSP2Triangles(42, 44, 43, 0, 42, 45, 44, 0),
	gsSP2Triangles(46, 45, 42, 0, 46, 47, 45, 0),
	gsSP2Triangles(48, 47, 46, 0, 48, 46, 49, 0),
	gsSP2Triangles(48, 49, 36, 0, 48, 36, 50, 0),
	gsSP2Triangles(36, 37, 50, 0, 51, 52, 53, 0),
	gsSP2Triangles(51, 53, 54, 0, 54, 53, 55, 0),
	gsSP2Triangles(53, 56, 55, 0, 53, 57, 56, 0),
	gsSP2Triangles(58, 57, 53, 0, 58, 53, 59, 0),
	gsSP2Triangles(58, 59, 60, 0, 58, 60, 61, 0),
	gsSP2Triangles(60, 62, 61, 0, 60, 63, 62, 0),
	gsSPVertex(totwc_dl_totwc_seg7_dl_07005D28_mesh_mesh_layer_1_vtx_3 + 1009, 62, 0),
	gsSP2Triangles(0, 1, 2, 0, 0, 3, 1, 0),
	gsSP2Triangles(4, 3, 0, 0, 4, 0, 5, 0),
	gsSP2Triangles(4, 5, 6, 0, 4, 6, 7, 0),
	gsSP2Triangles(6, 8, 7, 0, 9, 10, 11, 0),
	gsSP2Triangles(9, 12, 10, 0, 12, 9, 13, 0),
	gsSP2Triangles(9, 14, 13, 0, 9, 15, 14, 0),
	gsSP2Triangles(16, 15, 9, 0, 16, 9, 17, 0),
	gsSP2Triangles(16, 17, 18, 0, 16, 18, 19, 0),
	gsSP2Triangles(18, 20, 19, 0, 18, 21, 20, 0),
	gsSP2Triangles(22, 21, 18, 0, 22, 23, 21, 0),
	gsSP2Triangles(24, 23, 22, 0, 24, 22, 25, 0),
	gsSP2Triangles(24, 25, 12, 0, 24, 12, 26, 0),
	gsSP2Triangles(12, 13, 26, 0, 27, 28, 29, 0),
	gsSP2Triangles(27, 29, 30, 0, 31, 32, 29, 0),
	gsSP2Triangles(31, 29, 33, 0, 34, 35, 36, 0),
	gsSP2Triangles(34, 36, 37, 0, 38, 39, 36, 0),
	gsSP2Triangles(38, 36, 40, 0, 41, 42, 29, 0),
	gsSP2Triangles(41, 29, 43, 0, 34, 44, 45, 0),
	gsSP2Triangles(34, 45, 40, 0, 38, 35, 45, 0),
	gsSP2Triangles(38, 45, 46, 0, 47, 48, 29, 0),
	gsSP2Triangles(47, 29, 49, 0, 50, 51, 52, 0),
	gsSP2Triangles(50, 52, 53, 0, 54, 55, 56, 0),
	gsSP2Triangles(54, 56, 57, 0, 58, 59, 60, 0),
	gsSP1Triangle(58, 60, 61, 0),
	gsSPVertex(totwc_dl_totwc_seg7_dl_07005D28_mesh_mesh_layer_1_vtx_3 + 1071, 64, 0),
	gsSP2Triangles(0, 1, 2, 0, 0, 2, 3, 0),
	gsSP2Triangles(4, 5, 6, 0, 4, 6, 7, 0),
	gsSP2Triangles(8, 9, 10, 0, 8, 10, 11, 0),
	gsSP2Triangles(12, 13, 14, 0, 12, 14, 15, 0),
	gsSP2Triangles(16, 17, 18, 0, 16, 18, 19, 0),
	gsSP2Triangles(20, 21, 22, 0, 20, 22, 23, 0),
	gsSP2Triangles(24, 25, 26, 0, 24, 26, 27, 0),
	gsSP2Triangles(28, 29, 30, 0, 28, 30, 31, 0),
	gsSP2Triangles(32, 33, 34, 0, 32, 34, 35, 0),
	gsSP2Triangles(36, 37, 38, 0, 36, 38, 39, 0),
	gsSP2Triangles(40, 41, 42, 0, 40, 42, 43, 0),
	gsSP2Triangles(44, 45, 46, 0, 44, 46, 47, 0),
	gsSP2Triangles(48, 49, 50, 0, 48, 50, 51, 0),
	gsSP2Triangles(52, 53, 54, 0, 52, 54, 55, 0),
	gsSP2Triangles(56, 57, 58, 0, 56, 58, 59, 0),
	gsSP2Triangles(60, 61, 62, 0, 60, 62, 63, 0),
	gsSPVertex(totwc_dl_totwc_seg7_dl_07005D28_mesh_mesh_layer_1_vtx_3 + 1135, 63, 0),
	gsSP2Triangles(0, 1, 2, 0, 0, 2, 3, 0),
	gsSP2Triangles(4, 5, 6, 0, 4, 6, 7, 0),
	gsSP2Triangles(8, 9, 6, 0, 8, 6, 10, 0),
	gsSP2Triangles(11, 12, 13, 0, 11, 13, 14, 0),
	gsSP2Triangles(15, 16, 13, 0, 15, 13, 17, 0),
	gsSP2Triangles(18, 19, 6, 0, 18, 6, 20, 0),
	gsSP2Triangles(11, 16, 21, 0, 11, 21, 22, 0),
	gsSP2Triangles(15, 23, 21, 0, 15, 21, 14, 0),
	gsSP2Triangles(24, 25, 6, 0, 24, 6, 26, 0),
	gsSP2Triangles(27, 28, 29, 0, 27, 29, 30, 0),
	gsSP2Triangles(31, 32, 33, 0, 31, 33, 34, 0),
	gsSP2Triangles(35, 36, 37, 0, 35, 37, 38, 0),
	gsSP2Triangles(39, 40, 41, 0, 39, 41, 42, 0),
	gsSP2Triangles(43, 44, 45, 0, 43, 45, 46, 0),
	gsSP2Triangles(47, 48, 49, 0, 47, 49, 50, 0),
	gsSP2Triangles(51, 52, 53, 0, 51, 53, 54, 0),
	gsSP2Triangles(55, 56, 57, 0, 55, 57, 58, 0),
	gsSP2Triangles(59, 60, 61, 0, 59, 61, 62, 0),
	gsSPVertex(totwc_dl_totwc_seg7_dl_07005D28_mesh_mesh_layer_1_vtx_3 + 1198, 64, 0),
	gsSP2Triangles(0, 1, 2, 0, 0, 2, 3, 0),
	gsSP2Triangles(4, 5, 6, 0, 4, 6, 7, 0),
	gsSP2Triangles(8, 9, 10, 0, 8, 10, 11, 0),
	gsSP2Triangles(12, 13, 14, 0, 12, 14, 15, 0),
	gsSP2Triangles(16, 17, 18, 0, 16, 18, 19, 0),
	gsSP2Triangles(20, 21, 22, 0, 20, 22, 23, 0),
	gsSP2Triangles(24, 25, 26, 0, 24, 26, 27, 0),
	gsSP2Triangles(28, 29, 30, 0, 28, 30, 31, 0),
	gsSP2Triangles(32, 33, 34, 0, 32, 34, 35, 0),
	gsSP2Triangles(36, 37, 38, 0, 36, 38, 39, 0),
	gsSP2Triangles(40, 41, 42, 0, 40, 42, 43, 0),
	gsSP2Triangles(44, 45, 46, 0, 44, 46, 47, 0),
	gsSP2Triangles(48, 49, 46, 0, 48, 46, 50, 0),
	gsSP2Triangles(51, 52, 53, 0, 51, 53, 54, 0),
	gsSP2Triangles(55, 56, 53, 0, 55, 53, 57, 0),
	gsSP2Triangles(58, 59, 46, 0, 58, 46, 60, 0),
	gsSP2Triangles(51, 61, 62, 0, 51, 62, 57, 0),
	gsSP2Triangles(55, 52, 62, 0, 55, 62, 63, 0),
	gsSPVertex(totwc_dl_totwc_seg7_dl_07005D28_mesh_mesh_layer_1_vtx_3 + 1262, 64, 0),
	gsSP2Triangles(0, 1, 2, 0, 0, 2, 3, 0),
	gsSP2Triangles(4, 5, 6, 0, 4, 6, 7, 0),
	gsSP2Triangles(8, 9, 10, 0, 8, 10, 11, 0),
	gsSP2Triangles(12, 13, 14, 0, 12, 14, 15, 0),
	gsSP2Triangles(16, 17, 18, 0, 16, 18, 19, 0),
	gsSP2Triangles(20, 21, 22, 0, 20, 22, 23, 0),
	gsSP2Triangles(24, 25, 26, 0, 24, 26, 27, 0),
	gsSP2Triangles(28, 29, 30, 0, 28, 30, 31, 0),
	gsSP2Triangles(32, 33, 34, 0, 32, 34, 35, 0),
	gsSP2Triangles(36, 37, 38, 0, 36, 38, 39, 0),
	gsSP2Triangles(40, 41, 42, 0, 40, 42, 43, 0),
	gsSP2Triangles(44, 45, 46, 0, 44, 46, 47, 0),
	gsSP2Triangles(48, 49, 50, 0, 48, 50, 51, 0),
	gsSP2Triangles(52, 53, 54, 0, 52, 54, 55, 0),
	gsSP2Triangles(56, 57, 58, 0, 56, 58, 59, 0),
	gsSP2Triangles(60, 61, 62, 0, 60, 62, 63, 0),
	gsSPVertex(totwc_dl_totwc_seg7_dl_07005D28_mesh_mesh_layer_1_vtx_3 + 1326, 63, 0),
	gsSP2Triangles(0, 1, 2, 0, 0, 2, 3, 0),
	gsSP2Triangles(4, 5, 6, 0, 4, 6, 7, 0),
	gsSP2Triangles(8, 9, 10, 0, 8, 10, 11, 0),
	gsSP2Triangles(12, 13, 14, 0, 12, 14, 15, 0),
	gsSP2Triangles(16, 17, 18, 0, 16, 18, 19, 0),
	gsSP2Triangles(20, 21, 22, 0, 20, 22, 23, 0),
	gsSP2Triangles(24, 25, 22, 0, 24, 22, 26, 0),
	gsSP2Triangles(27, 28, 29, 0, 27, 29, 30, 0),
	gsSP2Triangles(31, 32, 29, 0, 31, 29, 33, 0),
	gsSP2Triangles(34, 35, 22, 0, 34, 22, 36, 0),
	gsSP2Triangles(27, 32, 37, 0, 27, 37, 38, 0),
	gsSP2Triangles(31, 39, 37, 0, 31, 37, 30, 0),
	gsSP2Triangles(40, 41, 22, 0, 40, 22, 42, 0),
	gsSP2Triangles(43, 44, 45, 0, 43, 45, 46, 0),
	gsSP2Triangles(47, 48, 49, 0, 47, 49, 50, 0),
	gsSP2Triangles(51, 52, 53, 0, 51, 53, 54, 0),
	gsSP2Triangles(55, 56, 57, 0, 55, 57, 58, 0),
	gsSP2Triangles(59, 60, 61, 0, 59, 61, 62, 0),
	gsSPVertex(totwc_dl_totwc_seg7_dl_07005D28_mesh_mesh_layer_1_vtx_3 + 1389, 64, 0),
	gsSP2Triangles(0, 1, 2, 0, 0, 2, 3, 0),
	gsSP2Triangles(4, 5, 6, 0, 4, 6, 7, 0),
	gsSP2Triangles(8, 9, 10, 0, 8, 10, 11, 0),
	gsSP2Triangles(12, 13, 14, 0, 12, 14, 15, 0),
	gsSP2Triangles(16, 17, 18, 0, 16, 18, 19, 0),
	gsSP2Triangles(20, 21, 22, 0, 20, 22, 23, 0),
	gsSP2Triangles(24, 25, 26, 0, 24, 26, 27, 0),
	gsSP2Triangles(28, 29, 30, 0, 28, 30, 31, 0),
	gsSP2Triangles(32, 33, 34, 0, 32, 34, 35, 0),
	gsSP2Triangles(36, 37, 38, 0, 36, 38, 39, 0),
	gsSP2Triangles(40, 41, 42, 0, 40, 42, 43, 0),
	gsSP2Triangles(44, 45, 46, 0, 44, 46, 47, 0),
	gsSP2Triangles(48, 49, 50, 0, 48, 50, 51, 0),
	gsSP2Triangles(52, 53, 54, 0, 52, 54, 55, 0),
	gsSP2Triangles(56, 57, 58, 0, 56, 58, 59, 0),
	gsSP2Triangles(60, 61, 62, 0, 60, 62, 63, 0),
	gsSPVertex(totwc_dl_totwc_seg7_dl_07005D28_mesh_mesh_layer_1_vtx_3 + 1453, 64, 0),
	gsSP2Triangles(0, 1, 2, 0, 0, 2, 3, 0),
	gsSP2Triangles(4, 5, 6, 0, 4, 6, 7, 0),
	gsSP2Triangles(8, 9, 6, 0, 8, 6, 10, 0),
	gsSP2Triangles(11, 12, 2, 0, 11, 2, 13, 0),
	gsSP2Triangles(4, 14, 15, 0, 4, 15, 10, 0),
	gsSP2Triangles(8, 5, 15, 0, 8, 15, 16, 0),
	gsSP2Triangles(17, 18, 2, 0, 17, 2, 19, 0),
	gsSP2Triangles(20, 21, 22, 0, 20, 22, 23, 0),
	gsSP2Triangles(24, 25, 26, 0, 24, 26, 27, 0),
	gsSP2Triangles(28, 29, 30, 0, 28, 30, 31, 0),
	gsSP2Triangles(32, 33, 34, 0, 32, 34, 35, 0),
	gsSP2Triangles(36, 37, 38, 0, 36, 38, 39, 0),
	gsSP2Triangles(40, 41, 42, 0, 40, 42, 43, 0),
	gsSP2Triangles(44, 45, 46, 0, 44, 46, 47, 0),
	gsSP2Triangles(48, 49, 50, 0, 48, 50, 51, 0),
	gsSP2Triangles(52, 53, 54, 0, 52, 54, 55, 0),
	gsSP2Triangles(56, 57, 58, 0, 56, 58, 59, 0),
	gsSP2Triangles(60, 61, 62, 0, 60, 62, 63, 0),
	gsSPVertex(totwc_dl_totwc_seg7_dl_07005D28_mesh_mesh_layer_1_vtx_3 + 1517, 63, 0),
	gsSP2Triangles(0, 1, 2, 0, 0, 2, 3, 0),
	gsSP2Triangles(4, 5, 6, 0, 4, 6, 7, 0),
	gsSP2Triangles(8, 9, 10, 0, 8, 10, 11, 0),
	gsSP2Triangles(12, 13, 14, 0, 12, 14, 15, 0),
	gsSP2Triangles(16, 17, 18, 0, 16, 18, 19, 0),
	gsSP2Triangles(20, 21, 22, 0, 20, 22, 23, 0),
	gsSP2Triangles(24, 25, 26, 0, 24, 26, 27, 0),
	gsSP2Triangles(28, 29, 30, 0, 28, 30, 31, 0),
	gsSP2Triangles(32, 33, 34, 0, 32, 34, 35, 0),
	gsSP2Triangles(36, 37, 38, 0, 36, 38, 39, 0),
	gsSP2Triangles(40, 41, 38, 0, 40, 38, 42, 0),
	gsSP2Triangles(43, 44, 45, 0, 43, 45, 46, 0),
	gsSP2Triangles(47, 48, 45, 0, 47, 45, 49, 0),
	gsSP2Triangles(50, 51, 38, 0, 50, 38, 52, 0),
	gsSP2Triangles(43, 48, 53, 0, 43, 53, 54, 0),
	gsSP2Triangles(47, 55, 53, 0, 47, 53, 46, 0),
	gsSP2Triangles(56, 57, 38, 0, 56, 38, 58, 0),
	gsSP2Triangles(59, 60, 61, 0, 59, 61, 62, 0),
	gsSPVertex(totwc_dl_totwc_seg7_dl_07005D28_mesh_mesh_layer_1_vtx_3 + 1580, 64, 0),
	gsSP2Triangles(0, 1, 2, 0, 0, 2, 3, 0),
	gsSP2Triangles(4, 5, 6, 0, 4, 6, 7, 0),
	gsSP2Triangles(8, 9, 10, 0, 8, 10, 11, 0),
	gsSP2Triangles(12, 13, 14, 0, 12, 14, 15, 0),
	gsSP2Triangles(16, 17, 18, 0, 16, 18, 19, 0),
	gsSP2Triangles(20, 21, 22, 0, 20, 22, 23, 0),
	gsSP2Triangles(24, 25, 26, 0, 24, 26, 27, 0),
	gsSP2Triangles(28, 29, 30, 0, 28, 30, 31, 0),
	gsSP2Triangles(32, 33, 34, 0, 32, 34, 35, 0),
	gsSP2Triangles(36, 37, 38, 0, 36, 38, 39, 0),
	gsSP2Triangles(40, 41, 42, 0, 40, 42, 43, 0),
	gsSP2Triangles(44, 45, 46, 0, 44, 46, 47, 0),
	gsSP2Triangles(48, 49, 50, 0, 48, 50, 51, 0),
	gsSP2Triangles(52, 53, 54, 0, 52, 54, 55, 0),
	gsSP2Triangles(56, 57, 58, 0, 56, 58, 59, 0),
	gsSP2Triangles(60, 61, 62, 0, 60, 62, 63, 0),
	gsSPVertex(totwc_dl_totwc_seg7_dl_07005D28_mesh_mesh_layer_1_vtx_3 + 1644, 63, 0),
	gsSP2Triangles(0, 1, 2, 0, 0, 2, 3, 0),
	gsSP2Triangles(4, 5, 6, 0, 4, 6, 7, 0),
	gsSP2Triangles(8, 9, 10, 0, 8, 10, 11, 0),
	gsSP2Triangles(12, 13, 14, 0, 12, 14, 15, 0),
	gsSP2Triangles(16, 17, 14, 0, 16, 14, 18, 0),
	gsSP2Triangles(19, 20, 21, 0, 19, 21, 22, 0),
	gsSP2Triangles(23, 24, 21, 0, 23, 21, 25, 0),
	gsSP2Triangles(26, 27, 14, 0, 26, 14, 28, 0),
	gsSP2Triangles(19, 29, 30, 0, 19, 30, 25, 0),
	gsSP2Triangles(23, 20, 30, 0, 23, 30, 31, 0),
	gsSP2Triangles(32, 33, 14, 0, 32, 14, 34, 0),
	gsSP2Triangles(35, 36, 37, 0, 35, 37, 38, 0),
	gsSP2Triangles(39, 40, 41, 0, 39, 41, 42, 0),
	gsSP2Triangles(43, 44, 45, 0, 43, 45, 46, 0),
	gsSP2Triangles(47, 48, 49, 0, 47, 49, 50, 0),
	gsSP2Triangles(51, 52, 53, 0, 51, 53, 54, 0),
	gsSP2Triangles(55, 56, 57, 0, 55, 57, 58, 0),
	gsSP2Triangles(59, 60, 61, 0, 59, 61, 62, 0),
	gsSPVertex(totwc_dl_totwc_seg7_dl_07005D28_mesh_mesh_layer_1_vtx_3 + 1707, 63, 0),
	gsSP2Triangles(0, 1, 2, 0, 0, 2, 3, 0),
	gsSP2Triangles(4, 5, 6, 0, 4, 6, 7, 0),
	gsSP2Triangles(8, 9, 10, 0, 8, 10, 11, 0),
	gsSP2Triangles(12, 13, 14, 0, 12, 14, 15, 0),
	gsSP2Triangles(16, 17, 18, 0, 16, 18, 19, 0),
	gsSP2Triangles(20, 21, 22, 0, 20, 22, 23, 0),
	gsSP2Triangles(24, 25, 26, 0, 24, 26, 27, 0),
	gsSP2Triangles(28, 29, 30, 0, 28, 30, 31, 0),
	gsSP2Triangles(32, 33, 34, 0, 32, 34, 35, 0),
	gsSP2Triangles(36, 37, 38, 0, 36, 38, 39, 0),
	gsSP2Triangles(40, 41, 42, 0, 40, 42, 43, 0),
	gsSP2Triangles(44, 45, 46, 0, 44, 46, 47, 0),
	gsSP2Triangles(48, 49, 50, 0, 48, 50, 51, 0),
	gsSP2Triangles(52, 53, 54, 0, 52, 54, 55, 0),
	gsSP2Triangles(56, 57, 54, 0, 56, 54, 58, 0),
	gsSP2Triangles(59, 60, 61, 0, 59, 61, 62, 0),
	gsSPVertex(totwc_dl_totwc_seg7_dl_07005D28_mesh_mesh_layer_1_vtx_3 + 1770, 64, 0),
	gsSP2Triangles(0, 1, 2, 0, 0, 2, 3, 0),
	gsSP2Triangles(4, 5, 6, 0, 4, 6, 7, 0),
	gsSP2Triangles(8, 1, 9, 0, 8, 9, 10, 0),
	gsSP2Triangles(0, 11, 9, 0, 0, 9, 12, 0),
	gsSP2Triangles(13, 14, 6, 0, 13, 6, 15, 0),
	gsSP2Triangles(16, 17, 18, 0, 16, 18, 19, 0),
	gsSP2Triangles(20, 21, 22, 0, 20, 22, 23, 0),
	gsSP2Triangles(24, 25, 26, 0, 24, 26, 27, 0),
	gsSP2Triangles(28, 29, 30, 0, 28, 30, 31, 0),
	gsSP2Triangles(32, 33, 34, 0, 32, 34, 35, 0),
	gsSP2Triangles(36, 37, 38, 0, 36, 38, 39, 0),
	gsSP2Triangles(40, 41, 42, 0, 40, 42, 43, 0),
	gsSP2Triangles(44, 45, 46, 0, 44, 46, 47, 0),
	gsSP2Triangles(48, 49, 50, 0, 48, 50, 51, 0),
	gsSP2Triangles(52, 53, 54, 0, 52, 54, 55, 0),
	gsSP2Triangles(56, 57, 58, 0, 56, 58, 59, 0),
	gsSP2Triangles(60, 61, 62, 0, 60, 62, 63, 0),
	gsSPVertex(totwc_dl_totwc_seg7_dl_07005D28_mesh_mesh_layer_1_vtx_3 + 1834, 63, 0),
	gsSP2Triangles(0, 1, 2, 0, 0, 2, 3, 0),
	gsSP2Triangles(4, 5, 6, 0, 4, 6, 7, 0),
	gsSP2Triangles(8, 9, 10, 0, 8, 10, 11, 0),
	gsSP2Triangles(12, 13, 14, 0, 12, 14, 15, 0),
	gsSP2Triangles(16, 17, 18, 0, 16, 18, 19, 0),
	gsSP2Triangles(20, 21, 22, 0, 20, 22, 23, 0),
	gsSP2Triangles(24, 25, 26, 0, 24, 26, 27, 0),
	gsSP2Triangles(28, 29, 30, 0, 28, 30, 31, 0),
	gsSP2Triangles(32, 33, 34, 0, 32, 34, 35, 0),
	gsSP2Triangles(36, 37, 34, 0, 36, 34, 38, 0),
	gsSP2Triangles(39, 40, 41, 0, 39, 41, 42, 0),
	gsSP2Triangles(43, 44, 41, 0, 43, 41, 45, 0),
	gsSP2Triangles(46, 47, 34, 0, 46, 34, 48, 0),
	gsSP2Triangles(39, 49, 50, 0, 39, 50, 45, 0),
	gsSP2Triangles(43, 40, 50, 0, 43, 50, 51, 0),
	gsSP2Triangles(52, 53, 34, 0, 52, 34, 54, 0),
	gsSP2Triangles(55, 56, 57, 0, 55, 57, 58, 0),
	gsSP2Triangles(59, 60, 61, 0, 59, 61, 62, 0),
	gsSPVertex(totwc_dl_totwc_seg7_dl_07005D28_mesh_mesh_layer_1_vtx_3 + 1897, 64, 0),
	gsSP2Triangles(0, 1, 2, 0, 0, 2, 3, 0),
	gsSP2Triangles(4, 5, 6, 0, 4, 6, 7, 0),
	gsSP2Triangles(8, 9, 10, 0, 8, 10, 11, 0),
	gsSP2Triangles(12, 13, 14, 0, 12, 14, 15, 0),
	gsSP2Triangles(16, 17, 18, 0, 16, 18, 19, 0),
	gsSP2Triangles(20, 21, 22, 0, 20, 22, 23, 0),
	gsSP2Triangles(24, 25, 26, 0, 24, 26, 27, 0),
	gsSP2Triangles(28, 29, 30, 0, 28, 30, 31, 0),
	gsSP2Triangles(32, 33, 34, 0, 32, 34, 35, 0),
	gsSP2Triangles(36, 37, 38, 0, 36, 38, 39, 0),
	gsSP2Triangles(40, 41, 42, 0, 40, 42, 43, 0),
	gsSP2Triangles(44, 45, 46, 0, 44, 46, 47, 0),
	gsSP2Triangles(48, 49, 50, 0, 48, 50, 51, 0),
	gsSP2Triangles(52, 53, 54, 0, 52, 54, 55, 0),
	gsSP2Triangles(56, 57, 58, 0, 56, 58, 59, 0),
	gsSP2Triangles(60, 61, 62, 0, 60, 62, 63, 0),
	gsSPVertex(totwc_dl_totwc_seg7_dl_07005D28_mesh_mesh_layer_1_vtx_3 + 1961, 63, 0),
	gsSP2Triangles(0, 1, 2, 0, 0, 2, 3, 0),
	gsSP2Triangles(4, 5, 6, 0, 4, 6, 7, 0),
	gsSP2Triangles(8, 9, 10, 0, 8, 10, 11, 0),
	gsSP2Triangles(12, 13, 10, 0, 12, 10, 14, 0),
	gsSP2Triangles(15, 16, 17, 0, 15, 17, 18, 0),
	gsSP2Triangles(19, 20, 17, 0, 19, 17, 21, 0),
	gsSP2Triangles(22, 23, 10, 0, 22, 10, 24, 0),
	gsSP2Triangles(15, 20, 25, 0, 15, 25, 26, 0),
	gsSP2Triangles(19, 27, 25, 0, 19, 25, 18, 0),
	gsSP2Triangles(28, 29, 10, 0, 28, 10, 30, 0),
	gsSP2Triangles(31, 32, 33, 0, 31, 33, 34, 0),
	gsSP2Triangles(35, 36, 37, 0, 35, 37, 38, 0),
	gsSP2Triangles(39, 40, 41, 0, 39, 41, 42, 0),
	gsSP2Triangles(43, 44, 45, 0, 43, 45, 46, 0),
	gsSP2Triangles(47, 48, 49, 0, 47, 49, 50, 0),
	gsSP2Triangles(51, 52, 53, 0, 51, 53, 54, 0),
	gsSP2Triangles(55, 56, 57, 0, 55, 57, 58, 0),
	gsSP2Triangles(59, 60, 61, 0, 59, 61, 62, 0),
	gsSPVertex(totwc_dl_totwc_seg7_dl_07005D28_mesh_mesh_layer_1_vtx_3 + 2024, 64, 0),
	gsSP2Triangles(0, 1, 2, 0, 0, 2, 3, 0),
	gsSP2Triangles(4, 5, 6, 0, 4, 6, 7, 0),
	gsSP2Triangles(8, 9, 10, 0, 8, 10, 11, 0),
	gsSP2Triangles(12, 13, 14, 0, 12, 14, 15, 0),
	gsSP2Triangles(16, 17, 18, 0, 16, 18, 19, 0),
	gsSP2Triangles(20, 21, 22, 0, 20, 22, 23, 0),
	gsSP2Triangles(24, 25, 26, 0, 24, 26, 27, 0),
	gsSP2Triangles(28, 29, 30, 0, 28, 30, 31, 0),
	gsSP2Triangles(32, 33, 34, 0, 32, 34, 35, 0),
	gsSP2Triangles(36, 37, 38, 0, 36, 38, 39, 0),
	gsSP2Triangles(40, 41, 42, 0, 40, 42, 43, 0),
	gsSP2Triangles(44, 45, 46, 0, 44, 46, 47, 0),
	gsSP2Triangles(48, 49, 50, 0, 48, 50, 51, 0),
	gsSP2Triangles(52, 53, 50, 0, 52, 50, 54, 0),
	gsSP2Triangles(55, 56, 57, 0, 55, 57, 58, 0),
	gsSP2Triangles(59, 60, 57, 0, 59, 57, 61, 0),
	gsSP1Triangle(62, 63, 50, 0),
	gsSPVertex(totwc_dl_totwc_seg7_dl_07005D28_mesh_mesh_layer_1_vtx_3 + 2088, 64, 0),
	gsSP2Triangles(0, 1, 2, 0, 3, 4, 5, 0),
	gsSP2Triangles(3, 5, 6, 0, 7, 8, 5, 0),
	gsSP2Triangles(7, 5, 9, 0, 10, 11, 1, 0),
	gsSP2Triangles(10, 1, 12, 0, 13, 14, 15, 0),
	gsSP2Triangles(13, 15, 16, 0, 17, 18, 19, 0),
	gsSP2Triangles(17, 19, 20, 0, 21, 22, 23, 0),
	gsSP2Triangles(21, 23, 24, 0, 25, 26, 27, 0),
	gsSP2Triangles(25, 27, 28, 0, 29, 30, 31, 0),
	gsSP2Triangles(29, 31, 32, 0, 33, 34, 35, 0),
	gsSP2Triangles(33, 35, 36, 0, 37, 38, 39, 0),
	gsSP2Triangles(37, 39, 40, 0, 41, 42, 43, 0),
	gsSP2Triangles(41, 43, 44, 0, 45, 46, 47, 0),
	gsSP2Triangles(45, 47, 48, 0, 49, 50, 51, 0),
	gsSP2Triangles(49, 51, 52, 0, 53, 54, 55, 0),
	gsSP2Triangles(53, 55, 56, 0, 57, 58, 59, 0),
	gsSP2Triangles(57, 59, 60, 0, 61, 62, 63, 0),
	gsSPVertex(totwc_dl_totwc_seg7_dl_07005D28_mesh_mesh_layer_1_vtx_3 + 2152, 62, 0),
	gsSP2Triangles(0, 1, 2, 0, 3, 4, 5, 0),
	gsSP2Triangles(3, 5, 6, 0, 7, 8, 9, 0),
	gsSP2Triangles(7, 9, 10, 0, 11, 12, 13, 0),
	gsSP2Triangles(11, 13, 14, 0, 15, 16, 17, 0),
	gsSP2Triangles(15, 17, 18, 0, 19, 20, 21, 0),
	gsSP2Triangles(19, 21, 22, 0, 23, 24, 25, 0),
	gsSP2Triangles(23, 25, 26, 0, 27, 28, 29, 0),
	gsSP2Triangles(27, 29, 30, 0, 31, 32, 33, 0),
	gsSP2Triangles(31, 33, 34, 0, 35, 36, 33, 0),
	gsSP2Triangles(35, 33, 37, 0, 38, 39, 40, 0),
	gsSP2Triangles(38, 40, 41, 0, 42, 43, 40, 0),
	gsSP2Triangles(42, 40, 44, 0, 45, 46, 33, 0),
	gsSP2Triangles(45, 33, 47, 0, 38, 43, 48, 0),
	gsSP2Triangles(38, 48, 49, 0, 42, 50, 48, 0),
	gsSP2Triangles(42, 48, 41, 0, 51, 52, 33, 0),
	gsSP2Triangles(51, 33, 53, 0, 54, 55, 56, 0),
	gsSP2Triangles(54, 56, 57, 0, 58, 59, 60, 0),
	gsSP1Triangle(58, 60, 61, 0),
	gsSPVertex(totwc_dl_totwc_seg7_dl_07005D28_mesh_mesh_layer_1_vtx_3 + 2214, 64, 0),
	gsSP2Triangles(0, 1, 2, 0, 0, 2, 3, 0),
	gsSP2Triangles(4, 5, 6, 0, 4, 6, 7, 0),
	gsSP2Triangles(8, 9, 10, 0, 8, 10, 11, 0),
	gsSP2Triangles(12, 13, 14, 0, 12, 14, 15, 0),
	gsSP2Triangles(16, 17, 18, 0, 16, 18, 19, 0),
	gsSP2Triangles(20, 21, 22, 0, 20, 22, 23, 0),
	gsSP2Triangles(24, 25, 26, 0, 24, 26, 27, 0),
	gsSP2Triangles(28, 29, 30, 0, 28, 30, 31, 0),
	gsSP2Triangles(32, 33, 34, 0, 32, 34, 35, 0),
	gsSP2Triangles(36, 37, 38, 0, 36, 38, 39, 0),
	gsSP2Triangles(40, 41, 42, 0, 40, 42, 43, 0),
	gsSP2Triangles(44, 45, 46, 0, 44, 46, 47, 0),
	gsSP2Triangles(48, 49, 50, 0, 48, 50, 51, 0),
	gsSP2Triangles(52, 53, 54, 0, 52, 54, 55, 0),
	gsSP2Triangles(56, 57, 58, 0, 56, 58, 59, 0),
	gsSP2Triangles(60, 61, 62, 0, 60, 62, 63, 0),
	gsSPVertex(totwc_dl_totwc_seg7_dl_07005D28_mesh_mesh_layer_1_vtx_3 + 2278, 63, 0),
	gsSP2Triangles(0, 1, 2, 0, 0, 2, 3, 0),
	gsSP2Triangles(4, 5, 6, 0, 4, 6, 7, 0),
	gsSP2Triangles(8, 9, 10, 0, 8, 10, 11, 0),
	gsSP2Triangles(12, 13, 10, 0, 12, 10, 14, 0),
	gsSP2Triangles(15, 16, 17, 0, 15, 17, 18, 0),
	gsSP2Triangles(19, 20, 17, 0, 19, 17, 21, 0),
	gsSP2Triangles(22, 23, 10, 0, 22, 10, 24, 0),
	gsSP2Triangles(15, 25, 26, 0, 15, 26, 21, 0),
	gsSP2Triangles(19, 16, 26, 0, 19, 26, 27, 0),
	gsSP2Triangles(28, 29, 10, 0, 28, 10, 30, 0),
	gsSP2Triangles(31, 32, 33, 0, 31, 33, 34, 0),
	gsSP2Triangles(35, 36, 37, 0, 35, 37, 38, 0),
	gsSP2Triangles(39, 40, 41, 0, 39, 41, 42, 0),
	gsSP2Triangles(43, 44, 45, 0, 43, 45, 46, 0),
	gsSP2Triangles(47, 48, 49, 0, 47, 49, 50, 0),
	gsSP2Triangles(51, 52, 53, 0, 51, 53, 54, 0),
	gsSP2Triangles(55, 56, 57, 0, 55, 57, 58, 0),
	gsSP2Triangles(59, 60, 61, 0, 59, 61, 62, 0),
	gsSPVertex(totwc_dl_totwc_seg7_dl_07005D28_mesh_mesh_layer_1_vtx_3 + 2341, 64, 0),
	gsSP2Triangles(0, 1, 2, 0, 0, 2, 3, 0),
	gsSP2Triangles(4, 5, 6, 0, 4, 6, 7, 0),
	gsSP2Triangles(8, 9, 10, 0, 8, 10, 11, 0),
	gsSP2Triangles(12, 13, 14, 0, 12, 14, 15, 0),
	gsSP2Triangles(16, 17, 18, 0, 16, 18, 19, 0),
	gsSP2Triangles(20, 21, 22, 0, 20, 22, 23, 0),
	gsSP2Triangles(24, 25, 26, 0, 24, 26, 27, 0),
	gsSP2Triangles(28, 29, 30, 0, 28, 30, 31, 0),
	gsSP2Triangles(32, 33, 34, 0, 32, 34, 35, 0),
	gsSP2Triangles(36, 37, 38, 0, 36, 38, 39, 0),
	gsSP2Triangles(40, 41, 42, 0, 40, 42, 43, 0),
	gsSP2Triangles(44, 45, 46, 0, 44, 46, 47, 0),
	gsSP2Triangles(48, 49, 50, 0, 48, 50, 51, 0),
	gsSP2Triangles(52, 53, 50, 0, 52, 50, 54, 0),
	gsSP2Triangles(55, 56, 57, 0, 55, 57, 58, 0),
	gsSP2Triangles(59, 60, 57, 0, 59, 57, 61, 0),
	gsSP1Triangle(62, 63, 50, 0),
	gsSPVertex(totwc_dl_totwc_seg7_dl_07005D28_mesh_mesh_layer_1_vtx_3 + 2405, 64, 0),
	gsSP2Triangles(0, 1, 2, 0, 3, 4, 5, 0),
	gsSP2Triangles(3, 5, 6, 0, 7, 8, 5, 0),
	gsSP2Triangles(7, 5, 9, 0, 10, 11, 1, 0),
	gsSP2Triangles(10, 1, 12, 0, 13, 14, 15, 0),
	gsSP2Triangles(13, 15, 16, 0, 17, 18, 19, 0),
	gsSP2Triangles(17, 19, 20, 0, 21, 22, 23, 0),
	gsSP2Triangles(21, 23, 24, 0, 25, 26, 27, 0),
	gsSP2Triangles(25, 27, 28, 0, 29, 30, 31, 0),
	gsSP2Triangles(29, 31, 32, 0, 33, 34, 35, 0),
	gsSP2Triangles(33, 35, 36, 0, 37, 38, 39, 0),
	gsSP2Triangles(37, 39, 40, 0, 41, 42, 43, 0),
	gsSP2Triangles(41, 43, 44, 0, 45, 46, 47, 0),
	gsSP2Triangles(45, 47, 48, 0, 49, 50, 51, 0),
	gsSP2Triangles(49, 51, 52, 0, 53, 54, 55, 0),
	gsSP2Triangles(53, 55, 56, 0, 57, 58, 59, 0),
	gsSP2Triangles(57, 59, 60, 0, 61, 62, 63, 0),
	gsSPVertex(totwc_dl_totwc_seg7_dl_07005D28_mesh_mesh_layer_1_vtx_3 + 2469, 62, 0),
	gsSP2Triangles(0, 1, 2, 0, 3, 4, 5, 0),
	gsSP2Triangles(3, 5, 6, 0, 7, 8, 9, 0),
	gsSP2Triangles(7, 9, 10, 0, 11, 12, 13, 0),
	gsSP2Triangles(11, 13, 14, 0, 15, 16, 17, 0),
	gsSP2Triangles(15, 17, 18, 0, 19, 20, 21, 0),
	gsSP2Triangles(19, 21, 22, 0, 23, 24, 25, 0),
	gsSP2Triangles(23, 25, 26, 0, 27, 28, 29, 0),
	gsSP2Triangles(27, 29, 30, 0, 31, 32, 33, 0),
	gsSP2Triangles(31, 33, 34, 0, 35, 36, 33, 0),
	gsSP2Triangles(35, 33, 37, 0, 38, 39, 40, 0),
	gsSP2Triangles(38, 40, 41, 0, 42, 43, 40, 0),
	gsSP2Triangles(42, 40, 44, 0, 45, 46, 33, 0),
	gsSP2Triangles(45, 33, 47, 0, 38, 48, 49, 0),
	gsSP2Triangles(38, 49, 44, 0, 42, 39, 49, 0),
	gsSP2Triangles(42, 49, 50, 0, 51, 52, 33, 0),
	gsSP2Triangles(51, 33, 53, 0, 54, 55, 56, 0),
	gsSP2Triangles(54, 56, 57, 0, 58, 59, 60, 0),
	gsSP1Triangle(58, 60, 61, 0),
	gsSPVertex(totwc_dl_totwc_seg7_dl_07005D28_mesh_mesh_layer_1_vtx_3 + 2531, 64, 0),
	gsSP2Triangles(0, 1, 2, 0, 0, 2, 3, 0),
	gsSP2Triangles(4, 5, 6, 0, 4, 6, 7, 0),
	gsSP2Triangles(8, 9, 10, 0, 8, 10, 11, 0),
	gsSP2Triangles(12, 13, 14, 0, 12, 14, 15, 0),
	gsSP2Triangles(16, 17, 18, 0, 16, 18, 19, 0),
	gsSP2Triangles(20, 21, 22, 0, 20, 22, 23, 0),
	gsSP2Triangles(24, 25, 26, 0, 24, 26, 27, 0),
	gsSP2Triangles(28, 29, 30, 0, 28, 30, 31, 0),
	gsSP2Triangles(32, 33, 34, 0, 32, 34, 35, 0),
	gsSP2Triangles(36, 37, 38, 0, 36, 38, 39, 0),
	gsSP2Triangles(40, 41, 42, 0, 40, 42, 43, 0),
	gsSP2Triangles(44, 45, 46, 0, 44, 46, 47, 0),
	gsSP2Triangles(48, 49, 50, 0, 48, 50, 51, 0),
	gsSP2Triangles(52, 53, 54, 0, 52, 54, 55, 0),
	gsSP2Triangles(56, 57, 58, 0, 56, 58, 59, 0),
	gsSP2Triangles(60, 61, 62, 0, 60, 62, 63, 0),
	gsSPVertex(totwc_dl_totwc_seg7_dl_07005D28_mesh_mesh_layer_1_vtx_3 + 2595, 63, 0),
	gsSP2Triangles(0, 1, 2, 0, 0, 2, 3, 0),
	gsSP2Triangles(4, 5, 6, 0, 4, 6, 7, 0),
	gsSP2Triangles(8, 9, 10, 0, 8, 10, 11, 0),
	gsSP2Triangles(12, 13, 10, 0, 12, 10, 14, 0),
	gsSP2Triangles(15, 16, 17, 0, 15, 17, 18, 0),
	gsSP2Triangles(19, 20, 17, 0, 19, 17, 21, 0),
	gsSP2Triangles(22, 23, 10, 0, 22, 10, 24, 0),
	gsSP2Triangles(15, 20, 25, 0, 15, 25, 26, 0),
	gsSP2Triangles(19, 27, 25, 0, 19, 25, 18, 0),
	gsSP2Triangles(28, 29, 10, 0, 28, 10, 30, 0),
	gsSP2Triangles(31, 32, 33, 0, 31, 33, 34, 0),
	gsSP2Triangles(35, 36, 37, 0, 35, 37, 38, 0),
	gsSP2Triangles(39, 40, 41, 0, 39, 41, 42, 0),
	gsSP2Triangles(43, 44, 45, 0, 43, 45, 46, 0),
	gsSP2Triangles(47, 48, 49, 0, 47, 49, 50, 0),
	gsSP2Triangles(51, 52, 53, 0, 51, 53, 54, 0),
	gsSP2Triangles(55, 56, 57, 0, 55, 57, 58, 0),
	gsSP2Triangles(59, 60, 61, 0, 59, 61, 62, 0),
	gsSPVertex(totwc_dl_totwc_seg7_dl_07005D28_mesh_mesh_layer_1_vtx_3 + 2658, 64, 0),
	gsSP2Triangles(0, 1, 2, 0, 0, 2, 3, 0),
	gsSP2Triangles(4, 5, 6, 0, 4, 6, 7, 0),
	gsSP2Triangles(8, 9, 10, 0, 8, 10, 11, 0),
	gsSP2Triangles(12, 13, 14, 0, 12, 14, 15, 0),
	gsSP2Triangles(16, 17, 18, 0, 16, 18, 19, 0),
	gsSP2Triangles(20, 21, 22, 0, 20, 22, 23, 0),
	gsSP2Triangles(24, 25, 26, 0, 24, 26, 27, 0),
	gsSP2Triangles(28, 29, 30, 0, 28, 30, 31, 0),
	gsSP2Triangles(32, 33, 34, 0, 32, 34, 35, 0),
	gsSP2Triangles(36, 37, 38, 0, 36, 38, 39, 0),
	gsSP2Triangles(40, 41, 42, 0, 40, 42, 43, 0),
	gsSP2Triangles(44, 45, 46, 0, 44, 46, 47, 0),
	gsSP2Triangles(48, 49, 50, 0, 48, 50, 51, 0),
	gsSP2Triangles(52, 53, 54, 0, 52, 54, 55, 0),
	gsSP2Triangles(56, 57, 58, 0, 56, 58, 59, 0),
	gsSP2Triangles(60, 61, 62, 0, 60, 62, 63, 0),
	gsSPVertex(totwc_dl_totwc_seg7_dl_07005D28_mesh_mesh_layer_1_vtx_3 + 2722, 62, 0),
	gsSP2Triangles(0, 1, 2, 0, 0, 2, 3, 0),
	gsSP2Triangles(4, 5, 6, 0, 4, 6, 7, 0),
	gsSP2Triangles(8, 9, 10, 0, 8, 10, 11, 0),
	gsSP2Triangles(12, 13, 14, 0, 12, 14, 15, 0),
	gsSP2Triangles(16, 17, 18, 0, 16, 18, 19, 0),
	gsSP2Triangles(20, 21, 22, 0, 20, 22, 23, 0),
	gsSP2Triangles(24, 25, 26, 0, 24, 26, 27, 0),
	gsSP2Triangles(24, 28, 29, 0, 24, 29, 30, 0),
	gsSP2Triangles(31, 32, 10, 0, 31, 10, 33, 0),
	gsSP2Triangles(34, 35, 36, 0, 34, 36, 37, 0),
	gsSP2Triangles(38, 39, 40, 0, 38, 40, 41, 0),
	gsSP2Triangles(0, 42, 43, 0, 0, 43, 44, 0),
	gsSP2Triangles(45, 46, 18, 0, 45, 18, 47, 0),
	gsSP2Triangles(48, 49, 6, 0, 48, 6, 50, 0),
	gsSP2Triangles(38, 51, 52, 0, 38, 52, 53, 0),
	gsSP2Triangles(54, 55, 56, 0, 54, 56, 57, 0),
	gsSP2Triangles(58, 59, 60, 0, 58, 60, 61, 0),
	gsSPVertex(totwc_dl_totwc_seg7_dl_07005D28_mesh_mesh_layer_1_vtx_3 + 2784, 62, 0),
	gsSP2Triangles(0, 1, 2, 0, 0, 2, 3, 0),
	gsSP2Triangles(4, 5, 6, 0, 4, 6, 7, 0),
	gsSP2Triangles(8, 9, 10, 0, 8, 10, 11, 0),
	gsSP2Triangles(12, 13, 14, 0, 12, 14, 15, 0),
	gsSP2Triangles(16, 17, 18, 0, 16, 18, 19, 0),
	gsSP2Triangles(20, 21, 22, 0, 20, 22, 23, 0),
	gsSP2Triangles(16, 24, 25, 0, 16, 25, 26, 0),
	gsSP2Triangles(27, 28, 29, 0, 27, 29, 30, 0),
	gsSP2Triangles(31, 32, 33, 0, 31, 33, 34, 0),
	gsSP2Triangles(35, 36, 22, 0, 35, 22, 37, 0),
	gsSP2Triangles(27, 38, 39, 0, 27, 39, 40, 0),
	gsSP2Triangles(41, 42, 43, 0, 41, 43, 44, 0),
	gsSP2Triangles(45, 46, 47, 0, 45, 47, 48, 0),
	gsSP2Triangles(41, 49, 50, 0, 41, 50, 51, 0),
	gsSP2Triangles(52, 53, 54, 0, 52, 54, 55, 0),
	gsSP2Triangles(56, 57, 10, 0, 56, 10, 58, 0),
	gsSP2Triangles(59, 60, 54, 0, 59, 54, 61, 0),
	gsSPVertex(totwc_dl_totwc_seg7_dl_07005D28_mesh_mesh_layer_1_vtx_3 + 2846, 64, 0),
	gsSP2Triangles(0, 1, 2, 0, 0, 2, 3, 0),
	gsSP2Triangles(4, 5, 6, 0, 4, 6, 7, 0),
	gsSP2Triangles(8, 9, 10, 0, 8, 10, 11, 0),
	gsSP2Triangles(12, 13, 14, 0, 12, 14, 15, 0),
	gsSP2Triangles(16, 17, 18, 0, 16, 18, 19, 0),
	gsSP2Triangles(20, 21, 22, 0, 20, 22, 23, 0),
	gsSP2Triangles(24, 25, 26, 0, 24, 26, 27, 0),
	gsSP2Triangles(28, 29, 30, 0, 28, 30, 31, 0),
	gsSP2Triangles(32, 33, 34, 0, 32, 34, 35, 0),
	gsSP2Triangles(12, 36, 37, 0, 12, 37, 38, 0),
	gsSP2Triangles(39, 40, 41, 0, 39, 41, 42, 0),
	gsSP2Triangles(43, 44, 45, 0, 43, 45, 46, 0),
	gsSP2Triangles(47, 48, 49, 0, 47, 49, 50, 0),
	gsSP2Triangles(47, 51, 52, 0, 47, 52, 53, 0),
	gsSP2Triangles(54, 55, 34, 0, 54, 34, 56, 0),
	gsSP2Triangles(57, 58, 59, 0, 57, 59, 60, 0),
	gsSP1Triangle(61, 62, 63, 0),
	gsSPVertex(totwc_dl_totwc_seg7_dl_07005D28_mesh_mesh_layer_1_vtx_3 + 2910, 63, 0),
	gsSP2Triangles(0, 1, 2, 0, 3, 4, 5, 0),
	gsSP2Triangles(3, 5, 6, 0, 7, 8, 9, 0),
	gsSP2Triangles(7, 9, 10, 0, 11, 12, 13, 0),
	gsSP2Triangles(11, 13, 14, 0, 0, 15, 16, 0),
	gsSP2Triangles(0, 16, 17, 0, 18, 19, 20, 0),
	gsSP2Triangles(18, 20, 21, 0, 22, 23, 24, 0),
	gsSP2Triangles(22, 24, 25, 0, 26, 27, 28, 0),
	gsSP2Triangles(26, 28, 29, 0, 30, 31, 32, 0),
	gsSP2Triangles(30, 32, 33, 0, 34, 35, 36, 0),
	gsSP2Triangles(34, 36, 37, 0, 18, 38, 39, 0),
	gsSP2Triangles(18, 39, 40, 0, 41, 42, 43, 0),
	gsSP2Triangles(41, 43, 44, 0, 45, 46, 47, 0),
	gsSP2Triangles(45, 47, 48, 0, 41, 49, 50, 0),
	gsSP2Triangles(41, 50, 51, 0, 52, 53, 54, 0),
	gsSP2Triangles(52, 54, 55, 0, 56, 57, 58, 0),
	gsSP2Triangles(56, 58, 59, 0, 60, 61, 47, 0),
	gsSP1Triangle(60, 47, 62, 0),
	gsSPVertex(totwc_dl_totwc_seg7_dl_07005D28_mesh_mesh_layer_1_vtx_3 + 2973, 64, 0),
	gsSP2Triangles(0, 1, 2, 0, 0, 2, 3, 0),
	gsSP2Triangles(4, 5, 6, 0, 4, 6, 7, 0),
	gsSP2Triangles(8, 9, 10, 0, 8, 10, 11, 0),
	gsSP2Triangles(4, 12, 13, 0, 4, 13, 14, 0),
	gsSP2Triangles(15, 16, 17, 0, 15, 17, 18, 0),
	gsSP2Triangles(19, 20, 21, 0, 19, 21, 22, 0),
	gsSP2Triangles(23, 24, 17, 0, 23, 17, 25, 0),
	gsSP2Triangles(26, 27, 28, 0, 26, 28, 29, 0),
	gsSP2Triangles(30, 31, 32, 0, 30, 32, 33, 0),
	gsSP2Triangles(34, 35, 36, 0, 34, 36, 37, 0),
	gsSP2Triangles(38, 39, 40, 0, 38, 40, 41, 0),
	gsSP2Triangles(42, 43, 44, 0, 42, 44, 45, 0),
	gsSP2Triangles(46, 47, 48, 0, 46, 48, 49, 0),
	gsSP2Triangles(50, 51, 52, 0, 50, 52, 53, 0),
	gsSP2Triangles(54, 55, 56, 0, 54, 56, 57, 0),
	gsSP2Triangles(58, 59, 60, 0, 58, 60, 61, 0),
	gsSP1Triangle(38, 62, 63, 0),
	gsSPVertex(totwc_dl_totwc_seg7_dl_07005D28_mesh_mesh_layer_1_vtx_3 + 3037, 64, 0),
	gsSP2Triangles(0, 1, 2, 0, 3, 4, 5, 0),
	gsSP2Triangles(3, 5, 6, 0, 7, 8, 9, 0),
	gsSP2Triangles(7, 9, 10, 0, 11, 12, 13, 0),
	gsSP2Triangles(11, 13, 14, 0, 11, 15, 16, 0),
	gsSP2Triangles(11, 16, 17, 0, 18, 19, 20, 0),
	gsSP2Triangles(18, 20, 21, 0, 22, 23, 24, 0),
	gsSP2Triangles(22, 24, 25, 0, 26, 27, 28, 0),
	gsSP2Triangles(26, 28, 29, 0, 30, 31, 32, 0),
	gsSP2Triangles(30, 32, 33, 0, 34, 35, 5, 0),
	gsSP2Triangles(34, 5, 36, 0, 37, 38, 39, 0),
	gsSP2Triangles(37, 39, 40, 0, 26, 41, 42, 0),
	gsSP2Triangles(26, 42, 43, 0, 44, 45, 46, 0),
	gsSP2Triangles(44, 46, 47, 0, 48, 49, 50, 0),
	gsSP2Triangles(48, 50, 51, 0, 52, 53, 54, 0),
	gsSP2Triangles(52, 54, 55, 0, 56, 57, 58, 0),
	gsSP2Triangles(56, 58, 59, 0, 60, 61, 62, 0),
	gsSP1Triangle(60, 62, 63, 0),
	gsSPVertex(totwc_dl_totwc_seg7_dl_07005D28_mesh_mesh_layer_1_vtx_3 + 3101, 63, 0),
	gsSP2Triangles(0, 1, 2, 0, 0, 2, 3, 0),
	gsSP2Triangles(4, 5, 6, 0, 4, 6, 7, 0),
	gsSP2Triangles(8, 9, 10, 0, 8, 10, 11, 0),
	gsSP2Triangles(4, 12, 13, 0, 4, 13, 14, 0),
	gsSP2Triangles(15, 16, 17, 0, 15, 17, 18, 0),
	gsSP2Triangles(19, 20, 21, 0, 19, 21, 22, 0),
	gsSP2Triangles(23, 24, 10, 0, 23, 10, 25, 0),
	gsSP2Triangles(15, 26, 27, 0, 15, 27, 28, 0),
	gsSP2Triangles(29, 30, 31, 0, 29, 31, 32, 0),
	gsSP2Triangles(33, 34, 35, 0, 33, 35, 36, 0),
	gsSP2Triangles(29, 37, 38, 0, 29, 38, 39, 0),
	gsSP2Triangles(40, 41, 42, 0, 40, 42, 43, 0),
	gsSP2Triangles(44, 45, 46, 0, 44, 46, 47, 0),
	gsSP2Triangles(48, 49, 42, 0, 48, 42, 50, 0),
	gsSP2Triangles(51, 52, 53, 0, 51, 53, 54, 0),
	gsSP2Triangles(55, 56, 57, 0, 55, 57, 58, 0),
	gsSP2Triangles(59, 60, 61, 0, 59, 61, 62, 0),
	gsSPVertex(totwc_dl_totwc_seg7_dl_07005D28_mesh_mesh_layer_1_vtx_3 + 3164, 64, 0),
	gsSP2Triangles(0, 1, 2, 0, 0, 2, 3, 0),
	gsSP2Triangles(4, 5, 6, 0, 4, 6, 7, 0),
	gsSP2Triangles(8, 9, 10, 0, 8, 10, 11, 0),
	gsSP2Triangles(12, 13, 14, 0, 12, 14, 15, 0),
	gsSP2Triangles(16, 17, 18, 0, 16, 18, 19, 0),
	gsSP2Triangles(20, 21, 22, 0, 20, 22, 23, 0),
	gsSP2Triangles(0, 24, 25, 0, 0, 25, 26, 0),
	gsSP2Triangles(27, 28, 29, 0, 27, 29, 30, 0),
	gsSP2Triangles(31, 32, 33, 0, 31, 33, 34, 0),
	gsSP2Triangles(35, 36, 37, 0, 35, 37, 38, 0),
	gsSP2Triangles(35, 39, 40, 0, 35, 40, 41, 0),
	gsSP2Triangles(42, 43, 22, 0, 42, 22, 44, 0),
	gsSP2Triangles(45, 46, 47, 0, 45, 47, 48, 0),
	gsSP2Triangles(49, 50, 51, 0, 49, 51, 52, 0),
	gsSP2Triangles(12, 53, 54, 0, 12, 54, 55, 0),
	gsSP2Triangles(56, 57, 29, 0, 56, 29, 58, 0),
	gsSP2Triangles(59, 60, 18, 0, 59, 18, 61, 0),
	gsSP1Triangle(49, 62, 63, 0),
	gsSPVertex(totwc_dl_totwc_seg7_dl_07005D28_mesh_mesh_layer_1_vtx_3 + 3228, 62, 0),
	gsSP2Triangles(0, 1, 2, 0, 3, 4, 5, 0),
	gsSP2Triangles(3, 5, 6, 0, 7, 8, 9, 0),
	gsSP2Triangles(7, 9, 10, 0, 11, 12, 13, 0),
	gsSP2Triangles(11, 13, 14, 0, 15, 16, 17, 0),
	gsSP2Triangles(15, 17, 18, 0, 19, 20, 21, 0),
	gsSP2Triangles(19, 21, 22, 0, 3, 23, 24, 0),
	gsSP2Triangles(3, 24, 25, 0, 26, 27, 28, 0),
	gsSP2Triangles(26, 28, 29, 0, 30, 31, 32, 0),
	gsSP2Triangles(30, 32, 33, 0, 26, 34, 35, 0),
	gsSP2Triangles(26, 35, 36, 0, 37, 38, 39, 0),
	gsSP2Triangles(37, 39, 40, 0, 41, 42, 43, 0),
	gsSP2Triangles(41, 43, 44, 0, 45, 46, 32, 0),
	gsSP2Triangles(45, 32, 47, 0, 37, 48, 49, 0),
	gsSP2Triangles(37, 49, 50, 0, 51, 52, 53, 0),
	gsSP2Triangles(51, 53, 54, 0, 55, 56, 57, 0),
	gsSP2Triangles(55, 57, 58, 0, 51, 59, 60, 0),
	gsSP1Triangle(51, 60, 61, 0),
	gsSPVertex(totwc_dl_totwc_seg7_dl_07005D28_mesh_mesh_layer_1_vtx_3 + 3290, 64, 0),
	gsSP2Triangles(0, 1, 2, 0, 0, 2, 3, 0),
	gsSP2Triangles(4, 5, 6, 0, 4, 6, 7, 0),
	gsSP2Triangles(8, 9, 2, 0, 8, 2, 10, 0),
	gsSP2Triangles(11, 12, 13, 0, 11, 13, 14, 0),
	gsSP2Triangles(15, 16, 17, 0, 15, 17, 18, 0),
	gsSP2Triangles(19, 20, 21, 0, 19, 21, 22, 0),
	gsSP2Triangles(23, 24, 25, 0, 23, 25, 26, 0),
	gsSP2Triangles(27, 28, 29, 0, 27, 29, 30, 0),
	gsSP2Triangles(31, 32, 33, 0, 31, 33, 34, 0),
	gsSP2Triangles(35, 36, 37, 0, 35, 37, 38, 0),
	gsSP2Triangles(39, 40, 41, 0, 39, 41, 42, 0),
	gsSP2Triangles(43, 44, 45, 0, 43, 45, 46, 0),
	gsSP2Triangles(23, 47, 48, 0, 23, 48, 49, 0),
	gsSP2Triangles(50, 51, 52, 0, 50, 52, 53, 0),
	gsSP2Triangles(54, 55, 56, 0, 54, 56, 57, 0),
	gsSP2Triangles(58, 59, 60, 0, 58, 60, 61, 0),
	gsSP1Triangle(58, 62, 63, 0),
	gsSPVertex(totwc_dl_totwc_seg7_dl_07005D28_mesh_mesh_layer_1_vtx_3 + 3354, 64, 0),
	gsSP2Triangles(0, 1, 2, 0, 3, 4, 5, 0),
	gsSP2Triangles(3, 5, 6, 0, 7, 8, 9, 0),
	gsSP2Triangles(7, 9, 10, 0, 11, 12, 13, 0),
	gsSP2Triangles(11, 13, 14, 0, 15, 16, 17, 0),
	gsSP2Triangles(15, 17, 18, 0, 19, 20, 21, 0),
	gsSP2Triangles(19, 21, 22, 0, 23, 24, 25, 0),
	gsSP2Triangles(23, 25, 26, 0, 11, 27, 28, 0),
	gsSP2Triangles(11, 28, 29, 0, 30, 31, 32, 0),
	gsSP2Triangles(30, 32, 33, 0, 34, 35, 36, 0),
	gsSP2Triangles(34, 36, 37, 0, 38, 39, 40, 0),
	gsSP2Triangles(38, 40, 41, 0, 42, 43, 44, 0),
	gsSP2Triangles(42, 44, 45, 0, 46, 47, 48, 0),
	gsSP2Triangles(46, 48, 49, 0, 30, 50, 51, 0),
	gsSP2Triangles(30, 51, 52, 0, 53, 54, 55, 0),
	gsSP2Triangles(53, 55, 56, 0, 57, 58, 59, 0),
	gsSP2Triangles(57, 59, 60, 0, 53, 61, 62, 0),
	gsSP1Triangle(53, 62, 63, 0),
	gsSPVertex(totwc_dl_totwc_seg7_dl_07005D28_mesh_mesh_layer_1_vtx_3 + 3418, 64, 0),
	gsSP2Triangles(0, 1, 2, 0, 0, 2, 3, 0),
	gsSP2Triangles(4, 5, 6, 0, 4, 6, 7, 0),
	gsSP2Triangles(8, 9, 10, 0, 8, 10, 11, 0),
	gsSP2Triangles(0, 12, 13, 0, 0, 13, 14, 0),
	gsSP2Triangles(15, 16, 17, 0, 15, 17, 18, 0),
	gsSP2Triangles(19, 20, 21, 0, 19, 21, 22, 0),
	gsSP2Triangles(15, 23, 24, 0, 15, 24, 25, 0),
	gsSP2Triangles(26, 27, 28, 0, 26, 28, 29, 0),
	gsSP2Triangles(30, 31, 32, 0, 30, 32, 33, 0),
	gsSP2Triangles(34, 35, 28, 0, 34, 28, 36, 0),
	gsSP2Triangles(37, 38, 39, 0, 37, 39, 40, 0),
	gsSP2Triangles(41, 42, 43, 0, 41, 43, 44, 0),
	gsSP2Triangles(45, 46, 47, 0, 45, 47, 48, 0),
	gsSP2Triangles(49, 50, 51, 0, 49, 51, 52, 0),
	gsSP2Triangles(53, 54, 55, 0, 53, 55, 56, 0),
	gsSP2Triangles(57, 58, 59, 0, 57, 59, 60, 0),
	gsSP1Triangle(61, 62, 63, 0),
	gsSPVertex(totwc_dl_totwc_seg7_dl_07005D28_mesh_mesh_layer_1_vtx_3 + 3482, 64, 0),
	gsSP2Triangles(0, 1, 2, 0, 3, 4, 5, 0),
	gsSP2Triangles(3, 5, 6, 0, 7, 8, 9, 0),
	gsSP2Triangles(7, 9, 10, 0, 11, 12, 13, 0),
	gsSP2Triangles(11, 13, 14, 0, 15, 16, 17, 0),
	gsSP2Triangles(15, 17, 18, 0, 19, 20, 21, 0),
	gsSP2Triangles(19, 21, 22, 0, 23, 24, 25, 0),
	gsSP2Triangles(23, 25, 26, 0, 23, 27, 28, 0),
	gsSP2Triangles(23, 28, 29, 0, 30, 31, 9, 0),
	gsSP2Triangles(30, 9, 32, 0, 33, 34, 35, 0),
	gsSP2Triangles(33, 35, 36, 0, 37, 38, 39, 0),
	gsSP2Triangles(37, 39, 40, 0, 0, 41, 42, 0),
	gsSP2Triangles(0, 42, 43, 0, 44, 45, 17, 0),
	gsSP2Triangles(44, 17, 46, 0, 47, 48, 5, 0),
	gsSP2Triangles(47, 5, 49, 0, 37, 50, 51, 0),
	gsSP2Triangles(37, 51, 52, 0, 53, 54, 55, 0),
	gsSP2Triangles(53, 55, 56, 0, 57, 58, 59, 0),
	gsSP2Triangles(57, 59, 60, 0, 61, 62, 63, 0),
	gsSPVertex(totwc_dl_totwc_seg7_dl_07005D28_mesh_mesh_layer_1_vtx_3 + 3546, 64, 0),
	gsSP2Triangles(0, 1, 2, 0, 3, 4, 5, 0),
	gsSP2Triangles(3, 5, 6, 0, 7, 8, 9, 0),
	gsSP2Triangles(7, 9, 10, 0, 11, 12, 13, 0),
	gsSP2Triangles(11, 13, 14, 0, 15, 16, 17, 0),
	gsSP2Triangles(15, 17, 18, 0, 19, 20, 21, 0),
	gsSP2Triangles(19, 21, 22, 0, 15, 23, 24, 0),
	gsSP2Triangles(15, 24, 25, 0, 26, 27, 28, 0),
	gsSP2Triangles(26, 28, 29, 0, 30, 31, 32, 0),
	gsSP2Triangles(30, 32, 33, 0, 34, 35, 21, 0),
	gsSP2Triangles(34, 21, 36, 0, 26, 37, 38, 0),
	gsSP2Triangles(26, 38, 39, 0, 40, 41, 42, 0),
	gsSP2Triangles(40, 42, 43, 0, 44, 45, 46, 0),
	gsSP2Triangles(44, 46, 47, 0, 40, 48, 49, 0),
	gsSP2Triangles(40, 49, 50, 0, 51, 52, 53, 0),
	gsSP2Triangles(51, 53, 54, 0, 55, 56, 9, 0),
	gsSP2Triangles(55, 9, 57, 0, 58, 59, 53, 0),
	gsSP2Triangles(58, 53, 60, 0, 61, 62, 63, 0),
	gsSPVertex(totwc_dl_totwc_seg7_dl_07005D28_mesh_mesh_layer_1_vtx_3 + 3610, 64, 0),
	gsSP2Triangles(0, 1, 2, 0, 3, 4, 5, 0),
	gsSP2Triangles(3, 5, 6, 0, 7, 8, 9, 0),
	gsSP2Triangles(7, 9, 10, 0, 11, 12, 13, 0),
	gsSP2Triangles(11, 13, 14, 0, 15, 16, 17, 0),
	gsSP2Triangles(15, 17, 18, 0, 19, 20, 21, 0),
	gsSP2Triangles(19, 21, 22, 0, 23, 24, 25, 0),
	gsSP2Triangles(23, 25, 26, 0, 27, 28, 29, 0),
	gsSP2Triangles(27, 29, 30, 0, 31, 32, 33, 0),
	gsSP2Triangles(31, 33, 34, 0, 11, 35, 36, 0),
	gsSP2Triangles(11, 36, 37, 0, 38, 39, 40, 0),
	gsSP2Triangles(38, 40, 41, 0, 42, 43, 44, 0),
	gsSP2Triangles(42, 44, 45, 0, 46, 47, 48, 0),
	gsSP2Triangles(46, 48, 49, 0, 46, 50, 51, 0),
	gsSP2Triangles(46, 51, 52, 0, 53, 54, 33, 0),
	gsSP2Triangles(53, 33, 55, 0, 56, 57, 58, 0),
	gsSP2Triangles(56, 58, 59, 0, 60, 61, 62, 0),
	gsSP1Triangle(60, 62, 63, 0),
	gsSPVertex(totwc_dl_totwc_seg7_dl_07005D28_mesh_mesh_layer_1_vtx_3 + 3674, 64, 0),
	gsSP2Triangles(0, 1, 2, 0, 0, 2, 3, 0),
	gsSP2Triangles(4, 5, 6, 0, 4, 6, 7, 0),
	gsSP2Triangles(8, 9, 10, 0, 8, 10, 11, 0),
	gsSP2Triangles(12, 13, 14, 0, 12, 14, 15, 0),
	gsSP2Triangles(16, 17, 18, 0, 16, 18, 19, 0),
	gsSP2Triangles(20, 21, 22, 0, 20, 22, 23, 0),
	gsSP2Triangles(24, 25, 26, 0, 24, 26, 27, 0),
	gsSP2Triangles(28, 29, 30, 0, 28, 30, 31, 0),
	gsSP2Triangles(32, 33, 34, 0, 32, 34, 35, 0),
	gsSP2Triangles(16, 36, 37, 0, 16, 37, 38, 0),
	gsSP2Triangles(39, 40, 41, 0, 39, 41, 42, 0),
	gsSP2Triangles(43, 44, 45, 0, 43, 45, 46, 0),
	gsSP2Triangles(39, 47, 48, 0, 39, 48, 49, 0),
	gsSP2Triangles(50, 51, 52, 0, 50, 52, 53, 0),
	gsSP2Triangles(54, 55, 56, 0, 54, 56, 57, 0),
	gsSP2Triangles(58, 59, 45, 0, 58, 45, 60, 0),
	gsSP2Triangles(50, 61, 62, 0, 50, 62, 63, 0),
	gsSPVertex(totwc_dl_totwc_seg7_dl_07005D28_mesh_mesh_layer_1_vtx_3 + 3738, 64, 0),
	gsSP2Triangles(0, 1, 2, 0, 0, 2, 3, 0),
	gsSP2Triangles(4, 5, 6, 0, 4, 6, 7, 0),
	gsSP2Triangles(0, 8, 9, 0, 0, 9, 10, 0),
	gsSP2Triangles(11, 12, 13, 0, 11, 13, 14, 0),
	gsSP2Triangles(15, 16, 17, 0, 15, 17, 18, 0),
	gsSP2Triangles(19, 20, 13, 0, 19, 13, 21, 0),
	gsSP2Triangles(22, 23, 24, 0, 22, 24, 25, 0),
	gsSP2Triangles(26, 27, 28, 0, 26, 28, 29, 0),
	gsSP2Triangles(30, 31, 32, 0, 30, 32, 33, 0),
	gsSP2Triangles(34, 35, 36, 0, 34, 36, 37, 0),
	gsSP2Triangles(38, 39, 40, 0, 38, 40, 41, 0),
	gsSP2Triangles(42, 43, 44, 0, 42, 44, 45, 0),
	gsSP2Triangles(46, 47, 48, 0, 46, 48, 49, 0),
	gsSP2Triangles(50, 51, 52, 0, 50, 52, 53, 0),
	gsSP2Triangles(54, 55, 56, 0, 54, 56, 57, 0),
	gsSP2Triangles(34, 58, 59, 0, 34, 59, 60, 0),
	gsSP1Triangle(61, 62, 63, 0),
	gsSPVertex(totwc_dl_totwc_seg7_dl_07005D28_mesh_mesh_layer_1_vtx_3 + 3802, 63, 0),
	gsSP2Triangles(0, 1, 2, 0, 3, 4, 5, 0),
	gsSP2Triangles(3, 5, 6, 0, 7, 8, 9, 0),
	gsSP2Triangles(7, 9, 10, 0, 7, 11, 12, 0),
	gsSP2Triangles(7, 12, 13, 0, 14, 15, 16, 0),
	gsSP2Triangles(14, 16, 17, 0, 18, 19, 20, 0),
	gsSP2Triangles(18, 20, 21, 0, 22, 23, 24, 0),
	gsSP2Triangles(22, 24, 25, 0, 26, 27, 28, 0),
	gsSP2Triangles(26, 28, 29, 0, 30, 31, 1, 0),
	gsSP2Triangles(30, 1, 32, 0, 33, 34, 35, 0),
	gsSP2Triangles(33, 35, 36, 0, 22, 37, 38, 0),
	gsSP2Triangles(22, 38, 39, 0, 40, 41, 42, 0),
	gsSP2Triangles(40, 42, 43, 0, 44, 45, 46, 0),
	gsSP2Triangles(44, 46, 47, 0, 48, 49, 50, 0),
	gsSP2Triangles(48, 50, 51, 0, 52, 53, 54, 0),
	gsSP2Triangles(52, 54, 55, 0, 56, 57, 58, 0),
	gsSP2Triangles(56, 58, 59, 0, 40, 60, 61, 0),
	gsSP1Triangle(40, 61, 62, 0),
	gsSPVertex(totwc_dl_totwc_seg7_dl_07005D28_mesh_mesh_layer_1_vtx_3 + 3865, 64, 0),
	gsSP2Triangles(0, 1, 2, 0, 0, 2, 3, 0),
	gsSP2Triangles(4, 5, 6, 0, 4, 6, 7, 0),
	gsSP2Triangles(0, 8, 9, 0, 0, 9, 10, 0),
	gsSP2Triangles(11, 12, 13, 0, 11, 13, 14, 0),
	gsSP2Triangles(15, 16, 17, 0, 15, 17, 18, 0),
	gsSP2Triangles(19, 20, 6, 0, 19, 6, 21, 0),
	gsSP2Triangles(11, 22, 23, 0, 11, 23, 24, 0),
	gsSP2Triangles(25, 26, 27, 0, 25, 27, 28, 0),
	gsSP2Triangles(29, 30, 31, 0, 29, 31, 32, 0),
	gsSP2Triangles(25, 33, 34, 0, 25, 34, 35, 0),
	gsSP2Triangles(36, 37, 38, 0, 36, 38, 39, 0),
	gsSP2Triangles(40, 41, 42, 0, 40, 42, 43, 0),
	gsSP2Triangles(44, 45, 38, 0, 44, 38, 46, 0),
	gsSP2Triangles(47, 48, 49, 0, 47, 49, 50, 0),
	gsSP2Triangles(51, 52, 53, 0, 51, 53, 54, 0),
	gsSP2Triangles(55, 56, 57, 0, 55, 57, 58, 0),
	gsSP2Triangles(58, 57, 59, 0, 57, 60, 59, 0),
	gsSP2Triangles(57, 61, 60, 0, 62, 61, 57, 0),
	gsSP1Triangle(62, 57, 63, 0),
	gsSPVertex(totwc_dl_totwc_seg7_dl_07005D28_mesh_mesh_layer_1_vtx_3 + 3929, 64, 0),
	gsSP2Triangles(0, 1, 2, 0, 0, 2, 3, 0),
	gsSP2Triangles(2, 4, 3, 0, 2, 5, 4, 0),
	gsSP2Triangles(6, 5, 2, 0, 6, 7, 5, 0),
	gsSP2Triangles(8, 7, 6, 0, 8, 6, 9, 0),
	gsSP2Triangles(8, 9, 10, 0, 8, 10, 11, 0),
	gsSP2Triangles(10, 12, 11, 0, 13, 14, 15, 0),
	gsSP2Triangles(13, 16, 14, 0, 16, 13, 17, 0),
	gsSP2Triangles(13, 18, 17, 0, 13, 19, 18, 0),
	gsSP2Triangles(20, 19, 13, 0, 20, 13, 21, 0),
	gsSP2Triangles(20, 21, 22, 0, 20, 22, 23, 0),
	gsSP2Triangles(22, 24, 23, 0, 22, 25, 24, 0),
	gsSP2Triangles(26, 25, 22, 0, 26, 27, 25, 0),
	gsSP2Triangles(28, 27, 26, 0, 28, 26, 29, 0),
	gsSP2Triangles(28, 29, 16, 0, 28, 16, 30, 0),
	gsSP2Triangles(16, 17, 30, 0, 31, 32, 33, 0),
	gsSP2Triangles(31, 33, 34, 0, 34, 33, 35, 0),
	gsSP2Triangles(33, 36, 35, 0, 33, 37, 36, 0),
	gsSP2Triangles(38, 37, 33, 0, 38, 33, 39, 0),
	gsSP2Triangles(38, 39, 40, 0, 38, 40, 41, 0),
	gsSP2Triangles(40, 42, 41, 0, 40, 43, 42, 0),
	gsSP2Triangles(44, 43, 40, 0, 44, 45, 43, 0),
	gsSP2Triangles(46, 45, 44, 0, 46, 44, 47, 0),
	gsSP2Triangles(46, 47, 34, 0, 46, 34, 48, 0),
	gsSP2Triangles(34, 35, 48, 0, 49, 50, 51, 0),
	gsSP2Triangles(49, 52, 50, 0, 52, 49, 53, 0),
	gsSP2Triangles(49, 54, 53, 0, 49, 55, 54, 0),
	gsSP2Triangles(56, 55, 49, 0, 56, 49, 57, 0),
	gsSP2Triangles(56, 57, 58, 0, 56, 58, 59, 0),
	gsSP2Triangles(58, 60, 59, 0, 58, 61, 60, 0),
	gsSP2Triangles(62, 61, 58, 0, 62, 63, 61, 0),
	gsSPVertex(totwc_dl_totwc_seg7_dl_07005D28_mesh_mesh_layer_1_vtx_3 + 3993, 64, 0),
	gsSP2Triangles(0, 1, 2, 0, 0, 2, 3, 0),
	gsSP2Triangles(0, 3, 4, 0, 0, 4, 5, 0),
	gsSP2Triangles(4, 6, 5, 0, 7, 8, 9, 0),
	gsSP2Triangles(7, 9, 10, 0, 10, 9, 11, 0),
	gsSP2Triangles(9, 12, 11, 0, 9, 13, 12, 0),
	gsSP2Triangles(14, 13, 9, 0, 14, 9, 15, 0),
	gsSP2Triangles(14, 15, 16, 0, 14, 16, 17, 0),
	gsSP2Triangles(16, 18, 17, 0, 16, 19, 18, 0),
	gsSP2Triangles(20, 19, 16, 0, 20, 21, 19, 0),
	gsSP2Triangles(22, 21, 20, 0, 22, 20, 23, 0),
	gsSP2Triangles(22, 23, 10, 0, 22, 10, 24, 0),
	gsSP2Triangles(10, 11, 24, 0, 25, 26, 27, 0),
	gsSP2Triangles(25, 28, 26, 0, 28, 25, 29, 0),
	gsSP2Triangles(25, 30, 29, 0, 25, 31, 30, 0),
	gsSP2Triangles(32, 31, 25, 0, 32, 25, 33, 0),
	gsSP2Triangles(32, 33, 34, 0, 32, 34, 35, 0),
	gsSP2Triangles(34, 36, 35, 0, 34, 37, 36, 0),
	gsSP2Triangles(38, 37, 34, 0, 38, 39, 37, 0),
	gsSP2Triangles(40, 39, 38, 0, 40, 38, 41, 0),
	gsSP2Triangles(40, 41, 28, 0, 40, 28, 42, 0),
	gsSP2Triangles(28, 29, 42, 0, 43, 44, 45, 0),
	gsSP2Triangles(43, 45, 46, 0, 46, 45, 47, 0),
	gsSP2Triangles(45, 48, 47, 0, 45, 49, 48, 0),
	gsSP2Triangles(50, 49, 45, 0, 50, 45, 51, 0),
	gsSP2Triangles(50, 51, 52, 0, 50, 52, 53, 0),
	gsSP2Triangles(52, 54, 53, 0, 52, 55, 54, 0),
	gsSP2Triangles(56, 55, 52, 0, 56, 57, 55, 0),
	gsSP2Triangles(58, 57, 56, 0, 58, 56, 59, 0),
	gsSP2Triangles(58, 59, 46, 0, 58, 46, 60, 0),
	gsSP2Triangles(46, 47, 60, 0, 61, 62, 63, 0),
	gsSPVertex(totwc_dl_totwc_seg7_dl_07005D28_mesh_mesh_layer_1_vtx_3 + 4057, 64, 0),
	gsSP2Triangles(0, 1, 2, 0, 1, 0, 3, 0),
	gsSP2Triangles(0, 4, 3, 0, 0, 5, 4, 0),
	gsSP2Triangles(6, 5, 0, 0, 6, 0, 7, 0),
	gsSP2Triangles(6, 7, 8, 0, 6, 8, 9, 0),
	gsSP2Triangles(8, 10, 9, 0, 8, 11, 10, 0),
	gsSP2Triangles(12, 11, 8, 0, 12, 13, 11, 0),
	gsSP2Triangles(14, 13, 12, 0, 14, 12, 15, 0),
	gsSP2Triangles(14, 15, 1, 0, 14, 1, 16, 0),
	gsSP2Triangles(1, 3, 16, 0, 17, 18, 19, 0),
	gsSP2Triangles(17, 19, 20, 0, 20, 19, 21, 0),
	gsSP2Triangles(19, 22, 21, 0, 19, 23, 22, 0),
	gsSP2Triangles(24, 23, 19, 0, 24, 19, 25, 0),
	gsSP2Triangles(24, 25, 26, 0, 24, 26, 27, 0),
	gsSP2Triangles(26, 28, 27, 0, 26, 29, 28, 0),
	gsSP2Triangles(30, 29, 26, 0, 30, 31, 29, 0),
	gsSP2Triangles(32, 31, 30, 0, 32, 30, 33, 0),
	gsSP2Triangles(32, 33, 20, 0, 32, 20, 34, 0),
	gsSP2Triangles(20, 21, 34, 0, 35, 36, 37, 0),
	gsSP2Triangles(35, 38, 36, 0, 38, 35, 39, 0),
	gsSP2Triangles(35, 40, 39, 0, 35, 41, 40, 0),
	gsSP2Triangles(42, 41, 35, 0, 42, 35, 43, 0),
	gsSP2Triangles(42, 43, 44, 0, 42, 44, 45, 0),
	gsSP2Triangles(44, 46, 45, 0, 44, 47, 46, 0),
	gsSP2Triangles(48, 47, 44, 0, 48, 49, 47, 0),
	gsSP2Triangles(50, 49, 48, 0, 50, 48, 51, 0),
	gsSP2Triangles(50, 51, 38, 0, 50, 38, 52, 0),
	gsSP2Triangles(38, 39, 52, 0, 53, 54, 55, 0),
	gsSP2Triangles(53, 55, 56, 0, 56, 55, 57, 0),
	gsSP2Triangles(55, 58, 57, 0, 55, 59, 58, 0),
	gsSP2Triangles(60, 59, 55, 0, 60, 55, 61, 0),
	gsSP2Triangles(60, 61, 62, 0, 60, 62, 63, 0),
	gsSPVertex(totwc_dl_totwc_seg7_dl_07005D28_mesh_mesh_layer_1_vtx_3 + 4121, 29, 0),
	gsSP2Triangles(0, 1, 2, 0, 0, 3, 1, 0),
	gsSP2Triangles(4, 3, 0, 0, 4, 5, 3, 0),
	gsSP2Triangles(6, 5, 4, 0, 6, 4, 7, 0),
	gsSP2Triangles(6, 7, 8, 0, 6, 8, 9, 0),
	gsSP2Triangles(8, 10, 9, 0, 11, 12, 13, 0),
	gsSP2Triangles(11, 14, 12, 0, 14, 11, 15, 0),
	gsSP2Triangles(11, 16, 15, 0, 11, 17, 16, 0),
	gsSP2Triangles(18, 17, 11, 0, 18, 11, 19, 0),
	gsSP2Triangles(18, 19, 20, 0, 18, 20, 21, 0),
	gsSP2Triangles(20, 22, 21, 0, 20, 23, 22, 0),
	gsSP2Triangles(24, 23, 20, 0, 24, 25, 23, 0),
	gsSP2Triangles(26, 25, 24, 0, 26, 24, 27, 0),
	gsSP2Triangles(26, 27, 14, 0, 26, 14, 28, 0),
	gsSP1Triangle(14, 15, 28, 0),
	gsSPEndDisplayList(),
};

Vtx totwc_dl_totwc_seg7_dl_07005D28_mesh_mesh_layer_5_vtx_cull[8] = {
	{{{-4607, -8648, 4607}, 0, {0, 0}, {0x00, 0x00, 0x00, 0x00}}},
	{{{-4607, 3982, 4607}, 0, {0, 0}, {0x00, 0x00, 0x00, 0x00}}},
	{{{-4607, 3982, -4607}, 0, {0, 0}, {0x00, 0x00, 0x00, 0x00}}},
	{{{-4607, -8648, -4607}, 0, {0, 0}, {0x00, 0x00, 0x00, 0x00}}},
	{{{4607, -8648, 4607}, 0, {0, 0}, {0x00, 0x00, 0x00, 0x00}}},
	{{{4607, 3982, 4607}, 0, {0, 0}, {0x00, 0x00, 0x00, 0x00}}},
	{{{4607, 3982, -4607}, 0, {0, 0}, {0x00, 0x00, 0x00, 0x00}}},
	{{{4607, -8648, -4607}, 0, {0, 0}, {0x00, 0x00, 0x00, 0x00}}},
};

Vtx totwc_dl_totwc_seg7_dl_07005D28_mesh_mesh_layer_5_vtx_0[330] = {
	{{{410, 3482, -1150}, 0, {0, -1312}, {0xFF, 0xFF, 0xFF, 0xFF}}},
	{{{397, 3482, -709}, 0, {990, -960}, {0xFF, 0xFF, 0xFF, 0xFF}}},
	{{{601, 3482, -1062}, 0, {0, -780}, {0xFF, 0xFF, 0xFF, 0xFF}}},
	{{{271, 3482, -768}, 0, {990, -1312}, {0xFF, 0xFF, 0xFF, 0xFF}}},
	{{{137, 3482, -804}, 0, {990, -1664}, {0xFF, 0xFF, 0xFF, 0xFF}}},
	{{{208, 3482, -1205}, 0, {0, -1844}, {0xFF, 0xFF, 0xFF, 0xFF}}},
	{{{1202, 1434, -19}, 0, {0, -14048}, {0xFF, 0xFF, 0xFF, 0xFF}}},
	{{{785, 1434, -158}, 0, {990, -14671}, {0xFF, 0xFF, 0xFF, 0xFF}}},
	{{{796, 1434, -19}, 0, {990, -14228}, {0xFF, 0xFF, 0xFF, 0xFF}}},
	{{{1184, 1434, -228}, 0, {0, -14581}, {0xFF, 0xFF, 0xFF, 0xFF}}},
	{{{1130, 1434, -431}, 0, {0, -15114}, {0xFF, 0xFF, 0xFF, 0xFF}}},
	{{{751, 1434, -293}, 0, {990, -15114}, {0xFF, 0xFF, 0xFF, 0xFF}}},
	{{{-798, 3482, -19}, 0, {990, -6268}, {0xFF, 0xFF, 0xFF, 0xFF}}},
	{{{-1205, 3482, -19}, 0, {0, -6086}, {0xFF, 0xFF, 0xFF, 0xFF}}},
	{{{-1187, 3482, 189}, 0, {0, -6619}, {0xFF, 0xFF, 0xFF, 0xFF}}},
	{{{-786, 3482, 119}, 0, {990, -6620}, {0xFF, 0xFF, 0xFF, 0xFF}}},
	{{{-1133, 3482, 392}, 0, {0, -7152}, {0xFF, 0xFF, 0xFF, 0xFF}}},
	{{{-750, 3482, 253}, 0, {990, -6972}, {0xFF, 0xFF, 0xFF, 0xFF}}},
	{{{-139, 2458, 764}, 0, {990, -9626}, {0xFF, 0xFF, 0xFF, 0xFF}}},
	{{{-412, 2458, 1111}, 0, {0, -9273}, {0xFF, 0xFF, 0xFF, 0xFF}}},
	{{{-210, 2458, 1166}, 0, {0, -9806}, {0xFF, 0xFF, 0xFF, 0xFF}}},
	{{{-273, 2458, 728}, 0, {990, -9273}, {0xFF, 0xFF, 0xFF, 0xFF}}},
	{{{-399, 2458, 670}, 0, {990, -8920}, {0xFF, 0xFF, 0xFF, 0xFF}}},
	{{{-603, 2458, 1023}, 0, {0, -8740}, {0xFF, 0xFF, 0xFF, 0xFF}}},
	{{{397, 2458, 670}, 0, {990, -11394}, {0xFF, 0xFF, 0xFF, 0xFF}}},
	{{{410, 2458, 1111}, 0, {0, -11042}, {0xFF, 0xFF, 0xFF, 0xFF}}},
	{{{601, 2458, 1023}, 0, {0, -11574}, {0xFF, 0xFF, 0xFF, 0xFF}}},
	{{{271, 2458, 728}, 0, {990, -11042}, {0xFF, 0xFF, 0xFF, 0xFF}}},
	{{{137, 2458, 764}, 0, {990, -10690}, {0xFF, 0xFF, 0xFF, 0xFF}}},
	{{{208, 2458, 1166}, 0, {0, -10510}, {0xFF, 0xFF, 0xFF, 0xFF}}},
	{{{-139, 2458, 764}, 0, {990, -9806}, {0xFF, 0xFF, 0xFF, 0xFF}}},
	{{{-210, 2458, 1166}, 0, {0, -9626}, {0xFF, 0xFF, 0xFF, 0xFF}}},
	{{{-1, 2458, 1184}, 0, {0, -10158}, {0xFF, 0xFF, 0xFF, 0xFF}}},
	{{{-1, 2458, 776}, 0, {990, -10158}, {0xFF, 0xFF, 0xFF, 0xFF}}},
	{{{208, 2458, 1166}, 0, {0, -10690}, {0xFF, 0xFF, 0xFF, 0xFF}}},
	{{{137, 2458, 764}, 0, {990, -10510}, {0xFF, 0xFF, 0xFF, 0xFF}}},
	{{{-798, 1434, -19}, 0, {990, -6086}, {0xFF, 0xFF, 0xFF, 0xFF}}},
	{{{-1187, 1434, -228}, 0, {0, -5735}, {0xFF, 0xFF, 0xFF, 0xFF}}},
	{{{-1205, 1434, -19}, 0, {0, -6268}, {0xFF, 0xFF, 0xFF, 0xFF}}},
	{{{-786, 1434, -157}, 0, {990, -5734}, {0xFF, 0xFF, 0xFF, 0xFF}}},
	{{{-750, 1434, -292}, 0, {990, -5382}, {0xFF, 0xFF, 0xFF, 0xFF}}},
	{{{-1133, 1434, -431}, 0, {0, -5202}, {0xFF, 0xFF, 0xFF, 0xFF}}},
	{{{920, 2458, 754}, 0, {0, -12460}, {0xFF, 0xFF, 0xFF, 0xFF}}},
	{{{609, 2458, 492}, 0, {990, -12280}, {0xFF, 0xFF, 0xFF, 0xFF}}},
	{{{510, 2458, 590}, 0, {990, -11927}, {0xFF, 0xFF, 0xFF, 0xFF}}},
	{{{772, 2458, 902}, 0, {0, -11927}, {0xFF, 0xFF, 0xFF, 0xFF}}},
	{{{397, 2458, 670}, 0, {990, -11574}, {0xFF, 0xFF, 0xFF, 0xFF}}},
	{{{601, 2458, 1023}, 0, {0, -11394}, {0xFF, 0xFF, 0xFF, 0xFF}}},
	{{{-611, 2458, 492}, 0, {990, -7856}, {0xFF, 0xFF, 0xFF, 0xFF}}},
	{{{-1044, 2458, 582}, 0, {0, -7504}, {0xFF, 0xFF, 0xFF, 0xFF}}},
	{{{-923, 2458, 754}, 0, {0, -8036}, {0xFF, 0xFF, 0xFF, 0xFF}}},
	{{{-691, 2458, 378}, 0, {990, -7504}, {0xFF, 0xFF, 0xFF, 0xFF}}},
	{{{-750, 2458, 253}, 0, {990, -7152}, {0xFF, 0xFF, 0xFF, 0xFF}}},
	{{{-1133, 2458, 392}, 0, {0, -6972}, {0xFF, 0xFF, 0xFF, 0xFF}}},
	{{{-798, 2458, -19}, 0, {990, -6268}, {0xFF, 0xFF, 0xFF, 0xFF}}},
	{{{-1205, 2458, -19}, 0, {0, -6086}, {0xFF, 0xFF, 0xFF, 0xFF}}},
	{{{-1187, 2458, 189}, 0, {0, -6619}, {0xFF, 0xFF, 0xFF, 0xFF}}},
	{{{-786, 2458, 119}, 0, {990, -6620}, {0xFF, 0xFF, 0xFF, 0xFF}}},
	{{{-1133, 2458, 392}, 0, {0, -7152}, {0xFF, 0xFF, 0xFF, 0xFF}}},
	{{{-750, 2458, 253}, 0, {990, -6972}, {0xFF, 0xFF, 0xFF, 0xFF}}},
	{{{-603, 2458, -1062}, 0, {0, -3614}, {0xFF, 0xFF, 0xFF, 0xFF}}},
	{{{-399, 2458, -709}, 0, {990, -3434}, {0xFF, 0xFF, 0xFF, 0xFF}}},
	{{{-273, 2458, -768}, 0, {990, -3081}, {0xFF, 0xFF, 0xFF, 0xFF}}},
	{{{-412, 2458, -1150}, 0, {0, -3081}, {0xFF, 0xFF, 0xFF, 0xFF}}},
	{{{-412, 2458, -1150}, 0, {0, -3081}, {0xFF, 0xFF, 0xFF, 0xFF}}},
	{{{-273, 2458, -768}, 0, {990, -3081}, {0xFF, 0xFF, 0xFF, 0xFF}}},
	{{{-139, 2458, -804}, 0, {990, -2728}, {0xFF, 0xFF, 0xFF, 0xFF}}},
	{{{-210, 2458, -1205}, 0, {0, -2548}, {0xFF, 0xFF, 0xFF, 0xFF}}},
	{{{-750, 2458, -291}, 0, {990, -5202}, {0xFF, 0xFF, 0xFF, 0xFF}}},
	{{{-1044, 2458, -621}, 0, {0, -4850}, {0xFF, 0xFF, 0xFF, 0xFF}}},
	{{{-1133, 2458, -431}, 0, {0, -5382}, {0xFF, 0xFF, 0xFF, 0xFF}}},
	{{{-691, 2458, -417}, 0, {990, -4850}, {0xFF, 0xFF, 0xFF, 0xFF}}},
	{{{-611, 2458, -531}, 0, {990, -4498}, {0xFF, 0xFF, 0xFF, 0xFF}}},
	{{{-923, 2458, -793}, 0, {0, -4318}, {0xFF, 0xFF, 0xFF, 0xFF}}},
	{{{-603, 2458, -1062}, 0, {0, -3434}, {0xFF, 0xFF, 0xFF, 0xFF}}},
	{{{-513, 2458, -629}, 0, {990, -3966}, {0xFF, 0xFF, 0xFF, 0xFF}}},
	{{{-399, 2458, -709}, 0, {990, -3614}, {0xFF, 0xFF, 0xFF, 0xFF}}},
	{{{-775, 2458, -941}, 0, {0, -3966}, {0xFF, 0xFF, 0xFF, 0xFF}}},
	{{{-923, 2458, -793}, 0, {0, -4498}, {0xFF, 0xFF, 0xFF, 0xFF}}},
	{{{-611, 2458, -531}, 0, {990, -4318}, {0xFF, 0xFF, 0xFF, 0xFF}}},
	{{{610, 1434, -532}, 0, {990, 106}, {0xFF, 0xFF, 0xFF, 0xFF}}},
	{{{1041, 1434, -621}, 0, {0, 458}, {0xFF, 0xFF, 0xFF, 0xFF}}},
	{{{920, 1434, -793}, 0, {0, -74}, {0xFF, 0xFF, 0xFF, 0xFF}}},
	{{{691, 1434, -418}, 0, {990, 548}, {0xFF, 0xFF, 0xFF, 0xFF}}},
	{{{751, 1434, -293}, 0, {990, 990}, {0xFF, 0xFF, 0xFF, 0xFF}}},
	{{{1130, 1434, -431}, 0, {0, 990}, {0xFF, 0xFF, 0xFF, 0xFF}}},
	{{{-139, 2458, -804}, 0, {990, -2548}, {0xFF, 0xFF, 0xFF, 0xFF}}},
	{{{-1, 2458, -1223}, 0, {0, -2196}, {0xFF, 0xFF, 0xFF, 0xFF}}},
	{{{-210, 2458, -1205}, 0, {0, -2728}, {0xFF, 0xFF, 0xFF, 0xFF}}},
	{{{-1, 2458, -816}, 0, {990, -2196}, {0xFF, 0xFF, 0xFF, 0xFF}}},
	{{{137, 2458, -804}, 0, {990, -1844}, {0xFF, 0xFF, 0xFF, 0xFF}}},
	{{{208, 2458, -1205}, 0, {0, -1664}, {0xFF, 0xFF, 0xFF, 0xFF}}},
	{{{137, 2458, -804}, 0, {990, -1664}, {0xFF, 0xFF, 0xFF, 0xFF}}},
	{{{410, 2458, -1150}, 0, {0, -1312}, {0xFF, 0xFF, 0xFF, 0xFF}}},
	{{{208, 2458, -1205}, 0, {0, -1844}, {0xFF, 0xFF, 0xFF, 0xFF}}},
	{{{271, 2458, -768}, 0, {990, -1312}, {0xFF, 0xFF, 0xFF, 0xFF}}},
	{{{397, 2458, -709}, 0, {990, -960}, {0xFF, 0xFF, 0xFF, 0xFF}}},
	{{{601, 2458, -1062}, 0, {0, -780}, {0xFF, 0xFF, 0xFF, 0xFF}}},
	{{{610, 2458, -532}, 0, {990, -74}, {0xFF, 0xFF, 0xFF, 0xFF}}},
	{{{920, 2458, -793}, 0, {0, 106}, {0xFF, 0xFF, 0xFF, 0xFF}}},
	{{{772, 2458, -941}, 0, {0, -427}, {0xFF, 0xFF, 0xFF, 0xFF}}},
	{{{511, 2458, -629}, 0, {990, -427}, {0xFF, 0xFF, 0xFF, 0xFF}}},
	{{{601, 2458, -1062}, 0, {0, -960}, {0xFF, 0xFF, 0xFF, 0xFF}}},
	{{{397, 2458, -709}, 0, {990, -780}, {0xFF, 0xFF, 0xFF, 0xFF}}},
	{{{1130, 1434, 392}, 0, {0, -13344}, {0xFF, 0xFF, 0xFF, 0xFF}}},
	{{{747, 1434, 253}, 0, {990, -13164}, {0xFF, 0xFF, 0xFF, 0xFF}}},
	{{{688, 1434, 378}, 0, {990, -12812}, {0xFF, 0xFF, 0xFF, 0xFF}}},
	{{{1041, 1434, 582}, 0, {0, -12812}, {0xFF, 0xFF, 0xFF, 0xFF}}},
	{{{609, 1434, 492}, 0, {990, -12460}, {0xFF, 0xFF, 0xFF, 0xFF}}},
	{{{920, 1434, 754}, 0, {0, -12280}, {0xFF, 0xFF, 0xFF, 0xFF}}},
	{{{-399, 3482, -709}, 0, {990, -3434}, {0xFF, 0xFF, 0xFF, 0xFF}}},
	{{{-412, 3482, -1150}, 0, {0, -3081}, {0xFF, 0xFF, 0xFF, 0xFF}}},
	{{{-603, 3482, -1062}, 0, {0, -3614}, {0xFF, 0xFF, 0xFF, 0xFF}}},
	{{{-273, 3482, -768}, 0, {990, -3081}, {0xFF, 0xFF, 0xFF, 0xFF}}},
	{{{-139, 3482, -804}, 0, {990, -2728}, {0xFF, 0xFF, 0xFF, 0xFF}}},
	{{{-210, 3482, -1205}, 0, {0, -2548}, {0xFF, 0xFF, 0xFF, 0xFF}}},
	{{{1202, 1434, -19}, 0, {0, -14228}, {0xFF, 0xFF, 0xFF, 0xFF}}},
	{{{796, 1434, -19}, 0, {990, -14048}, {0xFF, 0xFF, 0xFF, 0xFF}}},
	{{{783, 1434, 119}, 0, {990, -13696}, {0xFF, 0xFF, 0xFF, 0xFF}}},
	{{{1184, 1434, 189}, 0, {0, -13696}, {0xFF, 0xFF, 0xFF, 0xFF}}},
	{{{747, 1434, 253}, 0, {990, -13344}, {0xFF, 0xFF, 0xFF, 0xFF}}},
	{{{1130, 1434, 392}, 0, {0, -13164}, {0xFF, 0xFF, 0xFF, 0xFF}}},
	{{{-139, 1434, 764}, 0, {990, -9626}, {0xFF, 0xFF, 0xFF, 0xFF}}},
	{{{-412, 1434, 1111}, 0, {0, -9273}, {0xFF, 0xFF, 0xFF, 0xFF}}},
	{{{-210, 1434, 1166}, 0, {0, -9806}, {0xFF, 0xFF, 0xFF, 0xFF}}},
	{{{-273, 1434, 728}, 0, {990, -9273}, {0xFF, 0xFF, 0xFF, 0xFF}}},
	{{{-399, 1434, 670}, 0, {990, -8920}, {0xFF, 0xFF, 0xFF, 0xFF}}},
	{{{-603, 1434, 1023}, 0, {0, -8740}, {0xFF, 0xFF, 0xFF, 0xFF}}},
	{{{-603, 2458, 1023}, 0, {0, -8920}, {0xFF, 0xFF, 0xFF, 0xFF}}},
	{{{-399, 2458, 670}, 0, {990, -8740}, {0xFF, 0xFF, 0xFF, 0xFF}}},
	{{{-513, 2458, 590}, 0, {990, -8388}, {0xFF, 0xFF, 0xFF, 0xFF}}},
	{{{-775, 2458, 902}, 0, {0, -8388}, {0xFF, 0xFF, 0xFF, 0xFF}}},
	{{{-611, 2458, 492}, 0, {990, -8036}, {0xFF, 0xFF, 0xFF, 0xFF}}},
	{{{-923, 2458, 754}, 0, {0, -7856}, {0xFF, 0xFF, 0xFF, 0xFF}}},
	{{{601, 1434, 1023}, 0, {0, -11574}, {0xFF, 0xFF, 0xFF, 0xFF}}},
	{{{397, 1434, 670}, 0, {990, -11394}, {0xFF, 0xFF, 0xFF, 0xFF}}},
	{{{271, 1434, 728}, 0, {990, -11042}, {0xFF, 0xFF, 0xFF, 0xFF}}},
	{{{410, 1434, 1111}, 0, {0, -11042}, {0xFF, 0xFF, 0xFF, 0xFF}}},
	{{{137, 1434, 764}, 0, {990, -10690}, {0xFF, 0xFF, 0xFF, 0xFF}}},
	{{{208, 1434, 1166}, 0, {0, -10510}, {0xFF, 0xFF, 0xFF, 0xFF}}},
	{{{-1133, 1434, -431}, 0, {0, -5382}, {0xFF, 0xFF, 0xFF, 0xFF}}},
	{{{-750, 1434, -292}, 0, {990, -5202}, {0xFF, 0xFF, 0xFF, 0xFF}}},
	{{{-691, 1434, -417}, 0, {990, -4850}, {0xFF, 0xFF, 0xFF, 0xFF}}},
	{{{-1044, 1434, -621}, 0, {0, -4850}, {0xFF, 0xFF, 0xFF, 0xFF}}},
	{{{-611, 1434, -531}, 0, {990, -4498}, {0xFF, 0xFF, 0xFF, 0xFF}}},
	{{{-923, 1434, -793}, 0, {0, -4318}, {0xFF, 0xFF, 0xFF, 0xFF}}},
	{{{-798, 1434, -19}, 0, {990, -6268}, {0xFF, 0xFF, 0xFF, 0xFF}}},
	{{{-1205, 1434, -19}, 0, {0, -6086}, {0xFF, 0xFF, 0xFF, 0xFF}}},
	{{{-1187, 1434, 189}, 0, {0, -6619}, {0xFF, 0xFF, 0xFF, 0xFF}}},
	{{{-786, 1434, 119}, 0, {990, -6620}, {0xFF, 0xFF, 0xFF, 0xFF}}},
	{{{-1133, 1434, 392}, 0, {0, -7152}, {0xFF, 0xFF, 0xFF, 0xFF}}},
	{{{-750, 1434, 253}, 0, {990, -6972}, {0xFF, 0xFF, 0xFF, 0xFF}}},
	{{{601, 1434, 1023}, 0, {0, -11394}, {0xFF, 0xFF, 0xFF, 0xFF}}},
	{{{510, 1434, 590}, 0, {990, -11927}, {0xFF, 0xFF, 0xFF, 0xFF}}},
	{{{397, 1434, 670}, 0, {990, -11574}, {0xFF, 0xFF, 0xFF, 0xFF}}},
	{{{772, 1434, 902}, 0, {0, -11927}, {0xFF, 0xFF, 0xFF, 0xFF}}},
	{{{920, 1434, 754}, 0, {0, -12460}, {0xFF, 0xFF, 0xFF, 0xFF}}},
	{{{609, 1434, 492}, 0, {990, -12280}, {0xFF, 0xFF, 0xFF, 0xFF}}},
	{{{-923, 1434, 754}, 0, {0, -8036}, {0xFF, 0xFF, 0xFF, 0xFF}}},
	{{{-611, 1434, 492}, 0, {990, -7856}, {0xFF, 0xFF, 0xFF, 0xFF}}},
	{{{-691, 1434, 378}, 0, {990, -7504}, {0xFF, 0xFF, 0xFF, 0xFF}}},
	{{{-1044, 1434, 582}, 0, {0, -7504}, {0xFF, 0xFF, 0xFF, 0xFF}}},
	{{{-750, 1434, 253}, 0, {990, -7152}, {0xFF, 0xFF, 0xFF, 0xFF}}},
	{{{-1133, 1434, 392}, 0, {0, -6972}, {0xFF, 0xFF, 0xFF, 0xFF}}},
	{{{-210, 1434, -1205}, 0, {0, -2548}, {0xFF, 0xFF, 0xFF, 0xFF}}},
	{{{-273, 1434, -768}, 0, {990, -3081}, {0xFF, 0xFF, 0xFF, 0xFF}}},
	{{{-139, 1434, -804}, 0, {990, -2728}, {0xFF, 0xFF, 0xFF, 0xFF}}},
	{{{-412, 1434, -1150}, 0, {0, -3081}, {0xFF, 0xFF, 0xFF, 0xFF}}},
	{{{-603, 1434, -1062}, 0, {0, -3614}, {0xFF, 0xFF, 0xFF, 0xFF}}},
	{{{-399, 1434, -709}, 0, {990, -3434}, {0xFF, 0xFF, 0xFF, 0xFF}}},
	{{{796, 2458, -19}, 0, {990, -14048}, {0xFF, 0xFF, 0xFF, 0xFF}}},
	{{{1184, 2458, 189}, 0, {0, -13696}, {0xFF, 0xFF, 0xFF, 0xFF}}},
	{{{1202, 2458, -19}, 0, {0, -14228}, {0xFF, 0xFF, 0xFF, 0xFF}}},
	{{{783, 2458, 119}, 0, {990, -13696}, {0xFF, 0xFF, 0xFF, 0xFF}}},
	{{{747, 2458, 253}, 0, {990, -13344}, {0xFF, 0xFF, 0xFF, 0xFF}}},
	{{{1130, 2458, 392}, 0, {0, -13164}, {0xFF, 0xFF, 0xFF, 0xFF}}},
	{{{-399, 3482, 670}, 0, {990, -8920}, {0xFF, 0xFF, 0xFF, 0xFF}}},
	{{{-603, 3482, 1023}, 0, {0, -8740}, {0xFF, 0xFF, 0xFF, 0xFF}}},
	{{{-412, 3482, 1111}, 0, {0, -9273}, {0xFF, 0xFF, 0xFF, 0xFF}}},
	{{{-273, 3482, 728}, 0, {990, -9273}, {0xFF, 0xFF, 0xFF, 0xFF}}},
	{{{-210, 3482, 1166}, 0, {0, -9806}, {0xFF, 0xFF, 0xFF, 0xFF}}},
	{{{-139, 3482, 764}, 0, {990, -9626}, {0xFF, 0xFF, 0xFF, 0xFF}}},
	{{{610, 1434, -532}, 0, {990, -74}, {0xFF, 0xFF, 0xFF, 0xFF}}},
	{{{920, 1434, -793}, 0, {0, 106}, {0xFF, 0xFF, 0xFF, 0xFF}}},
	{{{772, 1434, -941}, 0, {0, -427}, {0xFF, 0xFF, 0xFF, 0xFF}}},
	{{{511, 1434, -629}, 0, {990, -427}, {0xFF, 0xFF, 0xFF, 0xFF}}},
	{{{601, 1434, -1062}, 0, {0, -960}, {0xFF, 0xFF, 0xFF, 0xFF}}},
	{{{397, 1434, -709}, 0, {990, -780}, {0xFF, 0xFF, 0xFF, 0xFF}}},
	{{{751, 3482, -293}, 0, {990, -15114}, {0xFF, 0xFF, 0xFF, 0xFF}}},
	{{{1184, 3482, -228}, 0, {0, -14581}, {0xFF, 0xFF, 0xFF, 0xFF}}},
	{{{1130, 3482, -431}, 0, {0, -15114}, {0xFF, 0xFF, 0xFF, 0xFF}}},
	{{{785, 3482, -158}, 0, {990, -14671}, {0xFF, 0xFF, 0xFF, 0xFF}}},
	{{{1184, 3482, -228}, 0, {0, -14581}, {0xFF, 0xFF, 0xFF, 0xFF}}},
	{{{785, 3482, -158}, 0, {990, -14671}, {0xFF, 0xFF, 0xFF, 0xFF}}},
	{{{796, 3482, -19}, 0, {990, -14228}, {0xFF, 0xFF, 0xFF, 0xFF}}},
	{{{1202, 3482, -19}, 0, {0, -14048}, {0xFF, 0xFF, 0xFF, 0xFF}}},
	{{{-923, 3482, 754}, 0, {0, -8036}, {0xFF, 0xFF, 0xFF, 0xFF}}},
	{{{-611, 3482, 492}, 0, {990, -7856}, {0xFF, 0xFF, 0xFF, 0xFF}}},
	{{{-691, 3482, 378}, 0, {990, -7504}, {0xFF, 0xFF, 0xFF, 0xFF}}},
	{{{-1044, 3482, 582}, 0, {0, -7504}, {0xFF, 0xFF, 0xFF, 0xFF}}},
	{{{-750, 3482, 253}, 0, {990, -7152}, {0xFF, 0xFF, 0xFF, 0xFF}}},
	{{{-1133, 3482, 392}, 0, {0, -6972}, {0xFF, 0xFF, 0xFF, 0xFF}}},
	{{{208, 1434, -1205}, 0, {0, -1844}, {0xFF, 0xFF, 0xFF, 0xFF}}},
	{{{137, 1434, -804}, 0, {990, -1664}, {0xFF, 0xFF, 0xFF, 0xFF}}},
	{{{271, 1434, -768}, 0, {990, -1312}, {0xFF, 0xFF, 0xFF, 0xFF}}},
	{{{410, 1434, -1150}, 0, {0, -1312}, {0xFF, 0xFF, 0xFF, 0xFF}}},
	{{{397, 1434, -709}, 0, {990, -960}, {0xFF, 0xFF, 0xFF, 0xFF}}},
	{{{601, 1434, -1062}, 0, {0, -780}, {0xFF, 0xFF, 0xFF, 0xFF}}},
	{{{397, 3482, 670}, 0, {990, -11394}, {0xFF, 0xFF, 0xFF, 0xFF}}},
	{{{410, 3482, 1111}, 0, {0, -11042}, {0xFF, 0xFF, 0xFF, 0xFF}}},
	{{{601, 3482, 1023}, 0, {0, -11574}, {0xFF, 0xFF, 0xFF, 0xFF}}},
	{{{271, 3482, 728}, 0, {990, -11042}, {0xFF, 0xFF, 0xFF, 0xFF}}},
	{{{137, 3482, 764}, 0, {990, -10690}, {0xFF, 0xFF, 0xFF, 0xFF}}},
	{{{208, 3482, 1166}, 0, {0, -10510}, {0xFF, 0xFF, 0xFF, 0xFF}}},
	{{{-139, 1434, 764}, 0, {990, -9806}, {0xFF, 0xFF, 0xFF, 0xFF}}},
	{{{-210, 1434, 1166}, 0, {0, -9626}, {0xFF, 0xFF, 0xFF, 0xFF}}},
	{{{-1, 1434, 1184}, 0, {0, -10158}, {0xFF, 0xFF, 0xFF, 0xFF}}},
	{{{-1, 1434, 776}, 0, {990, -10158}, {0xFF, 0xFF, 0xFF, 0xFF}}},
	{{{208, 1434, 1166}, 0, {0, -10690}, {0xFF, 0xFF, 0xFF, 0xFF}}},
	{{{137, 1434, 764}, 0, {990, -10510}, {0xFF, 0xFF, 0xFF, 0xFF}}},
	{{{610, 2458, -532}, 0, {990, 106}, {0xFF, 0xFF, 0xFF, 0xFF}}},
	{{{1041, 2458, -621}, 0, {0, 458}, {0xFF, 0xFF, 0xFF, 0xFF}}},
	{{{920, 2458, -793}, 0, {0, -74}, {0xFF, 0xFF, 0xFF, 0xFF}}},
	{{{691, 2458, -418}, 0, {990, 548}, {0xFF, 0xFF, 0xFF, 0xFF}}},
	{{{751, 2458, -293}, 0, {990, 990}, {0xFF, 0xFF, 0xFF, 0xFF}}},
	{{{1130, 2458, -431}, 0, {0, 990}, {0xFF, 0xFF, 0xFF, 0xFF}}},
	{{{920, 3482, -793}, 0, {0, 106}, {0xFF, 0xFF, 0xFF, 0xFF}}},
	{{{511, 3482, -629}, 0, {990, -427}, {0xFF, 0xFF, 0xFF, 0xFF}}},
	{{{610, 3482, -532}, 0, {990, -74}, {0xFF, 0xFF, 0xFF, 0xFF}}},
	{{{772, 3482, -941}, 0, {0, -427}, {0xFF, 0xFF, 0xFF, 0xFF}}},
	{{{601, 3482, -1062}, 0, {0, -960}, {0xFF, 0xFF, 0xFF, 0xFF}}},
	{{{397, 3482, -709}, 0, {990, -780}, {0xFF, 0xFF, 0xFF, 0xFF}}},
	{{{-611, 3482, -531}, 0, {990, -4318}, {0xFF, 0xFF, 0xFF, 0xFF}}},
	{{{-775, 3482, -941}, 0, {0, -3966}, {0xFF, 0xFF, 0xFF, 0xFF}}},
	{{{-923, 3482, -793}, 0, {0, -4498}, {0xFF, 0xFF, 0xFF, 0xFF}}},
	{{{-513, 3482, -629}, 0, {990, -3966}, {0xFF, 0xFF, 0xFF, 0xFF}}},
	{{{-399, 3482, -709}, 0, {990, -3614}, {0xFF, 0xFF, 0xFF, 0xFF}}},
	{{{-603, 3482, -1062}, 0, {0, -3434}, {0xFF, 0xFF, 0xFF, 0xFF}}},
	{{{-139, 3482, -804}, 0, {990, -2548}, {0xFF, 0xFF, 0xFF, 0xFF}}},
	{{{-1, 3482, -1223}, 0, {0, -2196}, {0xFF, 0xFF, 0xFF, 0xFF}}},
	{{{-210, 3482, -1205}, 0, {0, -2728}, {0xFF, 0xFF, 0xFF, 0xFF}}},
	{{{-1, 3482, -816}, 0, {990, -2196}, {0xFF, 0xFF, 0xFF, 0xFF}}},
	{{{137, 3482, -804}, 0, {990, -1844}, {0xFF, 0xFF, 0xFF, 0xFF}}},
	{{{208, 3482, -1205}, 0, {0, -1664}, {0xFF, 0xFF, 0xFF, 0xFF}}},
	{{{920, 3482, -793}, 0, {0, -74}, {0xFF, 0xFF, 0xFF, 0xFF}}},
	{{{610, 3482, -532}, 0, {990, 106}, {0xFF, 0xFF, 0xFF, 0xFF}}},
	{{{691, 3482, -418}, 0, {990, 548}, {0xFF, 0xFF, 0xFF, 0xFF}}},
	{{{1041, 3482, -621}, 0, {0, 458}, {0xFF, 0xFF, 0xFF, 0xFF}}},
	{{{751, 3482, -293}, 0, {990, 990}, {0xFF, 0xFF, 0xFF, 0xFF}}},
	{{{1130, 3482, -431}, 0, {0, 990}, {0xFF, 0xFF, 0xFF, 0xFF}}},
	{{{920, 2458, 754}, 0, {0, -12280}, {0xFF, 0xFF, 0xFF, 0xFF}}},
	{{{688, 2458, 378}, 0, {990, -12812}, {0xFF, 0xFF, 0xFF, 0xFF}}},
	{{{609, 2458, 492}, 0, {990, -12460}, {0xFF, 0xFF, 0xFF, 0xFF}}},
	{{{1041, 2458, 582}, 0, {0, -12812}, {0xFF, 0xFF, 0xFF, 0xFF}}},
	{{{1130, 2458, 392}, 0, {0, -13344}, {0xFF, 0xFF, 0xFF, 0xFF}}},
	{{{747, 2458, 253}, 0, {990, -13164}, {0xFF, 0xFF, 0xFF, 0xFF}}},
	{{{-1133, 3482, -431}, 0, {0, -5382}, {0xFF, 0xFF, 0xFF, 0xFF}}},
	{{{-750, 3482, -291}, 0, {990, -5202}, {0xFF, 0xFF, 0xFF, 0xFF}}},
	{{{-691, 3482, -417}, 0, {990, -4850}, {0xFF, 0xFF, 0xFF, 0xFF}}},
	{{{-1044, 3482, -621}, 0, {0, -4850}, {0xFF, 0xFF, 0xFF, 0xFF}}},
	{{{-611, 3482, -531}, 0, {990, -4498}, {0xFF, 0xFF, 0xFF, 0xFF}}},
	{{{-923, 3482, -793}, 0, {0, -4318}, {0xFF, 0xFF, 0xFF, 0xFF}}},
	{{{-798, 2458, -19}, 0, {990, -6086}, {0xFF, 0xFF, 0xFF, 0xFF}}},
	{{{-1187, 2458, -228}, 0, {0, -5735}, {0xFF, 0xFF, 0xFF, 0xFF}}},
	{{{-1205, 2458, -19}, 0, {0, -6268}, {0xFF, 0xFF, 0xFF, 0xFF}}},
	{{{-786, 2458, -157}, 0, {990, -5734}, {0xFF, 0xFF, 0xFF, 0xFF}}},
	{{{-750, 2458, -291}, 0, {990, -5382}, {0xFF, 0xFF, 0xFF, 0xFF}}},
	{{{-1133, 2458, -431}, 0, {0, -5202}, {0xFF, 0xFF, 0xFF, 0xFF}}},
	{{{-798, 3482, -19}, 0, {990, -6086}, {0xFF, 0xFF, 0xFF, 0xFF}}},
	{{{-1187, 3482, -228}, 0, {0, -5735}, {0xFF, 0xFF, 0xFF, 0xFF}}},
	{{{-1205, 3482, -19}, 0, {0, -6268}, {0xFF, 0xFF, 0xFF, 0xFF}}},
	{{{-786, 3482, -157}, 0, {990, -5734}, {0xFF, 0xFF, 0xFF, 0xFF}}},
	{{{-750, 3482, -291}, 0, {990, -5382}, {0xFF, 0xFF, 0xFF, 0xFF}}},
	{{{-1133, 3482, -431}, 0, {0, -5202}, {0xFF, 0xFF, 0xFF, 0xFF}}},
	{{{137, 3482, 764}, 0, {990, -10510}, {0xFF, 0xFF, 0xFF, 0xFF}}},
	{{{-1, 3482, 1184}, 0, {0, -10158}, {0xFF, 0xFF, 0xFF, 0xFF}}},
	{{{208, 3482, 1166}, 0, {0, -10690}, {0xFF, 0xFF, 0xFF, 0xFF}}},
	{{{-1, 3482, 776}, 0, {990, -10158}, {0xFF, 0xFF, 0xFF, 0xFF}}},
	{{{-139, 3482, 764}, 0, {990, -9806}, {0xFF, 0xFF, 0xFF, 0xFF}}},
	{{{-210, 3482, 1166}, 0, {0, -9626}, {0xFF, 0xFF, 0xFF, 0xFF}}},
	{{{-399, 3482, 670}, 0, {990, -8740}, {0xFF, 0xFF, 0xFF, 0xFF}}},
	{{{-775, 3482, 902}, 0, {0, -8388}, {0xFF, 0xFF, 0xFF, 0xFF}}},
	{{{-603, 3482, 1023}, 0, {0, -8920}, {0xFF, 0xFF, 0xFF, 0xFF}}},
	{{{-513, 3482, 590}, 0, {990, -8388}, {0xFF, 0xFF, 0xFF, 0xFF}}},
	{{{-611, 3482, 492}, 0, {990, -8036}, {0xFF, 0xFF, 0xFF, 0xFF}}},
	{{{-923, 3482, 754}, 0, {0, -7856}, {0xFF, 0xFF, 0xFF, 0xFF}}},
	{{{-210, 1434, -1205}, 0, {0, -2728}, {0xFF, 0xFF, 0xFF, 0xFF}}},
	{{{-139, 1434, -804}, 0, {990, -2548}, {0xFF, 0xFF, 0xFF, 0xFF}}},
	{{{-1, 1434, -816}, 0, {990, -2196}, {0xFF, 0xFF, 0xFF, 0xFF}}},
	{{{-1, 1434, -1223}, 0, {0, -2196}, {0xFF, 0xFF, 0xFF, 0xFF}}},
	{{{137, 1434, -804}, 0, {990, -1844}, {0xFF, 0xFF, 0xFF, 0xFF}}},
	{{{208, 1434, -1205}, 0, {0, -1664}, {0xFF, 0xFF, 0xFF, 0xFF}}},
	{{{-399, 1434, -709}, 0, {990, -3614}, {0xFF, 0xFF, 0xFF, 0xFF}}},
	{{{-603, 1434, -1062}, 0, {0, -3434}, {0xFF, 0xFF, 0xFF, 0xFF}}},
	{{{-775, 1434, -941}, 0, {0, -3966}, {0xFF, 0xFF, 0xFF, 0xFF}}},
	{{{-513, 1434, -629}, 0, {990, -3966}, {0xFF, 0xFF, 0xFF, 0xFF}}},
	{{{-923, 1434, -793}, 0, {0, -4498}, {0xFF, 0xFF, 0xFF, 0xFF}}},
	{{{-611, 1434, -531}, 0, {990, -4318}, {0xFF, 0xFF, 0xFF, 0xFF}}},
	{{{796, 3482, -19}, 0, {990, -14048}, {0xFF, 0xFF, 0xFF, 0xFF}}},
	{{{1184, 3482, 189}, 0, {0, -13696}, {0xFF, 0xFF, 0xFF, 0xFF}}},
	{{{1202, 3482, -19}, 0, {0, -14228}, {0xFF, 0xFF, 0xFF, 0xFF}}},
	{{{783, 3482, 119}, 0, {990, -13696}, {0xFF, 0xFF, 0xFF, 0xFF}}},
	{{{747, 3482, 253}, 0, {990, -13344}, {0xFF, 0xFF, 0xFF, 0xFF}}},
	{{{1130, 3482, 392}, 0, {0, -13164}, {0xFF, 0xFF, 0xFF, 0xFF}}},
	{{{397, 3482, 670}, 0, {990, -11574}, {0xFF, 0xFF, 0xFF, 0xFF}}},
	{{{601, 3482, 1023}, 0, {0, -11394}, {0xFF, 0xFF, 0xFF, 0xFF}}},
	{{{772, 3482, 902}, 0, {0, -11927}, {0xFF, 0xFF, 0xFF, 0xFF}}},
	{{{510, 3482, 590}, 0, {990, -11927}, {0xFF, 0xFF, 0xFF, 0xFF}}},
	{{{920, 3482, 754}, 0, {0, -12460}, {0xFF, 0xFF, 0xFF, 0xFF}}},
	{{{609, 3482, 492}, 0, {990, -12280}, {0xFF, 0xFF, 0xFF, 0xFF}}},
	{{{747, 3482, 253}, 0, {990, -13164}, {0xFF, 0xFF, 0xFF, 0xFF}}},
	{{{1041, 3482, 582}, 0, {0, -12812}, {0xFF, 0xFF, 0xFF, 0xFF}}},
	{{{1130, 3482, 392}, 0, {0, -13344}, {0xFF, 0xFF, 0xFF, 0xFF}}},
	{{{688, 3482, 378}, 0, {990, -12812}, {0xFF, 0xFF, 0xFF, 0xFF}}},
	{{{609, 3482, 492}, 0, {990, -12460}, {0xFF, 0xFF, 0xFF, 0xFF}}},
	{{{920, 3482, 754}, 0, {0, -12280}, {0xFF, 0xFF, 0xFF, 0xFF}}},
	{{{1130, 2458, -431}, 0, {0, -15114}, {0xFF, 0xFF, 0xFF, 0xFF}}},
	{{{751, 2458, -293}, 0, {990, -15114}, {0xFF, 0xFF, 0xFF, 0xFF}}},
	{{{785, 2458, -158}, 0, {990, -14671}, {0xFF, 0xFF, 0xFF, 0xFF}}},
	{{{1184, 2458, -228}, 0, {0, -14581}, {0xFF, 0xFF, 0xFF, 0xFF}}},
	{{{1184, 2458, -228}, 0, {0, -14581}, {0xFF, 0xFF, 0xFF, 0xFF}}},
	{{{785, 2458, -158}, 0, {990, -14671}, {0xFF, 0xFF, 0xFF, 0xFF}}},
	{{{796, 2458, -19}, 0, {990, -14228}, {0xFF, 0xFF, 0xFF, 0xFF}}},
	{{{1202, 2458, -19}, 0, {0, -14048}, {0xFF, 0xFF, 0xFF, 0xFF}}},
	{{{-603, 1434, 1023}, 0, {0, -8920}, {0xFF, 0xFF, 0xFF, 0xFF}}},
	{{{-399, 1434, 670}, 0, {990, -8740}, {0xFF, 0xFF, 0xFF, 0xFF}}},
	{{{-513, 1434, 590}, 0, {990, -8388}, {0xFF, 0xFF, 0xFF, 0xFF}}},
	{{{-775, 1434, 902}, 0, {0, -8388}, {0xFF, 0xFF, 0xFF, 0xFF}}},
	{{{-611, 1434, 492}, 0, {990, -8036}, {0xFF, 0xFF, 0xFF, 0xFF}}},
	{{{-923, 1434, 754}, 0, {0, -7856}, {0xFF, 0xFF, 0xFF, 0xFF}}},
};

Gfx totwc_dl_totwc_seg7_dl_07005D28_mesh_mesh_layer_5_tri_0[] = {
	gsSPVertex(totwc_dl_totwc_seg7_dl_07005D28_mesh_mesh_layer_5_vtx_0 + 0, 64, 0),
	gsSP2Triangles(0, 1, 2, 0, 0, 3, 1, 0),
	gsSP2Triangles(4, 3, 0, 0, 4, 0, 5, 0),
	gsSP2Triangles(6, 7, 8, 0, 6, 9, 7, 0),
	gsSP2Triangles(7, 9, 10, 0, 7, 10, 11, 0),
	gsSP2Triangles(12, 13, 14, 0, 12, 14, 15, 0),
	gsSP2Triangles(15, 14, 16, 0, 15, 16, 17, 0),
	gsSP2Triangles(18, 19, 20, 0, 18, 21, 19, 0),
	gsSP2Triangles(19, 21, 22, 0, 19, 22, 23, 0),
	gsSP2Triangles(24, 25, 26, 0, 24, 27, 25, 0),
	gsSP2Triangles(25, 27, 28, 0, 25, 28, 29, 0),
	gsSP2Triangles(30, 31, 32, 0, 30, 32, 33, 0),
	gsSP2Triangles(33, 32, 34, 0, 33, 34, 35, 0),
	gsSP2Triangles(36, 37, 38, 0, 36, 39, 37, 0),
	gsSP2Triangles(37, 39, 40, 0, 37, 40, 41, 0),
	gsSP2Triangles(42, 43, 44, 0, 42, 44, 45, 0),
	gsSP2Triangles(45, 44, 46, 0, 45, 46, 47, 0),
	gsSP2Triangles(48, 49, 50, 0, 48, 51, 49, 0),
	gsSP2Triangles(49, 51, 52, 0, 49, 52, 53, 0),
	gsSP2Triangles(54, 55, 56, 0, 54, 56, 57, 0),
	gsSP2Triangles(57, 56, 58, 0, 57, 58, 59, 0),
	gsSP2Triangles(60, 61, 62, 0, 60, 62, 63, 0),
	gsSPVertex(totwc_dl_totwc_seg7_dl_07005D28_mesh_mesh_layer_5_vtx_0 + 64, 64, 0),
	gsSP2Triangles(0, 1, 2, 0, 0, 2, 3, 0),
	gsSP2Triangles(4, 5, 6, 0, 4, 7, 5, 0),
	gsSP2Triangles(5, 7, 8, 0, 5, 8, 9, 0),
	gsSP2Triangles(10, 11, 12, 0, 10, 13, 11, 0),
	gsSP2Triangles(11, 13, 14, 0, 11, 14, 15, 0),
	gsSP2Triangles(16, 17, 18, 0, 16, 19, 17, 0),
	gsSP2Triangles(17, 19, 20, 0, 17, 20, 21, 0),
	gsSP2Triangles(22, 23, 24, 0, 22, 25, 23, 0),
	gsSP2Triangles(23, 25, 26, 0, 23, 26, 27, 0),
	gsSP2Triangles(28, 29, 30, 0, 28, 31, 29, 0),
	gsSP2Triangles(29, 31, 32, 0, 29, 32, 33, 0),
	gsSP2Triangles(34, 35, 36, 0, 34, 36, 37, 0),
	gsSP2Triangles(37, 36, 38, 0, 37, 38, 39, 0),
	gsSP2Triangles(40, 41, 42, 0, 40, 42, 43, 0),
	gsSP2Triangles(43, 42, 44, 0, 43, 44, 45, 0),
	gsSP2Triangles(46, 47, 48, 0, 46, 49, 47, 0),
	gsSP2Triangles(47, 49, 50, 0, 47, 50, 51, 0),
	gsSP2Triangles(52, 53, 54, 0, 52, 54, 55, 0),
	gsSP2Triangles(55, 54, 56, 0, 55, 56, 57, 0),
	gsSP2Triangles(58, 59, 60, 0, 58, 61, 59, 0),
	gsSP2Triangles(59, 61, 62, 0, 59, 62, 63, 0),
	gsSPVertex(totwc_dl_totwc_seg7_dl_07005D28_mesh_mesh_layer_5_vtx_0 + 128, 64, 0),
	gsSP2Triangles(0, 1, 2, 0, 0, 2, 3, 0),
	gsSP2Triangles(3, 2, 4, 0, 3, 4, 5, 0),
	gsSP2Triangles(6, 7, 8, 0, 6, 8, 9, 0),
	gsSP2Triangles(9, 8, 10, 0, 9, 10, 11, 0),
	gsSP2Triangles(12, 13, 14, 0, 12, 14, 15, 0),
	gsSP2Triangles(15, 14, 16, 0, 15, 16, 17, 0),
	gsSP2Triangles(18, 19, 20, 0, 18, 20, 21, 0),
	gsSP2Triangles(21, 20, 22, 0, 21, 22, 23, 0),
	gsSP2Triangles(24, 25, 26, 0, 24, 27, 25, 0),
	gsSP2Triangles(25, 27, 28, 0, 25, 28, 29, 0),
	gsSP2Triangles(30, 31, 32, 0, 30, 32, 33, 0),
	gsSP2Triangles(33, 32, 34, 0, 33, 34, 35, 0),
	gsSP2Triangles(36, 37, 38, 0, 36, 39, 37, 0),
	gsSP2Triangles(37, 39, 40, 0, 37, 40, 41, 0),
	gsSP2Triangles(42, 43, 44, 0, 42, 45, 43, 0),
	gsSP2Triangles(43, 45, 46, 0, 43, 46, 47, 0),
	gsSP2Triangles(48, 49, 50, 0, 48, 50, 51, 0),
	gsSP2Triangles(51, 50, 52, 0, 51, 52, 53, 0),
	gsSP2Triangles(54, 55, 56, 0, 54, 56, 57, 0),
	gsSP2Triangles(57, 56, 58, 0, 57, 58, 59, 0),
	gsSP2Triangles(60, 61, 62, 0, 60, 63, 61, 0),
	gsSPVertex(totwc_dl_totwc_seg7_dl_07005D28_mesh_mesh_layer_5_vtx_0 + 192, 64, 0),
	gsSP2Triangles(0, 1, 2, 0, 0, 2, 3, 0),
	gsSP2Triangles(4, 5, 6, 0, 4, 6, 7, 0),
	gsSP2Triangles(7, 6, 8, 0, 7, 8, 9, 0),
	gsSP2Triangles(10, 11, 12, 0, 10, 12, 13, 0),
	gsSP2Triangles(13, 12, 14, 0, 13, 14, 15, 0),
	gsSP2Triangles(16, 17, 18, 0, 16, 19, 17, 0),
	gsSP2Triangles(17, 19, 20, 0, 17, 20, 21, 0),
	gsSP2Triangles(22, 23, 24, 0, 22, 24, 25, 0),
	gsSP2Triangles(25, 24, 26, 0, 25, 26, 27, 0),
	gsSP2Triangles(28, 29, 30, 0, 28, 31, 29, 0),
	gsSP2Triangles(29, 31, 32, 0, 29, 32, 33, 0),
	gsSP2Triangles(34, 35, 36, 0, 34, 37, 35, 0),
	gsSP2Triangles(35, 37, 38, 0, 35, 38, 39, 0),
	gsSP2Triangles(40, 41, 42, 0, 40, 43, 41, 0),
	gsSP2Triangles(41, 43, 44, 0, 41, 44, 45, 0),
	gsSP2Triangles(46, 47, 48, 0, 46, 49, 47, 0),
	gsSP2Triangles(47, 49, 50, 0, 47, 50, 51, 0),
	gsSP2Triangles(52, 53, 54, 0, 52, 54, 55, 0),
	gsSP2Triangles(55, 54, 56, 0, 55, 56, 57, 0),
	gsSP2Triangles(58, 59, 60, 0, 58, 61, 59, 0),
	gsSP2Triangles(59, 61, 62, 0, 59, 62, 63, 0),
	gsSPVertex(totwc_dl_totwc_seg7_dl_07005D28_mesh_mesh_layer_5_vtx_0 + 256, 64, 0),
	gsSP2Triangles(0, 1, 2, 0, 0, 2, 3, 0),
	gsSP2Triangles(3, 2, 4, 0, 3, 4, 5, 0),
	gsSP2Triangles(6, 7, 8, 0, 6, 9, 7, 0),
	gsSP2Triangles(7, 9, 10, 0, 7, 10, 11, 0),
	gsSP2Triangles(12, 13, 14, 0, 12, 15, 13, 0),
	gsSP2Triangles(13, 15, 16, 0, 13, 16, 17, 0),
	gsSP2Triangles(18, 19, 20, 0, 18, 21, 19, 0),
	gsSP2Triangles(19, 21, 22, 0, 19, 22, 23, 0),
	gsSP2Triangles(24, 25, 26, 0, 24, 27, 25, 0),
	gsSP2Triangles(25, 27, 28, 0, 25, 28, 29, 0),
	gsSP2Triangles(30, 31, 32, 0, 30, 32, 33, 0),
	gsSP2Triangles(33, 32, 34, 0, 33, 34, 35, 0),
	gsSP2Triangles(36, 37, 38, 0, 36, 38, 39, 0),
	gsSP2Triangles(39, 38, 40, 0, 39, 40, 41, 0),
	gsSP2Triangles(42, 43, 44, 0, 42, 45, 43, 0),
	gsSP2Triangles(43, 45, 46, 0, 43, 46, 47, 0),
	gsSP2Triangles(48, 49, 50, 0, 48, 50, 51, 0),
	gsSP2Triangles(51, 50, 52, 0, 51, 52, 53, 0),
	gsSP2Triangles(54, 55, 56, 0, 54, 57, 55, 0),
	gsSP2Triangles(55, 57, 58, 0, 55, 58, 59, 0),
	gsSP2Triangles(60, 61, 62, 0, 60, 62, 63, 0),
	gsSPVertex(totwc_dl_totwc_seg7_dl_07005D28_mesh_mesh_layer_5_vtx_0 + 320, 10, 0),
	gsSP2Triangles(0, 1, 2, 0, 0, 2, 3, 0),
	gsSP2Triangles(4, 5, 6, 0, 4, 6, 7, 0),
	gsSP2Triangles(7, 6, 8, 0, 7, 8, 9, 0),
	gsSPEndDisplayList(),
};

Vtx totwc_dl_totwc_seg7_dl_07005D28_mesh_mesh_layer_5_vtx_1[253] = {
	{{{3724, -7723, -3715}, 0, {163, 10822}, {0xDD, 0xFF, 0xC8, 0x45}}},
	{{{3731, -8648, -3722}, 0, {171, 11935}, {0xDD, 0xFF, 0xC8, 0x00}}},
	{{{4453, -8648, -3722}, 0, {2102, 11935}, {0xDD, 0xFF, 0xC8, 0x00}}},
	{{{4460, -7723, -3715}, 0, {2110, 10822}, {0xDD, 0xFF, 0xC8, 0x45}}},
	{{{3714, -7723, -4461}, 0, {62, 10822}, {0xDD, 0xFF, 0xC8, 0x45}}},
	{{{3721, -8648, -4454}, 0, {54, 11935}, {0xDD, 0xFF, 0xC8, 0x00}}},
	{{{3721, -8648, -3733}, 0, {-1877, 11935}, {0xDD, 0xFF, 0xC8, 0x00}}},
	{{{3714, -7723, -3726}, 0, {-1885, 10822}, {0xDD, 0xFF, 0xC8, 0x45}}},
	{{{4460, -7723, -4471}, 0, {62, 10822}, {0xDD, 0xFF, 0xC8, 0x45}}},
	{{{4453, -8648, -4464}, 0, {54, 11935}, {0xDD, 0xFF, 0xC8, 0x00}}},
	{{{3731, -8648, -4464}, 0, {-1877, 11935}, {0xDD, 0xFF, 0xC8, 0x00}}},
	{{{3724, -7723, -4471}, 0, {-1885, 10822}, {0xDD, 0xFF, 0xC8, 0x45}}},
	{{{3714, -7723, -3726}, 0, {-1877, 10822}, {0xDD, 0xFF, 0xC8, 0x45}}},
	{{{3731, -8648, -3722}, 0, {-1904, 11935}, {0xDD, 0xFF, 0xC8, 0x00}}},
	{{{3724, -7723, -3715}, 0, {-1904, 10822}, {0xDD, 0xFF, 0xC8, 0x45}}},
	{{{4470, -7723, -3726}, 0, {163, 10822}, {0xDD, 0xFF, 0xC8, 0x45}}},
	{{{4463, -8648, -3733}, 0, {171, 11935}, {0xDD, 0xFF, 0xC8, 0x00}}},
	{{{4463, -8648, -4454}, 0, {2102, 11935}, {0xDD, 0xFF, 0xC8, 0x00}}},
	{{{4470, -7723, -4461}, 0, {2110, 10822}, {0xDD, 0xFF, 0xC8, 0x45}}},
	{{{3715, -7723, 3724}, 0, {163, 10822}, {0xFE, 0xFF, 0xCB, 0x46}}},
	{{{3722, -8648, 3731}, 0, {171, 11935}, {0xFE, 0xFF, 0xCB, 0x00}}},
	{{{3722, -8648, 4453}, 0, {2102, 11935}, {0xFE, 0xFF, 0xCB, 0x00}}},
	{{{3715, -7723, 4460}, 0, {2110, 10822}, {0xFE, 0xFF, 0xCB, 0x46}}},
	{{{4461, -7723, 3714}, 0, {62, 10822}, {0xFE, 0xFF, 0xCB, 0x46}}},
	{{{4454, -8648, 3721}, 0, {54, 11935}, {0xFE, 0xFF, 0xCB, 0x00}}},
	{{{3733, -8648, 3721}, 0, {-1877, 11935}, {0xFE, 0xFF, 0xCB, 0x00}}},
	{{{3726, -7723, 3714}, 0, {-1885, 10822}, {0xFE, 0xFF, 0xCB, 0x46}}},
	{{{4471, -7723, 4460}, 0, {62, 10822}, {0xFE, 0xFF, 0xCB, 0x46}}},
	{{{4464, -8648, 4453}, 0, {54, 11935}, {0xFE, 0xFF, 0xCB, 0x00}}},
	{{{4464, -8648, 3731}, 0, {-1877, 11935}, {0xFE, 0xFF, 0xCB, 0x00}}},
	{{{4471, -7723, 3724}, 0, {-1885, 10822}, {0xFE, 0xFF, 0xCB, 0x46}}},
	{{{3726, -7723, 3714}, 0, {-1877, 10822}, {0xFE, 0xFF, 0xCB, 0x46}}},
	{{{3722, -8648, 3731}, 0, {-1904, 11935}, {0xFE, 0xFF, 0xCB, 0x00}}},
	{{{3715, -7723, 3724}, 0, {-1904, 10822}, {0xFE, 0xFF, 0xCB, 0x46}}},
	{{{3726, -7723, 4470}, 0, {163, 10822}, {0xFE, 0xFF, 0xCB, 0x46}}},
	{{{3733, -8648, 4463}, 0, {171, 11935}, {0xFE, 0xFF, 0xCB, 0x00}}},
	{{{4454, -8648, 4463}, 0, {2102, 11935}, {0xFE, 0xFF, 0xCB, 0x00}}},
	{{{4461, -7723, 4470}, 0, {2110, 10822}, {0xFE, 0xFF, 0xCB, 0x46}}},
	{{{-3724, -7723, 3715}, 0, {163, 10822}, {0xC5, 0xF8, 0xFF, 0x45}}},
	{{{-3731, -8648, 3722}, 0, {171, 11935}, {0xC5, 0xF8, 0xFF, 0x00}}},
	{{{-4453, -8648, 3722}, 0, {2102, 11935}, {0xC5, 0xF8, 0xFF, 0x00}}},
	{{{-4460, -7723, 3715}, 0, {2110, 10822}, {0xC5, 0xF8, 0xFF, 0x46}}},
	{{{-3714, -7723, 4461}, 0, {62, 10822}, {0xC5, 0xF8, 0xFF, 0x45}}},
	{{{-3721, -8648, 4454}, 0, {54, 11935}, {0xC5, 0xF8, 0xFF, 0x00}}},
	{{{-3721, -8648, 3733}, 0, {-1877, 11935}, {0xC5, 0xF8, 0xFF, 0x00}}},
	{{{-3714, -7723, 3726}, 0, {-1885, 10822}, {0xC5, 0xF8, 0xFF, 0x45}}},
	{{{-4460, -7723, 4471}, 0, {62, 10822}, {0xC5, 0xF8, 0xFF, 0x45}}},
	{{{-4453, -8648, 4464}, 0, {54, 11935}, {0xC5, 0xF8, 0xFF, 0x00}}},
	{{{-3731, -8648, 4464}, 0, {-1877, 11935}, {0xC5, 0xF8, 0xFF, 0x00}}},
	{{{-3724, -7723, 4471}, 0, {-1885, 10822}, {0xC5, 0xF8, 0xFF, 0x45}}},
	{{{-3714, -7723, 3726}, 0, {-1877, 10822}, {0xC5, 0xF8, 0xFF, 0x45}}},
	{{{-3731, -8648, 3722}, 0, {-1904, 11935}, {0xC5, 0xF8, 0xFF, 0x00}}},
	{{{-3724, -7723, 3715}, 0, {-1904, 10822}, {0xC5, 0xF8, 0xFF, 0x45}}},
	{{{-4470, -7723, 3726}, 0, {163, 10822}, {0xC5, 0xF8, 0xFF, 0x46}}},
	{{{-4463, -8648, 3733}, 0, {171, 11935}, {0xC5, 0xF8, 0xFF, 0x00}}},
	{{{-4463, -8648, 4454}, 0, {2102, 11935}, {0xC5, 0xF8, 0xFF, 0x00}}},
	{{{-4470, -7723, 4461}, 0, {2110, 10822}, {0xC5, 0xF8, 0xFF, 0x45}}},
	{{{-3715, -7723, -3724}, 0, {163, 10822}, {0xBE, 0xDA, 0xFB, 0x46}}},
	{{{-3722, -8648, -3731}, 0, {171, 11935}, {0xBE, 0xDA, 0xFB, 0x00}}},
	{{{-3722, -8648, -4453}, 0, {2102, 11935}, {0xBE, 0xDA, 0xFB, 0x00}}},
	{{{-3715, -7723, -4460}, 0, {2110, 10822}, {0xBE, 0xDA, 0xFB, 0x46}}},
	{{{-4461, -7723, -3714}, 0, {62, 10822}, {0xBE, 0xDA, 0xFB, 0x49}}},
	{{{-4454, -8648, -3721}, 0, {54, 11935}, {0xBE, 0xDA, 0xFB, 0x00}}},
	{{{-3733, -8648, -3721}, 0, {-1877, 11935}, {0xBE, 0xDA, 0xFB, 0x00}}},
	{{{-4461, -7723, -3714}, 0, {62, 10822}, {0xBE, 0xDA, 0xFB, 0x49}}},
	{{{-3733, -8648, -3721}, 0, {-1877, 11935}, {0xBE, 0xDA, 0xFB, 0x00}}},
	{{{-3726, -7723, -3714}, 0, {-1885, 10822}, {0xBE, 0xDA, 0xFB, 0x46}}},
	{{{-4471, -7723, -4460}, 0, {62, 10822}, {0xBE, 0xDA, 0xFB, 0x46}}},
	{{{-4464, -8648, -4453}, 0, {54, 11935}, {0xBE, 0xDA, 0xFB, 0x00}}},
	{{{-4464, -8648, -3731}, 0, {-1877, 11935}, {0xBE, 0xDA, 0xFB, 0x00}}},
	{{{-4471, -7723, -3724}, 0, {-1885, 10822}, {0xBE, 0xDA, 0xFB, 0x46}}},
	{{{-3726, -7723, -3714}, 0, {-1877, 10822}, {0xBE, 0xDA, 0xFB, 0x46}}},
	{{{-3722, -8648, -3731}, 0, {-1904, 11935}, {0xBE, 0xDA, 0xFB, 0x00}}},
	{{{-3715, -7723, -3724}, 0, {-1904, 10822}, {0xBE, 0xDA, 0xFB, 0x46}}},
	{{{-3726, -7723, -4470}, 0, {163, 10822}, {0xBE, 0xDA, 0xFB, 0x46}}},
	{{{-3733, -8648, -4463}, 0, {171, 11935}, {0xBE, 0xDA, 0xFB, 0x00}}},
	{{{-4454, -8648, -4463}, 0, {2102, 11935}, {0xBE, 0xDA, 0xFB, 0x00}}},
	{{{-4461, -7723, -4470}, 0, {2110, 10822}, {0xBE, 0xDA, 0xFB, 0x46}}},
	{{{-4470, -7723, 3726}, 0, {171, 10822}, {0xC5, 0xF8, 0xFF, 0x46}}},
	{{{-4477, -5264, 3719}, 0, {171, 7860}, {0xC5, 0xF8, 0xFF, 0xFF}}},
	{{{-4467, -5264, 3708}, 0, {144, 7860}, {0xC5, 0xF8, 0xFF, 0xFF}}},
	{{{-4460, -7723, 3715}, 0, {144, 10822}, {0xC5, 0xF8, 0xFF, 0x46}}},
	{{{-3714, -7723, 4461}, 0, {54, 10822}, {0xC5, 0xF8, 0xFF, 0x45}}},
	{{{-3707, -5264, 4468}, 0, {54, 7860}, {0xC5, 0xF8, 0xFF, 0xFF}}},
	{{{-3717, -5264, 4479}, 0, {81, 7860}, {0xC5, 0xF8, 0xFF, 0xFF}}},
	{{{-3724, -7723, 4471}, 0, {81, 10822}, {0xC5, 0xF8, 0xFF, 0x45}}},
	{{{-4460, -7723, 4471}, 0, {54, 10822}, {0xC5, 0xF8, 0xFF, 0x45}}},
	{{{-4467, -5264, 4479}, 0, {54, 7860}, {0xC5, 0xF8, 0xFF, 0xFF}}},
	{{{-4477, -5264, 4468}, 0, {81, 7860}, {0xC5, 0xF8, 0xFF, 0xFF}}},
	{{{-4470, -7723, 4461}, 0, {81, 10822}, {0xC5, 0xF8, 0xFF, 0x45}}},
	{{{-3726, -7723, -4470}, 0, {171, 10822}, {0xBE, 0xDA, 0xFB, 0x46}}},
	{{{-3719, -5264, -4477}, 0, {171, 7860}, {0xBE, 0xDA, 0xFB, 0xFF}}},
	{{{-3708, -5264, -4467}, 0, {144, 7860}, {0xBE, 0xDA, 0xFB, 0xFF}}},
	{{{-3715, -7723, -4460}, 0, {144, 10822}, {0xBE, 0xDA, 0xFB, 0x46}}},
	{{{-4461, -7723, -3714}, 0, {54, 10822}, {0xBE, 0xDA, 0xFB, 0x4D}}},
	{{{-4468, -5264, -3707}, 0, {54, 7860}, {0xBE, 0xDA, 0xFB, 0xFF}}},
	{{{-4479, -5264, -3717}, 0, {81, 7860}, {0xBE, 0xDA, 0xFB, 0xFF}}},
	{{{-4471, -7723, -3724}, 0, {81, 10822}, {0xBE, 0xDA, 0xFB, 0x48}}},
	{{{-4471, -7723, -4460}, 0, {54, 10822}, {0xBE, 0xDA, 0xFB, 0x46}}},
	{{{-4479, -5264, -4467}, 0, {54, 7860}, {0xBE, 0xDA, 0xFB, 0xFF}}},
	{{{-4468, -5264, -4477}, 0, {81, 7860}, {0xBE, 0xDA, 0xFB, 0xFF}}},
	{{{-4461, -7723, -4470}, 0, {81, 10822}, {0xBE, 0xDA, 0xFB, 0x46}}},
	{{{4470, -7723, -3726}, 0, {171, 10822}, {0xDD, 0xFF, 0xC8, 0x45}}},
	{{{4477, -5264, -3719}, 0, {171, 7860}, {0xDD, 0xFF, 0xC8, 0xFF}}},
	{{{4467, -5264, -3708}, 0, {144, 7860}, {0xDD, 0xFF, 0xC8, 0xFF}}},
	{{{4460, -7723, -3715}, 0, {144, 10822}, {0xDD, 0xFF, 0xC8, 0x45}}},
	{{{3714, -7723, -4461}, 0, {54, 10822}, {0xDD, 0xFF, 0xC8, 0x45}}},
	{{{3707, -5264, -4468}, 0, {54, 7860}, {0xDD, 0xFF, 0xC8, 0xFF}}},
	{{{3717, -5264, -4479}, 0, {81, 7857}, {0xDD, 0xFF, 0xC8, 0xFF}}},
	{{{3724, -7723, -4471}, 0, {81, 10820}, {0xDD, 0xFF, 0xC8, 0x45}}},
	{{{4460, -7723, -4471}, 0, {54, 10822}, {0xDD, 0xFF, 0xC8, 0x45}}},
	{{{4467, -5264, -4479}, 0, {54, 7860}, {0xDD, 0xFF, 0xC8, 0xFF}}},
	{{{4477, -5264, -4468}, 0, {81, 7860}, {0xDD, 0xFF, 0xC8, 0xFF}}},
	{{{4470, -7723, -4461}, 0, {81, 10822}, {0xDD, 0xFF, 0xC8, 0x45}}},
	{{{3726, -7723, 4470}, 0, {171, 10822}, {0xFE, 0xFF, 0xCB, 0x46}}},
	{{{3719, -5264, 4477}, 0, {171, 7860}, {0xFE, 0xFF, 0xCB, 0xFF}}},
	{{{3708, -5264, 4467}, 0, {144, 7860}, {0xFE, 0xFF, 0xCB, 0xFF}}},
	{{{3715, -7723, 4460}, 0, {144, 10822}, {0xFE, 0xFF, 0xCB, 0x46}}},
	{{{4461, -7723, 3714}, 0, {54, 10822}, {0xFE, 0xFF, 0xCB, 0x46}}},
	{{{4468, -5264, 3707}, 0, {54, 7860}, {0xFE, 0xFF, 0xCB, 0xFF}}},
	{{{4479, -5264, 3717}, 0, {81, 7860}, {0xFE, 0xFF, 0xCB, 0xFF}}},
	{{{4471, -7723, 3724}, 0, {81, 10822}, {0xFE, 0xFF, 0xCB, 0x46}}},
	{{{4471, -7723, 4460}, 0, {54, 10822}, {0xFE, 0xFF, 0xCB, 0x46}}},
	{{{4479, -5264, 4467}, 0, {54, 7860}, {0xFE, 0xFF, 0xCB, 0xFF}}},
	{{{4468, -5264, 4477}, 0, {81, 7860}, {0xFE, 0xFF, 0xCB, 0xFF}}},
	{{{4461, -7723, 4470}, 0, {81, 10822}, {0xFE, 0xFF, 0xCB, 0x46}}},
	{{{-4471, -7723, -4460}, 0, {53, 10822}, {0xBE, 0xDA, 0xFB, 0x46}}},
	{{{-4461, -7723, -4470}, 0, {81, 10822}, {0xBE, 0xDA, 0xFB, 0x46}}},
	{{{-4464, -8648, -4453}, 0, {54, 11935}, {0xBE, 0xDA, 0xFB, 0x00}}},
	{{{-4461, -7723, -4470}, 0, {81, 10822}, {0xBE, 0xDA, 0xFB, 0x46}}},
	{{{-4454, -8648, -4463}, 0, {81, 11935}, {0xBE, 0xDA, 0xFB, 0x00}}},
	{{{-4454, -8648, -3721}, 0, {54, 11935}, {0xBE, 0xDA, 0xFB, 0x00}}},
	{{{-4461, -7723, -3714}, 0, {53, 10822}, {0xBE, 0xDA, 0xFB, 0x49}}},
	{{{-4471, -7723, -3724}, 0, {81, 10822}, {0xBE, 0xDA, 0xFB, 0x46}}},
	{{{-4464, -8648, -3731}, 0, {81, 11935}, {0xBE, 0xDA, 0xFB, 0x00}}},
	{{{-3733, -8648, -4463}, 0, {171, 11935}, {0xBE, 0xDA, 0xFB, 0x00}}},
	{{{-3726, -7723, -4470}, 0, {171, 10822}, {0xBE, 0xDA, 0xFB, 0x46}}},
	{{{-3715, -7723, -4460}, 0, {144, 10822}, {0xBE, 0xDA, 0xFB, 0x46}}},
	{{{-3722, -8648, -4453}, 0, {144, 11935}, {0xBE, 0xDA, 0xFB, 0x00}}},
	{{{-3719, -5264, -4477}, 0, {171, 7860}, {0xBE, 0xDA, 0xFB, 0xFF}}},
	{{{-3726, -7723, -4470}, 0, {175, 10822}, {0xBE, 0xDA, 0xFB, 0x46}}},
	{{{-4461, -7723, -4470}, 0, {2098, 10822}, {0xBE, 0xDA, 0xFB, 0x46}}},
	{{{-4468, -5264, -4477}, 0, {2102, 7860}, {0xBE, 0xDA, 0xFB, 0xFF}}},
	{{{-3719, -5264, -3707}, 0, {-1877, 7860}, {0xBE, 0xDA, 0xFB, 0xFF}}},
	{{{-3726, -7723, -3714}, 0, {-1877, 10822}, {0xBE, 0xDA, 0xFB, 0x46}}},
	{{{-3715, -7723, -3724}, 0, {-1904, 10822}, {0xBE, 0xDA, 0xFB, 0x46}}},
	{{{-3708, -5264, -3717}, 0, {-1904, 7860}, {0xBE, 0xDA, 0xFB, 0xFF}}},
	{{{-4479, -5264, -4467}, 0, {54, 7860}, {0xBE, 0xDA, 0xFB, 0xFF}}},
	{{{-4471, -7723, -4460}, 0, {50, 10822}, {0xBE, 0xDA, 0xFB, 0x46}}},
	{{{-4471, -7723, -3724}, 0, {-1873, 10822}, {0xBE, 0xDA, 0xFB, 0x46}}},
	{{{-4479, -5264, -3717}, 0, {-1877, 7860}, {0xBE, 0xDA, 0xFB, 0xFF}}},
	{{{-4468, -5264, -3707}, 0, {54, 7860}, {0xBE, 0xDA, 0xFB, 0xFF}}},
	{{{-4461, -7723, -3714}, 0, {50, 10822}, {0xBE, 0xDA, 0xFB, 0x4D}}},
	{{{-3726, -7723, -3714}, 0, {-1873, 10822}, {0xBE, 0xDA, 0xFB, 0x48}}},
	{{{-3708, -5264, -3717}, 0, {171, 7860}, {0xBE, 0xDA, 0xFB, 0xFF}}},
	{{{-3715, -7723, -3724}, 0, {175, 10822}, {0xBE, 0xDA, 0xFB, 0x46}}},
	{{{-3715, -7723, -4460}, 0, {2098, 10822}, {0xBE, 0xDA, 0xFB, 0x46}}},
	{{{-3708, -5264, -4467}, 0, {2102, 7860}, {0xBE, 0xDA, 0xFB, 0xFF}}},
	{{{-4453, -8648, 4464}, 0, {54, 11935}, {0xC5, 0xF8, 0xFF, 0x00}}},
	{{{-4460, -7723, 4471}, 0, {53, 10822}, {0xC5, 0xF8, 0xFF, 0x45}}},
	{{{-4470, -7723, 4461}, 0, {81, 10822}, {0xC5, 0xF8, 0xFF, 0x45}}},
	{{{-4463, -8648, 4454}, 0, {81, 11935}, {0xC5, 0xF8, 0xFF, 0x00}}},
	{{{-3721, -8648, 4454}, 0, {54, 11935}, {0xC5, 0xF8, 0xFF, 0x00}}},
	{{{-3714, -7723, 4461}, 0, {53, 10822}, {0xC5, 0xF8, 0xFF, 0x45}}},
	{{{-3724, -7723, 4471}, 0, {81, 10822}, {0xC5, 0xF8, 0xFF, 0x45}}},
	{{{-3731, -8648, 4464}, 0, {81, 11935}, {0xC5, 0xF8, 0xFF, 0x00}}},
	{{{-4463, -8648, 3733}, 0, {171, 11935}, {0xC5, 0xF8, 0xFF, 0x00}}},
	{{{-4470, -7723, 3726}, 0, {171, 10822}, {0xC5, 0xF8, 0xFF, 0x46}}},
	{{{-4460, -7723, 3715}, 0, {144, 10822}, {0xC5, 0xF8, 0xFF, 0x46}}},
	{{{-4453, -8648, 3722}, 0, {144, 11935}, {0xC5, 0xF8, 0xFF, 0x00}}},
	{{{-4477, -5264, 3719}, 0, {171, 7860}, {0xC5, 0xF8, 0xFF, 0xFF}}},
	{{{-4470, -7723, 3726}, 0, {175, 10822}, {0xC5, 0xF8, 0xFF, 0x46}}},
	{{{-4470, -7723, 4461}, 0, {2098, 10822}, {0xC5, 0xF8, 0xFF, 0x45}}},
	{{{-4477, -5264, 4468}, 0, {2102, 7860}, {0xC5, 0xF8, 0xFF, 0xFF}}},
	{{{-3707, -5264, 3719}, 0, {-1877, 7860}, {0xC5, 0xF8, 0xFF, 0xFF}}},
	{{{-3714, -7723, 3726}, 0, {-1877, 10822}, {0xC5, 0xF8, 0xFF, 0x45}}},
	{{{-3724, -7723, 3715}, 0, {-1904, 10822}, {0xC5, 0xF8, 0xFF, 0x45}}},
	{{{-3717, -5264, 3708}, 0, {-1904, 7860}, {0xC5, 0xF8, 0xFF, 0xFF}}},
	{{{-4467, -5264, 4479}, 0, {54, 7860}, {0xC5, 0xF8, 0xFF, 0xFF}}},
	{{{-4460, -7723, 4471}, 0, {50, 10822}, {0xC5, 0xF8, 0xFF, 0x45}}},
	{{{-3724, -7723, 4471}, 0, {-1873, 10822}, {0xC5, 0xF8, 0xFF, 0x45}}},
	{{{-3717, -5264, 4479}, 0, {-1877, 7860}, {0xC5, 0xF8, 0xFF, 0xFF}}},
	{{{-3707, -5264, 4468}, 0, {54, 7860}, {0xC5, 0xF8, 0xFF, 0xFF}}},
	{{{-3714, -7723, 4461}, 0, {50, 10822}, {0xC5, 0xF8, 0xFF, 0x45}}},
	{{{-3714, -7723, 3726}, 0, {-1873, 10822}, {0xC5, 0xF8, 0xFF, 0x45}}},
	{{{-3717, -5264, 3708}, 0, {171, 7860}, {0xC5, 0xF8, 0xFF, 0xFF}}},
	{{{-3724, -7723, 3715}, 0, {175, 10822}, {0xC5, 0xF8, 0xFF, 0x45}}},
	{{{-4460, -7723, 3715}, 0, {2098, 10822}, {0xC5, 0xF8, 0xFF, 0x46}}},
	{{{-4467, -5264, 3708}, 0, {2102, 7860}, {0xC5, 0xF8, 0xFF, 0xFF}}},
	{{{4464, -8648, 4453}, 0, {54, 11935}, {0xFE, 0xFF, 0xCB, 0x00}}},
	{{{4471, -7723, 4460}, 0, {53, 10822}, {0xFE, 0xFF, 0xCB, 0x46}}},
	{{{4461, -7723, 4470}, 0, {81, 10822}, {0xFE, 0xFF, 0xCB, 0x46}}},
	{{{4464, -8648, 4453}, 0, {54, 11935}, {0xFE, 0xFF, 0xCB, 0x00}}},
	{{{4461, -7723, 4470}, 0, {81, 10822}, {0xFE, 0xFF, 0xCB, 0x46}}},
	{{{4454, -8648, 4463}, 0, {81, 11935}, {0xFE, 0xFF, 0xCB, 0x00}}},
	{{{4454, -8648, 3721}, 0, {54, 11935}, {0xFE, 0xFF, 0xCB, 0x00}}},
	{{{4461, -7723, 3714}, 0, {53, 10822}, {0xFE, 0xFF, 0xCB, 0x46}}},
	{{{4471, -7723, 3724}, 0, {81, 10822}, {0xFE, 0xFF, 0xCB, 0x46}}},
	{{{4464, -8648, 3731}, 0, {81, 11935}, {0xFE, 0xFF, 0xCB, 0x00}}},
	{{{3733, -8648, 4463}, 0, {171, 11935}, {0xFE, 0xFF, 0xCB, 0x00}}},
	{{{3726, -7723, 4470}, 0, {171, 10822}, {0xFE, 0xFF, 0xCB, 0x46}}},
	{{{3715, -7723, 4460}, 0, {144, 10822}, {0xFE, 0xFF, 0xCB, 0x46}}},
	{{{3722, -8648, 4453}, 0, {144, 11935}, {0xFE, 0xFF, 0xCB, 0x00}}},
	{{{3719, -5264, 4477}, 0, {171, 7860}, {0xFE, 0xFF, 0xCB, 0xFF}}},
	{{{3726, -7723, 4470}, 0, {175, 10822}, {0xFE, 0xFF, 0xCB, 0x46}}},
	{{{4461, -7723, 4470}, 0, {2098, 10822}, {0xFE, 0xFF, 0xCB, 0x46}}},
	{{{4468, -5264, 4477}, 0, {2102, 7860}, {0xFE, 0xFF, 0xCB, 0xFF}}},
	{{{3719, -5264, 3707}, 0, {-1877, 7860}, {0xFE, 0xFF, 0xCB, 0xFF}}},
	{{{3726, -7723, 3714}, 0, {-1877, 10822}, {0xFE, 0xFF, 0xCB, 0x46}}},
	{{{3715, -7723, 3724}, 0, {-1904, 10822}, {0xFE, 0xFF, 0xCB, 0x46}}},
	{{{3708, -5264, 3717}, 0, {-1904, 7860}, {0xFE, 0xFF, 0xCB, 0xFF}}},
	{{{4479, -5264, 4467}, 0, {54, 7860}, {0xFE, 0xFF, 0xCB, 0xFF}}},
	{{{4471, -7723, 4460}, 0, {50, 10822}, {0xFE, 0xFF, 0xCB, 0x46}}},
	{{{4471, -7723, 3724}, 0, {-1873, 10822}, {0xFE, 0xFF, 0xCB, 0x46}}},
	{{{4479, -5264, 3717}, 0, {-1877, 7860}, {0xFE, 0xFF, 0xCB, 0xFF}}},
	{{{4468, -5264, 3707}, 0, {54, 7860}, {0xFE, 0xFF, 0xCB, 0xFF}}},
	{{{4461, -7723, 3714}, 0, {50, 10822}, {0xFE, 0xFF, 0xCB, 0x46}}},
	{{{3726, -7723, 3714}, 0, {-1873, 10822}, {0xFE, 0xFF, 0xCB, 0x46}}},
	{{{3708, -5264, 3717}, 0, {171, 7860}, {0xFE, 0xFF, 0xCB, 0xFF}}},
	{{{3715, -7723, 3724}, 0, {175, 10822}, {0xFE, 0xFF, 0xCB, 0x46}}},
	{{{3715, -7723, 4460}, 0, {2098, 10822}, {0xFE, 0xFF, 0xCB, 0x46}}},
	{{{3708, -5264, 4467}, 0, {2102, 7860}, {0xFE, 0xFF, 0xCB, 0xFF}}},
	{{{4453, -8648, -4464}, 0, {54, 11935}, {0xDD, 0xFF, 0xC8, 0x00}}},
	{{{4460, -7723, -4471}, 0, {53, 10822}, {0xDD, 0xFF, 0xC8, 0x45}}},
	{{{4470, -7723, -4461}, 0, {81, 10822}, {0xDD, 0xFF, 0xC8, 0x45}}},
	{{{4463, -8648, -4454}, 0, {81, 11935}, {0xDD, 0xFF, 0xC8, 0x00}}},
	{{{3721, -8648, -4454}, 0, {54, 11935}, {0xDD, 0xFF, 0xC8, 0x00}}},
	{{{3714, -7723, -4461}, 0, {53, 10822}, {0xDD, 0xFF, 0xC8, 0x45}}},
	{{{3724, -7723, -4471}, 0, {81, 10821}, {0xDD, 0xFF, 0xC8, 0x45}}},
	{{{3731, -8648, -4464}, 0, {81, 11935}, {0xDD, 0xFF, 0xC8, 0x00}}},
	{{{4463, -8648, -3733}, 0, {171, 11935}, {0xDD, 0xFF, 0xC8, 0x00}}},
	{{{4470, -7723, -3726}, 0, {171, 10822}, {0xDD, 0xFF, 0xC8, 0x45}}},
	{{{4460, -7723, -3715}, 0, {144, 10822}, {0xDD, 0xFF, 0xC8, 0x45}}},
	{{{4453, -8648, -3722}, 0, {144, 11935}, {0xDD, 0xFF, 0xC8, 0x00}}},
	{{{4477, -5264, -3719}, 0, {171, 7860}, {0xDD, 0xFF, 0xC8, 0xFF}}},
	{{{4470, -7723, -3726}, 0, {175, 10822}, {0xDD, 0xFF, 0xC8, 0x45}}},
	{{{4470, -7723, -4461}, 0, {2098, 10822}, {0xDD, 0xFF, 0xC8, 0x45}}},
	{{{4477, -5264, -4468}, 0, {2102, 7860}, {0xDD, 0xFF, 0xC8, 0xFF}}},
	{{{3707, -5264, -3719}, 0, {-1877, 7860}, {0xDD, 0xFF, 0xC8, 0xFF}}},
	{{{3714, -7723, -3726}, 0, {-1877, 10822}, {0xDD, 0xFF, 0xC8, 0x45}}},
	{{{3724, -7723, -3715}, 0, {-1904, 10822}, {0xDD, 0xFF, 0xC8, 0x45}}},
	{{{3717, -5264, -3708}, 0, {-1904, 7860}, {0xDD, 0xFF, 0xC8, 0xFF}}},
	{{{4467, -5264, -4479}, 0, {54, 7860}, {0xDD, 0xFF, 0xC8, 0xFF}}},
	{{{4460, -7723, -4471}, 0, {50, 10822}, {0xDD, 0xFF, 0xC8, 0x45}}},
	{{{3724, -7723, -4471}, 0, {-1873, 10822}, {0xDD, 0xFF, 0xC8, 0x45}}},
	{{{3717, -5264, -4479}, 0, {-1877, 7860}, {0xDD, 0xFF, 0xC8, 0xFF}}},
	{{{3707, -5264, -4468}, 0, {54, 7860}, {0xDD, 0xFF, 0xC8, 0xFF}}},
	{{{3714, -7723, -4461}, 0, {50, 10822}, {0xDD, 0xFF, 0xC8, 0x45}}},
	{{{3714, -7723, -3726}, 0, {-1873, 10822}, {0xDD, 0xFF, 0xC8, 0x45}}},
	{{{3717, -5264, -3708}, 0, {171, 7860}, {0xDD, 0xFF, 0xC8, 0xFF}}},
	{{{3724, -7723, -3715}, 0, {175, 10822}, {0xDD, 0xFF, 0xC8, 0x45}}},
	{{{4460, -7723, -3715}, 0, {2098, 10822}, {0xDD, 0xFF, 0xC8, 0x45}}},
	{{{4467, -5264, -3708}, 0, {2102, 7860}, {0xDD, 0xFF, 0xC8, 0xFF}}},
};

Gfx totwc_dl_totwc_seg7_dl_07005D28_mesh_mesh_layer_5_tri_1[] = {
	gsSPVertex(totwc_dl_totwc_seg7_dl_07005D28_mesh_mesh_layer_5_vtx_1 + 0, 64, 0),
	gsSP2Triangles(0, 1, 2, 0, 0, 2, 3, 0),
	gsSP2Triangles(4, 5, 6, 0, 4, 6, 7, 0),
	gsSP2Triangles(8, 9, 10, 0, 8, 10, 11, 0),
	gsSP2Triangles(12, 6, 13, 0, 12, 13, 14, 0),
	gsSP2Triangles(15, 16, 17, 0, 15, 17, 18, 0),
	gsSP2Triangles(19, 20, 21, 0, 19, 21, 22, 0),
	gsSP2Triangles(23, 24, 25, 0, 23, 25, 26, 0),
	gsSP2Triangles(27, 28, 29, 0, 27, 29, 30, 0),
	gsSP2Triangles(31, 25, 32, 0, 31, 32, 33, 0),
	gsSP2Triangles(34, 35, 36, 0, 34, 36, 37, 0),
	gsSP2Triangles(38, 39, 40, 0, 38, 40, 41, 0),
	gsSP2Triangles(42, 43, 44, 0, 42, 44, 45, 0),
	gsSP2Triangles(46, 47, 48, 0, 46, 48, 49, 0),
	gsSP2Triangles(50, 44, 51, 0, 50, 51, 52, 0),
	gsSP2Triangles(53, 54, 55, 0, 53, 55, 56, 0),
	gsSP2Triangles(57, 58, 59, 0, 57, 59, 60, 0),
	gsSP1Triangle(61, 62, 63, 0),
	gsSPVertex(totwc_dl_totwc_seg7_dl_07005D28_mesh_mesh_layer_5_vtx_1 + 64, 64, 0),
	gsSP2Triangles(0, 1, 2, 0, 3, 4, 5, 0),
	gsSP2Triangles(3, 5, 6, 0, 7, 1, 8, 0),
	gsSP2Triangles(7, 8, 9, 0, 10, 11, 12, 0),
	gsSP2Triangles(10, 12, 13, 0, 14, 15, 16, 0),
	gsSP2Triangles(14, 16, 17, 0, 18, 19, 20, 0),
	gsSP2Triangles(18, 20, 21, 0, 22, 23, 24, 0),
	gsSP2Triangles(22, 24, 25, 0, 26, 27, 28, 0),
	gsSP2Triangles(26, 28, 29, 0, 30, 31, 32, 0),
	gsSP2Triangles(30, 32, 33, 0, 34, 35, 36, 0),
	gsSP2Triangles(34, 36, 37, 0, 38, 39, 40, 0),
	gsSP2Triangles(38, 40, 41, 0, 42, 43, 44, 0),
	gsSP2Triangles(42, 44, 45, 0, 46, 47, 48, 0),
	gsSP2Triangles(46, 48, 49, 0, 50, 51, 52, 0),
	gsSP2Triangles(50, 52, 53, 0, 54, 55, 56, 0),
	gsSP2Triangles(54, 56, 57, 0, 58, 59, 60, 0),
	gsSP2Triangles(58, 60, 61, 0, 4, 62, 63, 0),
	gsSPVertex(totwc_dl_totwc_seg7_dl_07005D28_mesh_mesh_layer_5_vtx_1 + 128, 64, 0),
	gsSP2Triangles(0, 1, 2, 0, 3, 4, 5, 0),
	gsSP2Triangles(3, 5, 6, 0, 7, 8, 9, 0),
	gsSP2Triangles(7, 9, 10, 0, 11, 12, 13, 0),
	gsSP2Triangles(11, 13, 14, 0, 15, 16, 17, 0),
	gsSP2Triangles(15, 17, 18, 0, 19, 20, 21, 0),
	gsSP2Triangles(19, 21, 22, 0, 23, 24, 25, 0),
	gsSP2Triangles(23, 25, 15, 0, 26, 27, 28, 0),
	gsSP2Triangles(26, 28, 29, 0, 30, 31, 32, 0),
	gsSP2Triangles(30, 32, 33, 0, 34, 35, 36, 0),
	gsSP2Triangles(34, 36, 37, 0, 38, 39, 40, 0),
	gsSP2Triangles(38, 40, 41, 0, 42, 43, 44, 0),
	gsSP2Triangles(42, 44, 45, 0, 46, 47, 48, 0),
	gsSP2Triangles(46, 48, 49, 0, 50, 51, 52, 0),
	gsSP2Triangles(50, 52, 53, 0, 54, 55, 56, 0),
	gsSP2Triangles(54, 56, 46, 0, 57, 58, 59, 0),
	gsSP2Triangles(57, 59, 60, 0, 61, 62, 63, 0),
	gsSPVertex(totwc_dl_totwc_seg7_dl_07005D28_mesh_mesh_layer_5_vtx_1 + 192, 61, 0),
	gsSP2Triangles(0, 1, 2, 0, 3, 4, 5, 0),
	gsSP2Triangles(3, 5, 6, 0, 7, 8, 9, 0),
	gsSP2Triangles(7, 9, 10, 0, 11, 12, 13, 0),
	gsSP2Triangles(11, 13, 14, 0, 15, 16, 17, 0),
	gsSP2Triangles(15, 17, 18, 0, 19, 20, 21, 0),
	gsSP2Triangles(19, 21, 22, 0, 23, 24, 25, 0),
	gsSP2Triangles(23, 25, 15, 0, 26, 27, 28, 0),
	gsSP2Triangles(26, 28, 29, 0, 30, 31, 32, 0),
	gsSP2Triangles(30, 32, 33, 0, 34, 35, 36, 0),
	gsSP2Triangles(34, 36, 37, 0, 38, 39, 40, 0),
	gsSP2Triangles(38, 40, 41, 0, 42, 43, 44, 0),
	gsSP2Triangles(42, 44, 45, 0, 46, 47, 48, 0),
	gsSP2Triangles(46, 48, 49, 0, 50, 51, 52, 0),
	gsSP2Triangles(50, 52, 53, 0, 54, 55, 56, 0),
	gsSP2Triangles(54, 56, 46, 0, 57, 58, 59, 0),
	gsSP1Triangle(57, 59, 60, 0),
	gsSPEndDisplayList(),
};

Vtx totwc_dl_totwc_seg7_dl_07005D28_mesh_mesh_layer_5_vtx_2[156] = {
	{{{-869, -7314, 867}, 0, {781, 10401}, {0xF6, 0xA1, 0x5B, 0x7F}}},
	{{{-1117, -8245, 796}, 0, {1136, 12338}, {0xF6, 0xA1, 0x5B, 0x00}}},
	{{{-982, -8245, 980}, 0, {812, 12338}, {0xF6, 0xA1, 0x5B, 0x01}}},
	{{{-988, -7314, 705}, 0, {1112, 10401}, {0xF6, 0xA1, 0x5B, 0x7F}}},
	{{{-806, -6383, 805}, 0, {751, 8464}, {0xF6, 0xA1, 0x5B, 0xFF}}},
	{{{-917, -6383, 654}, 0, {1087, 8464}, {0xF6, 0xA1, 0x5B, 0xFF}}},
	{{{-177, -7314, 1202}, 0, {1161, 10401}, {0xF6, 0xA1, 0x5B, 0x7F}}},
	{{{-164, -6383, 1115}, 0, {1154, 8464}, {0xF6, 0xA1, 0x5B, 0xFF}}},
	{{{-431, -6383, 1048}, 0, {559, 8464}, {0xF6, 0xA1, 0x5B, 0xFF}}},
	{{{-465, -7314, 1130}, 0, {575, 10401}, {0xF6, 0xA1, 0x5B, 0x7F}}},
	{{{-660, -6383, 913}, 0, {50, 8464}, {0xF6, 0xA1, 0x5B, 0xFF}}},
	{{{-711, -7314, 984}, 0, {75, 10401}, {0xF6, 0xA1, 0x5B, 0x7F}}},
	{{{-525, -8245, 1277}, 0, {591, 12338}, {0xF6, 0xA1, 0x5B, 0x00}}},
	{{{-803, -8245, 1112}, 0, {100, 12338}, {0xF6, 0xA1, 0x5B, 0x00}}},
	{{{-200, -8245, 1358}, 0, {1167, 12338}, {0xF6, 0xA1, 0x5B, 0x01}}},
	{{{-1198, -7314, 194}, 0, {102, 10401}, {0xF6, 0xA1, 0x5B, 0x7F}}},
	{{{-1112, -6383, 180}, 0, {95, 8464}, {0xF6, 0xA1, 0x5B, 0xFF}}},
	{{{-1139, -6383, 0}, 0, {496, 8464}, {0xF6, 0xA1, 0x5B, 0xFF}}},
	{{{-1228, -7314, 0}, 0, {496, 10401}, {0xF6, 0xA1, 0x5B, 0x80}}},
	{{{-1112, -6383, -180}, 0, {897, 8464}, {0xF6, 0xA1, 0x5B, 0xFF}}},
	{{{-1198, -7314, -194}, 0, {890, 10401}, {0xF6, 0xA1, 0x5B, 0x81}}},
	{{{-1388, -8245, 0}, 0, {496, 12338}, {0xF6, 0xA1, 0x5B, 0x00}}},
	{{{-1354, -8245, -219}, 0, {883, 12338}, {0xF6, 0xA1, 0x5B, 0x00}}},
	{{{-1354, -8245, 219}, 0, {109, 12338}, {0xF6, 0xA1, 0x5B, 0x00}}},
	{{{-988, -7314, 705}, 0, {88, 10401}, {0xF6, 0xA1, 0x5B, 0x7F}}},
	{{{-917, -6383, 654}, 0, {63, 8464}, {0xF6, 0xA1, 0x5B, 0xFF}}},
	{{{-1048, -6383, 433}, 0, {555, 8464}, {0xF6, 0xA1, 0x5B, 0xFF}}},
	{{{-1130, -7314, 467}, 0, {571, 10401}, {0xF6, 0xA1, 0x5B, 0x7F}}},
	{{{-1198, -7314, 194}, 0, {1126, 10401}, {0xF6, 0xA1, 0x5B, 0x7F}}},
	{{{-1112, -6383, 180}, 0, {1119, 8464}, {0xF6, 0xA1, 0x5B, 0xFF}}},
	{{{-1354, -8245, 219}, 0, {1133, 12338}, {0xF6, 0xA1, 0x5B, 0x00}}},
	{{{-1277, -8245, 528}, 0, {588, 12338}, {0xF6, 0xA1, 0x5B, 0x00}}},
	{{{-1117, -8245, 796}, 0, {112, 12338}, {0xF6, 0xA1, 0x5B, 0x00}}},
	{{{1198, -7314, 194}, 0, {1126, 10401}, {0xF6, 0xA1, 0x5B, 0x7F}}},
	{{{1277, -8245, 528}, 0, {588, 12338}, {0xF6, 0xA1, 0x5B, 0x00}}},
	{{{1354, -8245, 219}, 0, {1133, 12338}, {0xF6, 0xA1, 0x5B, 0x00}}},
	{{{1130, -7314, 467}, 0, {571, 10401}, {0xF6, 0xA1, 0x5B, 0x7F}}},
	{{{1112, -6383, 180}, 0, {1119, 8464}, {0xF6, 0xA1, 0x5B, 0xFF}}},
	{{{1048, -6383, 433}, 0, {555, 8464}, {0xF6, 0xA1, 0x5B, 0xFF}}},
	{{{917, -6383, 654}, 0, {63, 8464}, {0xF6, 0xA1, 0x5B, 0xFF}}},
	{{{988, -7314, 705}, 0, {88, 10401}, {0xF6, 0xA1, 0x5B, 0x7F}}},
	{{{1117, -8245, 796}, 0, {112, 12338}, {0xF6, 0xA1, 0x5B, 0x00}}},
	{{{869, -7314, -867}, 0, {211, 10401}, {0xF6, 0xA1, 0x5B, 0x7F}}},
	{{{1117, -8245, -796}, 0, {-144, 12338}, {0xF6, 0xA1, 0x5B, 0x00}}},
	{{{982, -8245, -980}, 0, {180, 12338}, {0xF6, 0xA1, 0x5B, 0x00}}},
	{{{988, -7314, -705}, 0, {-120, 10401}, {0xF6, 0xA1, 0x5B, 0x7F}}},
	{{{806, -6383, -805}, 0, {241, 8464}, {0xF6, 0xA1, 0x5B, 0xFF}}},
	{{{917, -6383, -654}, 0, {-95, 8464}, {0xF6, 0xA1, 0x5B, 0xFF}}},
	{{{177, -7314, -1202}, 0, {-169, 10401}, {0xF6, 0xA1, 0x5B, 0x7F}}},
	{{{164, -6383, -1115}, 0, {-162, 8464}, {0xF6, 0xA1, 0x5B, 0xFF}}},
	{{{431, -6383, -1048}, 0, {433, 8464}, {0xF6, 0xA1, 0x5B, 0xFF}}},
	{{{465, -7314, -1130}, 0, {417, 10401}, {0xF6, 0xA1, 0x5B, 0x7F}}},
	{{{660, -6383, -913}, 0, {942, 8464}, {0xF6, 0xA1, 0x5B, 0xFF}}},
	{{{711, -7314, -984}, 0, {917, 10401}, {0xF6, 0xA1, 0x5B, 0x7F}}},
	{{{525, -8245, -1277}, 0, {401, 12338}, {0xF6, 0xA1, 0x5B, 0x00}}},
	{{{803, -8245, -1112}, 0, {892, 12338}, {0xF6, 0xA1, 0x5B, 0x00}}},
	{{{200, -8245, -1358}, 0, {-175, 12338}, {0xF6, 0xA1, 0x5B, 0x02}}},
	{{{711, -7314, -984}, 0, {-107, 10401}, {0xF6, 0xA1, 0x5B, 0x7F}}},
	{{{982, -8245, -980}, 0, {184, 12338}, {0xF6, 0xA1, 0x5B, 0x00}}},
	{{{803, -8245, -1112}, 0, {-132, 12338}, {0xF6, 0xA1, 0x5B, 0x00}}},
	{{{869, -7314, -867}, 0, {214, 10401}, {0xF6, 0xA1, 0x5B, 0x7F}}},
	{{{660, -6383, -913}, 0, {-82, 8464}, {0xF6, 0xA1, 0x5B, 0xFF}}},
	{{{806, -6383, -805}, 0, {245, 8464}, {0xF6, 0xA1, 0x5B, 0xFF}}},
	{{{988, -7314, -705}, 0, {904, 10401}, {0xF6, 0xA1, 0x5B, 0x7F}}},
	{{{917, -6383, -654}, 0, {929, 8464}, {0xF6, 0xA1, 0x5B, 0xFF}}},
	{{{1048, -6383, -433}, 0, {437, 8464}, {0xF6, 0xA1, 0x5B, 0xFF}}},
	{{{1130, -7314, -467}, 0, {421, 10401}, {0xF6, 0xA1, 0x5B, 0x7F}}},
	{{{1198, -7314, -194}, 0, {-134, 10401}, {0xF6, 0xA1, 0x5B, 0x7F}}},
	{{{1112, -6383, -180}, 0, {-127, 8464}, {0xF6, 0xA1, 0x5B, 0xFF}}},
	{{{1354, -8245, -219}, 0, {-141, 12338}, {0xF6, 0xA1, 0x5B, 0x00}}},
	{{{1277, -8245, -528}, 0, {404, 12338}, {0xF6, 0xA1, 0x5B, 0x00}}},
	{{{1117, -8245, -796}, 0, {880, 12338}, {0xF6, 0xA1, 0x5B, 0x00}}},
	{{{1198, -7314, -194}, 0, {890, 10401}, {0xF6, 0xA1, 0x5B, 0x7F}}},
	{{{1112, -6383, -180}, 0, {897, 8464}, {0xF6, 0xA1, 0x5B, 0xFF}}},
	{{{1139, -6383, 0}, 0, {496, 8464}, {0xF6, 0xA1, 0x5B, 0xFF}}},
	{{{1228, -7314, 0}, 0, {496, 10401}, {0xF6, 0xA1, 0x5B, 0x7F}}},
	{{{1198, -7314, 194}, 0, {102, 10401}, {0xF6, 0xA1, 0x5B, 0x7F}}},
	{{{1112, -6383, 180}, 0, {95, 8464}, {0xF6, 0xA1, 0x5B, 0xFF}}},
	{{{1354, -8245, 219}, 0, {109, 12338}, {0xF6, 0xA1, 0x5B, 0x00}}},
	{{{1388, -8245, 0}, 0, {496, 12338}, {0xF6, 0xA1, 0x5B, 0x00}}},
	{{{1354, -8245, -219}, 0, {883, 12338}, {0xF6, 0xA1, 0x5B, 0x00}}},
	{{{869, -7314, 867}, 0, {214, 10401}, {0xF6, 0xA1, 0x5B, 0x7F}}},
	{{{806, -6383, 805}, 0, {245, 8464}, {0xF6, 0xA1, 0x5B, 0xFF}}},
	{{{660, -6383, 913}, 0, {-82, 8464}, {0xF6, 0xA1, 0x5B, 0xFF}}},
	{{{711, -7314, 984}, 0, {-107, 10401}, {0xF6, 0xA1, 0x5B, 0x7F}}},
	{{{982, -8245, 980}, 0, {184, 12338}, {0xF6, 0xA1, 0x5B, 0x00}}},
	{{{803, -8245, 1112}, 0, {-132, 12338}, {0xF6, 0xA1, 0x5B, 0x00}}},
	{{{-711, -7314, -984}, 0, {75, 10401}, {0xF6, 0xA1, 0x5B, 0x7F}}},
	{{{-660, -6383, -913}, 0, {50, 8464}, {0xF6, 0xA1, 0x5B, 0xFF}}},
	{{{-431, -6383, -1048}, 0, {559, 8464}, {0xF6, 0xA1, 0x5B, 0xFF}}},
	{{{-465, -7314, -1130}, 0, {575, 10401}, {0xF6, 0xA1, 0x5B, 0x7F}}},
	{{{-177, -7314, -1202}, 0, {1161, 10401}, {0xF6, 0xA1, 0x5B, 0x7F}}},
	{{{-164, -6383, -1115}, 0, {1154, 8464}, {0xF6, 0xA1, 0x5B, 0xFF}}},
	{{{-200, -8245, -1358}, 0, {1167, 12338}, {0xF6, 0xA1, 0x5B, 0x00}}},
	{{{-525, -8245, -1277}, 0, {591, 12338}, {0xF6, 0xA1, 0x5B, 0x00}}},
	{{{-803, -8245, -1112}, 0, {100, 12338}, {0xF6, 0xA1, 0x5B, 0x00}}},
	{{{-869, -7314, -867}, 0, {778, 10401}, {0xF6, 0xA1, 0x5B, 0x7F}}},
	{{{-806, -6383, -805}, 0, {747, 8464}, {0xF6, 0xA1, 0x5B, 0xFF}}},
	{{{-660, -6383, -913}, 0, {1074, 8464}, {0xF6, 0xA1, 0x5B, 0xFF}}},
	{{{-711, -7314, -984}, 0, {1099, 10401}, {0xF6, 0xA1, 0x5B, 0x7F}}},
	{{{-982, -8245, -980}, 0, {808, 12338}, {0xF6, 0xA1, 0x5B, 0x00}}},
	{{{-803, -8245, -1112}, 0, {1124, 12338}, {0xF6, 0xA1, 0x5B, 0x00}}},
	{{{-177, -7314, -1202}, 0, {137, 10401}, {0xF6, 0xA1, 0x5B, 0x7F}}},
	{{{0, -8245, -1389}, 0, {496, 12338}, {0xF6, 0xA1, 0x5B, 0x02}}},
	{{{-200, -8245, -1358}, 0, {143, 12338}, {0xF6, 0xA1, 0x5B, 0x00}}},
	{{{0, -7314, -1229}, 0, {496, 10401}, {0xF6, 0xA1, 0x5B, 0x7F}}},
	{{{-164, -6383, -1115}, 0, {130, 8464}, {0xF6, 0xA1, 0x5B, 0xFF}}},
	{{{0, -6383, -1140}, 0, {496, 8464}, {0xF6, 0xA1, 0x5B, 0xFF}}},
	{{{164, -6383, -1115}, 0, {862, 8464}, {0xF6, 0xA1, 0x5B, 0xFF}}},
	{{{177, -7314, -1202}, 0, {855, 10401}, {0xF6, 0xA1, 0x5B, 0x7F}}},
	{{{200, -8245, -1358}, 0, {849, 12338}, {0xF6, 0xA1, 0x5B, 0x02}}},
	{{{-1198, -7314, -194}, 0, {-134, 10401}, {0xF6, 0xA1, 0x5B, 0x81}}},
	{{{-1277, -8245, -528}, 0, {404, 12338}, {0xF6, 0xA1, 0x5B, 0x00}}},
	{{{-1354, -8245, -219}, 0, {-141, 12338}, {0xF6, 0xA1, 0x5B, 0x00}}},
	{{{-1130, -7314, -467}, 0, {421, 10401}, {0xF6, 0xA1, 0x5B, 0x7F}}},
	{{{-1112, -6383, -180}, 0, {-127, 8464}, {0xF6, 0xA1, 0x5B, 0xFF}}},
	{{{-1048, -6383, -433}, 0, {437, 8464}, {0xF6, 0xA1, 0x5B, 0xFF}}},
	{{{-917, -6383, -654}, 0, {929, 8464}, {0xF6, 0xA1, 0x5B, 0xFF}}},
	{{{-988, -7314, -705}, 0, {904, 10401}, {0xF6, 0xA1, 0x5B, 0x7F}}},
	{{{-1117, -8245, -796}, 0, {880, 12338}, {0xF6, 0xA1, 0x5B, 0x00}}},
	{{{-988, -7314, -705}, 0, {-120, 10401}, {0xF6, 0xA1, 0x5B, 0x7F}}},
	{{{-982, -8245, -980}, 0, {180, 12338}, {0xF6, 0xA1, 0x5B, 0x00}}},
	{{{-1117, -8245, -796}, 0, {-144, 12338}, {0xF6, 0xA1, 0x5B, 0x00}}},
	{{{-869, -7314, -867}, 0, {211, 10401}, {0xF6, 0xA1, 0x5B, 0x7F}}},
	{{{-917, -6383, -654}, 0, {-95, 8464}, {0xF6, 0xA1, 0x5B, 0xFF}}},
	{{{-806, -6383, -805}, 0, {241, 8464}, {0xF6, 0xA1, 0x5B, 0xFF}}},
	{{{711, -7314, 984}, 0, {917, 10401}, {0xF6, 0xA1, 0x5B, 0x7F}}},
	{{{660, -6383, 913}, 0, {942, 8464}, {0xF6, 0xA1, 0x5B, 0xFF}}},
	{{{431, -6383, 1048}, 0, {433, 8464}, {0xF6, 0xA1, 0x5B, 0xFF}}},
	{{{465, -7314, 1130}, 0, {417, 10401}, {0xF6, 0xA1, 0x5B, 0x7F}}},
	{{{177, -7314, 1202}, 0, {-169, 10401}, {0xF6, 0xA1, 0x5B, 0x7F}}},
	{{{164, -6383, 1115}, 0, {-162, 8464}, {0xF6, 0xA1, 0x5B, 0xFF}}},
	{{{200, -8245, 1358}, 0, {-175, 12338}, {0xF6, 0xA1, 0x5B, 0x00}}},
	{{{525, -8245, 1277}, 0, {401, 12338}, {0xF6, 0xA1, 0x5B, 0x00}}},
	{{{803, -8245, 1112}, 0, {892, 12338}, {0xF6, 0xA1, 0x5B, 0x00}}},
	{{{177, -7314, 1202}, 0, {855, 10401}, {0xF6, 0xA1, 0x5B, 0x7F}}},
	{{{0, -8245, 1389}, 0, {496, 12338}, {0xF6, 0xA1, 0x5B, 0x03}}},
	{{{200, -8245, 1358}, 0, {849, 12338}, {0xF6, 0xA1, 0x5B, 0x00}}},
	{{{0, -7314, 1229}, 0, {496, 10401}, {0xF6, 0xA1, 0x5B, 0x7F}}},
	{{{164, -6383, 1115}, 0, {862, 8464}, {0xF6, 0xA1, 0x5B, 0xFF}}},
	{{{0, -6383, 1140}, 0, {496, 8464}, {0xF6, 0xA1, 0x5B, 0xFF}}},
	{{{-177, -7314, 1202}, 0, {137, 10401}, {0xF6, 0xA1, 0x5B, 0x7F}}},
	{{{-164, -6383, 1115}, 0, {130, 8464}, {0xF6, 0xA1, 0x5B, 0xFF}}},
	{{{-200, -8245, 1358}, 0, {143, 12338}, {0xF6, 0xA1, 0x5B, 0x01}}},
	{{{988, -7314, 705}, 0, {1112, 10401}, {0xF6, 0xA1, 0x5B, 0x7F}}},
	{{{982, -8245, 980}, 0, {812, 12338}, {0xF6, 0xA1, 0x5B, 0x00}}},
	{{{1117, -8245, 796}, 0, {1136, 12338}, {0xF6, 0xA1, 0x5B, 0x00}}},
	{{{869, -7314, 867}, 0, {781, 10401}, {0xF6, 0xA1, 0x5B, 0x7F}}},
	{{{917, -6383, 654}, 0, {1087, 8464}, {0xF6, 0xA1, 0x5B, 0xFF}}},
	{{{806, -6383, 805}, 0, {751, 8464}, {0xF6, 0xA1, 0x5B, 0xFF}}},
	{{{-711, -7314, 984}, 0, {1099, 10401}, {0xF6, 0xA1, 0x5B, 0x7F}}},
	{{{-982, -8245, 980}, 0, {808, 12338}, {0xF6, 0xA1, 0x5B, 0x01}}},
	{{{-803, -8245, 1112}, 0, {1124, 12338}, {0xF6, 0xA1, 0x5B, 0x00}}},
	{{{-869, -7314, 867}, 0, {778, 10401}, {0xF6, 0xA1, 0x5B, 0x7F}}},
	{{{-660, -6383, 913}, 0, {1074, 8464}, {0xF6, 0xA1, 0x5B, 0xFF}}},
	{{{-806, -6383, 805}, 0, {747, 8464}, {0xF6, 0xA1, 0x5B, 0xFF}}},
};

Gfx totwc_dl_totwc_seg7_dl_07005D28_mesh_mesh_layer_5_tri_2[] = {
	gsSPVertex(totwc_dl_totwc_seg7_dl_07005D28_mesh_mesh_layer_5_vtx_2 + 0, 63, 0),
	gsSP2Triangles(0, 1, 2, 0, 0, 3, 1, 0),
	gsSP2Triangles(4, 3, 0, 0, 4, 5, 3, 0),
	gsSP2Triangles(6, 7, 8, 0, 6, 8, 9, 0),
	gsSP2Triangles(9, 8, 10, 0, 9, 10, 11, 0),
	gsSP2Triangles(12, 9, 11, 0, 12, 11, 13, 0),
	gsSP2Triangles(14, 9, 12, 0, 14, 6, 9, 0),
	gsSP2Triangles(15, 16, 17, 0, 15, 17, 18, 0),
	gsSP2Triangles(18, 17, 19, 0, 18, 19, 20, 0),
	gsSP2Triangles(21, 18, 20, 0, 21, 20, 22, 0),
	gsSP2Triangles(23, 18, 21, 0, 23, 15, 18, 0),
	gsSP2Triangles(24, 25, 26, 0, 24, 26, 27, 0),
	gsSP2Triangles(26, 28, 27, 0, 26, 29, 28, 0),
	gsSP2Triangles(27, 28, 30, 0, 27, 30, 31, 0),
	gsSP2Triangles(32, 27, 31, 0, 32, 24, 27, 0),
	gsSP2Triangles(33, 34, 35, 0, 33, 36, 34, 0),
	gsSP2Triangles(37, 36, 33, 0, 37, 38, 36, 0),
	gsSP2Triangles(36, 38, 39, 0, 36, 39, 40, 0),
	gsSP2Triangles(34, 36, 40, 0, 34, 40, 41, 0),
	gsSP2Triangles(42, 43, 44, 0, 42, 45, 43, 0),
	gsSP2Triangles(46, 45, 42, 0, 46, 47, 45, 0),
	gsSP2Triangles(48, 49, 50, 0, 48, 50, 51, 0),
	gsSP2Triangles(51, 50, 52, 0, 51, 52, 53, 0),
	gsSP2Triangles(54, 51, 53, 0, 54, 53, 55, 0),
	gsSP2Triangles(56, 51, 54, 0, 56, 48, 51, 0),
	gsSP2Triangles(57, 58, 59, 0, 57, 60, 58, 0),
	gsSP2Triangles(61, 60, 57, 0, 61, 62, 60, 0),
	gsSPVertex(totwc_dl_totwc_seg7_dl_07005D28_mesh_mesh_layer_5_vtx_2 + 63, 63, 0),
	gsSP2Triangles(0, 1, 2, 0, 0, 2, 3, 0),
	gsSP2Triangles(2, 4, 3, 0, 2, 5, 4, 0),
	gsSP2Triangles(3, 4, 6, 0, 3, 6, 7, 0),
	gsSP2Triangles(8, 3, 7, 0, 8, 0, 3, 0),
	gsSP2Triangles(9, 10, 11, 0, 9, 11, 12, 0),
	gsSP2Triangles(11, 13, 12, 0, 11, 14, 13, 0),
	gsSP2Triangles(12, 13, 15, 0, 12, 15, 16, 0),
	gsSP2Triangles(17, 12, 16, 0, 17, 9, 12, 0),
	gsSP2Triangles(18, 19, 20, 0, 18, 20, 21, 0),
	gsSP2Triangles(22, 18, 21, 0, 22, 21, 23, 0),
	gsSP2Triangles(24, 25, 26, 0, 24, 26, 27, 0),
	gsSP2Triangles(26, 28, 27, 0, 26, 29, 28, 0),
	gsSP2Triangles(27, 28, 30, 0, 27, 30, 31, 0),
	gsSP2Triangles(32, 27, 31, 0, 32, 24, 27, 0),
	gsSP2Triangles(33, 34, 35, 0, 33, 35, 36, 0),
	gsSP2Triangles(37, 33, 36, 0, 37, 36, 38, 0),
	gsSP2Triangles(39, 40, 41, 0, 39, 42, 40, 0),
	gsSP2Triangles(43, 42, 39, 0, 43, 44, 42, 0),
	gsSP2Triangles(42, 44, 45, 0, 42, 45, 46, 0),
	gsSP2Triangles(40, 42, 46, 0, 40, 46, 47, 0),
	gsSP2Triangles(48, 49, 50, 0, 48, 51, 49, 0),
	gsSP2Triangles(52, 51, 48, 0, 52, 53, 51, 0),
	gsSP2Triangles(51, 53, 54, 0, 51, 54, 55, 0),
	gsSP2Triangles(49, 51, 55, 0, 49, 55, 56, 0),
	gsSP2Triangles(57, 58, 59, 0, 57, 60, 58, 0),
	gsSP2Triangles(61, 60, 57, 0, 61, 62, 60, 0),
	gsSPVertex(totwc_dl_totwc_seg7_dl_07005D28_mesh_mesh_layer_5_vtx_2 + 126, 30, 0),
	gsSP2Triangles(0, 1, 2, 0, 0, 2, 3, 0),
	gsSP2Triangles(2, 4, 3, 0, 2, 5, 4, 0),
	gsSP2Triangles(3, 4, 6, 0, 3, 6, 7, 0),
	gsSP2Triangles(8, 3, 7, 0, 8, 0, 3, 0),
	gsSP2Triangles(9, 10, 11, 0, 9, 12, 10, 0),
	gsSP2Triangles(13, 12, 9, 0, 13, 14, 12, 0),
	gsSP2Triangles(14, 15, 12, 0, 14, 16, 15, 0),
	gsSP2Triangles(12, 15, 17, 0, 12, 17, 10, 0),
	gsSP2Triangles(18, 19, 20, 0, 18, 21, 19, 0),
	gsSP2Triangles(22, 21, 18, 0, 22, 23, 21, 0),
	gsSP2Triangles(24, 25, 26, 0, 24, 27, 25, 0),
	gsSP2Triangles(28, 27, 24, 0, 28, 29, 27, 0),
	gsSPEndDisplayList(),
};

Gfx mat_totwc_dl_f3dlite_material_001[] = {
	gsSPClearGeometryMode(G_LIGHTING),
	gsDPPipeSync(),
	gsDPSetCombineLERP(TEXEL0, 0, SHADE, 0, 0, 0, 0, SHADE, TEXEL0, 0, SHADE, 0, 0, 0, 0, SHADE),
	gsDPSetAlphaDither(G_AD_NOISE),
	gsSPTexture(65535, 65535, 0, 0, 1),
	gsDPSetTextureImage(G_IM_FMT_I, G_IM_SIZ_8b_LOAD_BLOCK, 1, totwc_dl_TOTWC_tower_brick_i8),
	gsDPSetTile(G_IM_FMT_I, G_IM_SIZ_8b_LOAD_BLOCK, 0, 0, 7, 0, G_TX_WRAP | G_TX_NOMIRROR, 0, 0, G_TX_WRAP | G_TX_NOMIRROR, 0, 0),
	gsDPLoadBlock(7, 0, 0, 511, 512),
	gsDPSetTile(G_IM_FMT_I, G_IM_SIZ_8b, 4, 0, 0, 0, G_TX_WRAP | G_TX_NOMIRROR, 5, 0, G_TX_WRAP | G_TX_NOMIRROR, 5, 0),
	gsDPSetTileSize(0, 0, 0, 124, 124),
	gsSPEndDisplayList(),
};

Gfx mat_revert_totwc_dl_f3dlite_material_001[] = {
	gsSPSetGeometryMode(G_LIGHTING),
	gsDPPipeSync(),
	gsDPSetAlphaDither(G_AD_DISABLE),
	gsSPEndDisplayList(),
};

Gfx mat_totwc_dl_f3dlite_material_002[] = {
	gsSPClearGeometryMode(G_LIGHTING),
	gsDPPipeSync(),
	gsDPSetCombineLERP(TEXEL0, 0, SHADE, 0, 0, 0, 0, SHADE, TEXEL0, 0, SHADE, 0, 0, 0, 0, SHADE),
	gsDPSetAlphaDither(G_AD_NOISE),
	gsSPTexture(65535, 65535, 0, 0, 1),
	gsDPSetTextureImage(G_IM_FMT_I, G_IM_SIZ_8b_LOAD_BLOCK, 1, totwc_dl_TOTWC_roof_rgba16_i8),
	gsDPSetTile(G_IM_FMT_I, G_IM_SIZ_8b_LOAD_BLOCK, 0, 0, 7, 0, G_TX_WRAP | G_TX_NOMIRROR, 0, 0, G_TX_WRAP | G_TX_NOMIRROR, 0, 0),
	gsDPLoadBlock(7, 0, 0, 511, 512),
	gsDPSetTile(G_IM_FMT_I, G_IM_SIZ_8b, 4, 0, 0, 0, G_TX_WRAP | G_TX_NOMIRROR, 5, 0, G_TX_WRAP | G_TX_NOMIRROR, 5, 0),
	gsDPSetTileSize(0, 0, 0, 124, 124),
	gsSPEndDisplayList(),
};

Gfx mat_revert_totwc_dl_f3dlite_material_002[] = {
	gsSPSetGeometryMode(G_LIGHTING),
	gsDPPipeSync(),
	gsDPSetAlphaDither(G_AD_DISABLE),
	gsSPEndDisplayList(),
};

Gfx mat_totwc_dl_f3dlite_material_003[] = {
	gsSPClearGeometryMode(G_LIGHTING),
	gsDPPipeSync(),
	gsDPSetCombineLERP(TEXEL0, 0, SHADE, 0, 0, 0, 0, SHADE, TEXEL0, 0, SHADE, 0, 0, 0, 0, SHADE),
	gsDPSetAlphaDither(G_AD_NOISE),
	gsDPSetTextureLUT(G_TT_RGBA16),
	gsSPTexture(65535, 65535, 0, 0, 1),
	gsDPSetTextureImage(G_IM_FMT_RGBA, G_IM_SIZ_16b, 1, totwc_dl_RR_brick_wall_pal_rgba16),
	gsDPSetTile(0, 0, 0, 256, 5, 0, G_TX_WRAP | G_TX_NOMIRROR, 0, 0, G_TX_WRAP | G_TX_NOMIRROR, 0, 0),
	gsDPLoadTLUTCmd(5, 111),
	gsDPSetTextureImage(G_IM_FMT_CI, G_IM_SIZ_8b_LOAD_BLOCK, 1, totwc_dl_RR_brick_wall_ci8),
	gsDPSetTile(G_IM_FMT_CI, G_IM_SIZ_8b_LOAD_BLOCK, 0, 0, 7, 0, G_TX_WRAP | G_TX_NOMIRROR, 0, 0, G_TX_WRAP | G_TX_NOMIRROR, 0, 0),
	gsDPLoadBlock(7, 0, 0, 511, 512),
	gsDPSetTile(G_IM_FMT_CI, G_IM_SIZ_8b, 4, 0, 0, 0, G_TX_WRAP | G_TX_NOMIRROR, 5, 0, G_TX_WRAP | G_TX_NOMIRROR, 5, 0),
	gsDPSetTileSize(0, 0, 0, 124, 124),
	gsSPEndDisplayList(),
};

Gfx mat_revert_totwc_dl_f3dlite_material_003[] = {
	gsSPSetGeometryMode(G_LIGHTING),
	gsDPPipeSync(),
	gsDPSetAlphaDither(G_AD_DISABLE),
	gsDPSetTextureLUT(G_TT_NONE),
	gsSPEndDisplayList(),
};

Gfx mat_totwc_dl_f3dlite_material_004[] = {
	gsSPClearGeometryMode(G_LIGHTING),
	gsDPPipeSync(),
	gsDPSetCombineLERP(TEXEL0, 0, SHADE, 0, 0, 0, 0, SHADE, TEXEL0, 0, SHADE, 0, 0, 0, 0, SHADE),
	gsDPSetAlphaDither(G_AD_NOISE),
	gsDPSetTextureLUT(G_TT_RGBA16),
	gsSPTexture(65535, 65535, 0, 0, 1),
	gsDPSetTextureImage(G_IM_FMT_RGBA, G_IM_SIZ_16b, 1, totwc_dl__0_rgba16_pal_rgba16),
	gsDPSetTile(0, 0, 0, 256, 5, 0, G_TX_WRAP | G_TX_NOMIRROR, 0, 0, G_TX_WRAP | G_TX_NOMIRROR, 0, 0),
	gsDPLoadTLUTCmd(5, 105),
	gsDPSetTextureImage(G_IM_FMT_CI, G_IM_SIZ_8b_LOAD_BLOCK, 1, totwc_dl__0_rgba16_ci8),
	gsDPSetTile(G_IM_FMT_CI, G_IM_SIZ_8b_LOAD_BLOCK, 0, 0, 7, 0, G_TX_WRAP | G_TX_NOMIRROR, 0, 0, G_TX_WRAP | G_TX_NOMIRROR, 0, 0),
	gsDPLoadBlock(7, 0, 0, 1023, 512),
	gsDPSetTile(G_IM_FMT_CI, G_IM_SIZ_8b, 4, 0, 0, 0, G_TX_WRAP | G_TX_NOMIRROR, 6, 0, G_TX_WRAP | G_TX_NOMIRROR, 5, 0),
	gsDPSetTileSize(0, 0, 0, 124, 252),
	gsSPEndDisplayList(),
};

Gfx mat_revert_totwc_dl_f3dlite_material_004[] = {
	gsSPSetGeometryMode(G_LIGHTING),
	gsDPPipeSync(),
	gsDPSetAlphaDither(G_AD_DISABLE),
	gsDPSetTextureLUT(G_TT_NONE),
	gsSPEndDisplayList(),
};

Gfx mat_totwc_dl_f3dlite_material_005[] = {
	gsSPClearGeometryMode(G_LIGHTING | G_CULL_BACK),
	gsDPPipeSync(),
	gsDPSetCombineLERP(TEXEL0, 0, SHADE, 0, TEXEL0, 0, ENVIRONMENT, 0, TEXEL0, 0, SHADE, 0, TEXEL0, 0, ENVIRONMENT, 0),
	gsDPSetAlphaDither(G_AD_NOISE),
	gsDPSetTextureLUT(G_TT_RGBA16),
	gsSPTexture(65535, 65535, 0, 0, 1),
	gsDPSetEnvColor(255, 255, 255, 150),
	gsDPSetTextureImage(G_IM_FMT_RGBA, G_IM_SIZ_16b, 1, totwc_dl_RR_rainbow_pal_rgba16),
	gsDPSetTile(0, 0, 0, 256, 5, 0, G_TX_WRAP | G_TX_NOMIRROR, 0, 0, G_TX_WRAP | G_TX_NOMIRROR, 0, 0),
	gsDPLoadTLUTCmd(5, 25),
	gsDPSetTextureImage(G_IM_FMT_CI, G_IM_SIZ_8b_LOAD_BLOCK, 1, totwc_dl_RR_rainbow_ci8),
	gsDPSetTile(G_IM_FMT_CI, G_IM_SIZ_8b_LOAD_BLOCK, 0, 0, 7, 0, G_TX_WRAP | G_TX_NOMIRROR, 0, 0, G_TX_WRAP | G_TX_NOMIRROR, 0, 0),
	gsDPLoadBlock(7, 0, 0, 511, 512),
	gsDPSetTile(G_IM_FMT_CI, G_IM_SIZ_8b, 4, 0, 0, 0, G_TX_WRAP | G_TX_NOMIRROR, 5, 0, G_TX_CLAMP | G_TX_NOMIRROR, 5, 0),
	gsDPSetTileSize(0, 0, 0, 124, 124),
	gsSPEndDisplayList(),
};

Gfx mat_revert_totwc_dl_f3dlite_material_005[] = {
	gsSPSetGeometryMode(G_LIGHTING | G_CULL_BACK),
	gsDPPipeSync(),
	gsDPSetAlphaDither(G_AD_DISABLE),
	gsDPSetTextureLUT(G_TT_NONE),
	gsSPEndDisplayList(),
};

Gfx mat_totwc_dl_f3dlite_material_006[] = {
	gsSPClearGeometryMode(G_LIGHTING),
	gsDPPipeSync(),
	gsDPSetCombineLERP(TEXEL0, 0, SHADE, 0, 0, 0, 0, SHADE, TEXEL0, 0, SHADE, 0, 0, 0, 0, SHADE),
	gsDPSetAlphaDither(G_AD_NOISE),
	gsSPTexture(65535, 65535, 0, 0, 1),
	gsDPSetTextureImage(G_IM_FMT_RGBA, G_IM_SIZ_16b_LOAD_BLOCK, 1, totwc_dl_TOTWC_tower_brick_rgba16),
	gsDPSetTile(G_IM_FMT_RGBA, G_IM_SIZ_16b_LOAD_BLOCK, 0, 0, 7, 0, G_TX_WRAP | G_TX_NOMIRROR, 0, 0, G_TX_WRAP | G_TX_NOMIRROR, 0, 0),
	gsDPLoadBlock(7, 0, 0, 1023, 256),
	gsDPSetTile(G_IM_FMT_RGBA, G_IM_SIZ_16b, 8, 0, 0, 0, G_TX_WRAP | G_TX_NOMIRROR, 5, 0, G_TX_WRAP | G_TX_NOMIRROR, 5, 0),
	gsDPSetTileSize(0, 0, 0, 124, 124),
	gsSPEndDisplayList(),
};

Gfx mat_revert_totwc_dl_f3dlite_material_006[] = {
	gsSPSetGeometryMode(G_LIGHTING),
	gsDPPipeSync(),
	gsDPSetAlphaDither(G_AD_DISABLE),
	gsSPEndDisplayList(),
};

Gfx mat_totwc_dl_f3dlite_material_007[] = {
	gsSPClearGeometryMode(G_LIGHTING),
	gsDPPipeSync(),
	gsDPSetCombineLERP(TEXEL0, 0, SHADE, 0, 0, 0, 0, SHADE, TEXEL0, 0, SHADE, 0, 0, 0, 0, SHADE),
	gsDPSetAlphaDither(G_AD_NOISE),
	gsSPTexture(65535, 65535, 0, 0, 1),
	gsDPSetTextureImage(G_IM_FMT_RGBA, G_IM_SIZ_16b_LOAD_BLOCK, 1, totwc_dl_RR_brick_wall_rgba16),
	gsDPSetTile(G_IM_FMT_RGBA, G_IM_SIZ_16b_LOAD_BLOCK, 0, 0, 7, 0, G_TX_WRAP | G_TX_NOMIRROR, 0, 0, G_TX_WRAP | G_TX_NOMIRROR, 0, 0),
	gsDPLoadBlock(7, 0, 0, 1023, 256),
	gsDPSetTile(G_IM_FMT_RGBA, G_IM_SIZ_16b, 8, 0, 0, 0, G_TX_WRAP | G_TX_NOMIRROR, 5, 0, G_TX_WRAP | G_TX_NOMIRROR, 5, 0),
	gsDPSetTileSize(0, 0, 0, 124, 124),
	gsSPEndDisplayList(),
};

Gfx mat_revert_totwc_dl_f3dlite_material_007[] = {
	gsSPSetGeometryMode(G_LIGHTING),
	gsDPPipeSync(),
	gsDPSetAlphaDither(G_AD_DISABLE),
	gsSPEndDisplayList(),
};

Gfx totwc_dl_totwc_seg7_dl_07005D28_mesh_mesh_layer_1[] = {
	gsSPClearGeometryMode(G_LIGHTING),
	gsSPVertex(totwc_dl_totwc_seg7_dl_07005D28_mesh_mesh_layer_1_vtx_cull + 0, 8, 0),
	gsSPSetGeometryMode(G_LIGHTING),
	gsSPCullDisplayList(0, 7),
	gsSPDisplayList(mat_totwc_dl_f3dlite_material_001),
	gsSPDisplayList(totwc_dl_totwc_seg7_dl_07005D28_mesh_mesh_layer_1_tri_0),
	gsSPDisplayList(mat_revert_totwc_dl_f3dlite_material_001),
	gsSPDisplayList(mat_totwc_dl_f3dlite_material_002),
	gsSPDisplayList(totwc_dl_totwc_seg7_dl_07005D28_mesh_mesh_layer_1_tri_1),
	gsSPDisplayList(mat_revert_totwc_dl_f3dlite_material_002),
	gsSPDisplayList(mat_totwc_dl_f3dlite_material_003),
	gsSPDisplayList(totwc_dl_totwc_seg7_dl_07005D28_mesh_mesh_layer_1_tri_2),
	gsSPDisplayList(mat_revert_totwc_dl_f3dlite_material_003),
	gsSPDisplayList(mat_totwc_dl_f3dlite_material_004),
	gsSPDisplayList(totwc_dl_totwc_seg7_dl_07005D28_mesh_mesh_layer_1_tri_3),
	gsSPDisplayList(mat_revert_totwc_dl_f3dlite_material_004),
	gsDPPipeSync(),
	gsSPSetGeometryMode(G_LIGHTING),
	gsSPClearGeometryMode(G_TEXTURE_GEN),
	gsDPSetCombineLERP(0, 0, 0, SHADE, 0, 0, 0, ENVIRONMENT, 0, 0, 0, SHADE, 0, 0, 0, ENVIRONMENT),
	gsSPTexture(65535, 65535, 0, 0, 0),
	gsDPSetEnvColor(255, 255, 255, 255),
	gsDPSetAlphaCompare(G_AC_NONE),
	gsSPEndDisplayList(),
};

Gfx totwc_dl_totwc_seg7_dl_07005D28_mesh_mesh_layer_5[] = {
	gsSPClearGeometryMode(G_LIGHTING),
	gsSPVertex(totwc_dl_totwc_seg7_dl_07005D28_mesh_mesh_layer_5_vtx_cull + 0, 8, 0),
	gsSPSetGeometryMode(G_LIGHTING),
	gsSPCullDisplayList(0, 7),
	gsSPDisplayList(mat_totwc_dl_f3dlite_material_005),
	gsSPDisplayList(totwc_dl_totwc_seg7_dl_07005D28_mesh_mesh_layer_5_tri_0),
	gsSPDisplayList(mat_revert_totwc_dl_f3dlite_material_005),
	gsSPDisplayList(mat_totwc_dl_f3dlite_material_006),
	gsSPDisplayList(totwc_dl_totwc_seg7_dl_07005D28_mesh_mesh_layer_5_tri_1),
	gsSPDisplayList(mat_revert_totwc_dl_f3dlite_material_006),
	gsSPDisplayList(mat_totwc_dl_f3dlite_material_007),
	gsSPDisplayList(totwc_dl_totwc_seg7_dl_07005D28_mesh_mesh_layer_5_tri_2),
	gsSPDisplayList(mat_revert_totwc_dl_f3dlite_material_007),
	gsDPPipeSync(),
	gsSPSetGeometryMode(G_LIGHTING),
	gsSPClearGeometryMode(G_TEXTURE_GEN),
	gsDPSetCombineLERP(0, 0, 0, SHADE, 0, 0, 0, ENVIRONMENT, 0, 0, 0, SHADE, 0, 0, 0, ENVIRONMENT),
	gsSPTexture(65535, 65535, 0, 0, 0),
	gsDPSetEnvColor(255, 255, 255, 255),
	gsDPSetAlphaCompare(G_AC_NONE),
	gsSPEndDisplayList(),
};

